Radar_Type,Azimuth,Elevation,Range,Speed,RCS,Power,Noise,Threat_Type,Attack_Severity
Front,0.030995,0.014979,81.531,32.971,544.287,150.845,116.306,Normal,None
Back,0.173579,0.008272,110.312,-5.519,862.259,154.973,104.825,Normal,None
Front,0.083038,-0.085935,163.123,18.598,440.151,145.986,108.96,Normal,None
Back,0.06682,0.044507,198.587,8.105,637.972,113.491,119.12,Normal,None
Back,0.101215,0.058474,123.387,18.136,325.126,122.894,113.521,Normal,None
Front,0.233271,0.00368,141.687,7.37,546.791,135.183,108.566,Normal,None
Back,-0.119187,-0.066903,140.012,20.906,905.216,156.438,116.716,Normal,None
Back,0.055266,-0.013215,122.077,15.906,195.812,148.891,115.451,Normal,None
Front,0.150805,0.002453,21.331,23.614,799.02,110.445,106.616,Normal,None
Front,-0.125294,0.058845,158.891,8.652,2.488,148.557,101.199,Normal,None
Front,-0.028239,0.087876,155.86,26.553,820.138,127.049,108.184,Normal,None
Front,-0.073282,0.036453,91.173,-6.258,786.697,111.137,102.402,Normal,None
Front,0.169221,-0.019106,156.113,22.49,125.112,115.858,107.822,Normal,None
Back,-0.291355,-0.000155,168.518,17.103,127.68,108.145,101.847,Normal,None
Front,-0.079368,0.042891,79.761,-4.085,61.251,143.041,115.507,Normal,None
Front,-0.13146,0.082985,178.653,-8.836,203.682,125.621,114.085,Normal,None
Back,0.277353,-0.033351,134.993,38.226,487.818,115.092,107.447,Normal,None
Front,0.053683,-0.083814,90.057,14.693,704.98,139.194,111.352,Normal,None
Front,-0.152205,-0.005482,196.962,10.956,303.558,121.665,103.658,Normal,None
Front,-0.161994,0.041521,185.461,6.64,701.36,123.171,113.186,Normal,None
Front,0.248433,0.067861,136.975,35.821,101.223,105.901,110.743,Normal,None
Front,0.253248,-0.0017,146.575,10.339,63.337,117.261,113.263,Normal,None
Front,-0.195388,0.059048,72.149,15.65,267.247,138.081,114.57,Normal,None
Front,-0.257386,-0.082626,156.579,20.806,713.982,139.256,112.873,Normal,None
Front,-0.293174,0.038099,23.278,9.185,960.796,148.507,108.417,Normal,None
Back,-0.280378,0.043767,68.181,7.54,940.708,124.815,106.763,Normal,None
Front,0.066863,0.008467,56.153,2.427,596.02,109.518,100.448,Normal,None
Front,0.086642,0.044572,32.106,25.785,556.487,148.882,112.023,Normal,None
Front,-0.216835,-0.008985,114.493,32.869,582.518,118.832,118.858,Normal,None
Back,-0.02956,0.064523,85.1,35.363,319.026,132.09,114.077,Normal,None
Back,0.273316,-0.051157,57.02,-0.682,233.42,110.108,112.288,Normal,None
Back,0.167458,-0.00967,189.419,17.935,978.377,109.784,103.912,Normal,None
Back,-0.227751,0.057111,154.781,3.398,266.925,113.867,100.823,Normal,None
Front,0.058132,0.036421,198.904,28.154,434.61,123.744,112.91,Normal,None
Back,-0.010825,0.053957,44.15,24.21,512.223,100.258,104.472,Normal,None
Back,0.25399,-0.040741,147.534,30.358,619.853,107.39,112.832,Normal,None
Front,0.122099,-0.059353,40.706,15.142,821.543,134.119,102.542,Normal,None
Front,0.0352,-0.082685,22.775,11.05,798.349,135.493,109.5,Normal,None
Front,0.256502,0.09531,93.323,30.08,551.37,145.39,108.392,Normal,None
Front,0.068358,-0.048854,64.86,25.943,933.182,142.388,100.41,Normal,None
Front,-0.043348,0.020657,67.72,-6.114,557.637,134.135,110.605,Normal,None
Back,0.245168,-0.067354,37.043,3.647,64.743,112.218,115.065,Normal,None
Back,-0.185455,0.059955,183.109,1.25,984.854,139.434,108.762,Normal,None
Back,0.266294,0.080676,190.939,5.853,632.067,155.357,119.144,Normal,None
Front,0.200439,-0.032796,176.237,20.59,174.206,157.01,103.713,Normal,None
Back,0.087983,-0.092522,108.077,29.756,958.454,139.05,116.788,Normal,None
Back,-0.025447,0.017754,198.177,13.051,546.712,134.942,113.198,Normal,None
Back,-0.040239,-0.075928,165.965,39.115,333.423,124.41,103.129,Normal,None
Front,-0.210684,0.067418,194.803,32.578,89.773,155.162,103.439,Normal,None
Back,0.103216,0.094967,139.823,36.01,510.23,115.156,115.917,Normal,None
Back,-0.059726,-0.003126,83.101,26.493,100.668,137.56,100.033,Normal,None
Front,0.218522,-0.093401,190.054,-8.425,65.412,121.503,113.097,Normal,None
Back,-0.233784,0.046567,140.923,-9.003,985.297,122.096,102.272,Normal,None
Front,-0.18819,0.092505,56.755,15.584,263.329,133.256,117.23,Normal,None
Front,0.02632,0.048322,21.2,15.171,939.192,134.435,113.649,Normal,None
Front,0.287249,0.033303,127.368,7.961,656.421,154.521,100.72,Normal,None
Front,0.08824,0.092357,51.942,17.328,155.069,157.085,115.894,Normal,None
Back,0.177572,0.060318,54.273,16.562,612.172,125.094,119.455,Normal,None
Front,0.273475,-0.067061,130.091,-1.787,548.249,138.988,114.744,Normal,None
Back,0.004199,0.031078,25.696,38.107,978.607,106.479,105.653,Normal,None
Back,0.092441,-0.014556,192.727,23.872,383.404,109.116,106.68,Normal,None
Front,0.012923,0.019454,146.17,27.11,469.957,102.656,109.817,Normal,None
Back,-0.213376,-0.056228,92.484,30.155,162.244,100.498,116.348,Normal,None
Back,0.299438,0.040108,27.705,34.223,849.477,115.854,118.032,Normal,None
Back,0.063132,0.03082,121.565,5.52,450.063,144.702,110.082,Normal,None
Back,0.240942,0.080984,106.671,18.338,236.122,156.862,109.984,Normal,None
Front,-0.028336,-0.02639,161.231,25.12,493.9,131.867,117.895,Normal,None
Back,-0.174122,0.04681,40.448,1.396,86.388,142.055,117.879,Normal,None
Front,-0.235982,0.010415,39.15,15.425,755.321,136.034,119.118,Normal,None
Front,-0.263783,-0.009422,82.877,22.638,106.647,143.0,109.461,Normal,None
Front,-0.123843,-0.07917,33.933,6.639,849.222,126.248,106.563,Normal,None
Front,0.208089,0.049777,22.74,21.186,254.75,116.916,112.713,Normal,None
Front,0.257209,0.085317,163.551,-3.207,318.211,138.616,102.613,Normal,None
Back,-0.108339,0.090849,160.62,19.359,552.591,150.407,106.961,Normal,None
Front,-0.051414,-0.023371,191.012,-3.019,655.562,151.599,104.73,Normal,None
Front,0.12754,-0.042702,56.41,9.198,232.077,148.797,107.272,Normal,None
Front,-0.183012,0.004308,193.363,25.353,235.931,115.369,112.548,Normal,None
Back,-0.256733,0.097647,143.549,11.608,412.414,128.859,113.589,Normal,None
Front,-0.248362,-0.000494,117.814,12.19,959.847,117.065,112.436,Normal,None
Back,-0.158799,-0.081346,196.14,7.036,163.628,126.092,109.823,Normal,None
Front,0.131552,0.079014,195.342,29.2,858.304,101.655,115.562,Normal,None
Back,-0.237219,0.013156,117.085,35.169,559.972,118.931,100.219,Normal,None
Front,-0.148878,0.054749,34.336,9.169,255.643,146.851,114.866,Normal,None
Front,-0.038412,-0.031962,113.454,5.321,394.48,126.819,118.45,Normal,None
Front,-0.10243,-0.050698,111.962,31.073,550.692,159.69,114.562,Normal,None
Back,-0.068566,0.017863,96.891,-9.543,657.461,127.93,103.678,Normal,None
Front,0.225671,-0.072789,70.733,11.471,774.293,153.798,117.03,Normal,None
Back,-0.240202,0.096612,108.097,27.693,749.642,143.844,111.062,Normal,None
Front,0.099005,-0.044723,137.298,9.097,350.734,102.878,102.353,Normal,None
Back,0.105884,-0.017226,56.405,18.879,439.879,158.058,117.765,Normal,None
Front,0.238524,0.070054,37.381,36.122,559.995,154.182,101.695,Normal,None
Front,0.081093,0.03968,99.152,10.753,133.353,140.388,108.845,Normal,None
Front,0.04887,0.066395,88.016,28.936,962.273,139.142,101.726,Normal,None
Front,-0.029101,0.0708,58.129,18.799,281.872,107.545,107.409,Normal,None
Back,0.139003,-0.084684,42.367,29.176,384.933,135.962,118.643,Normal,None
Front,-0.026341,0.01444,146.477,33.219,961.623,150.68,102.463,Normal,None
Back,0.290536,0.019116,77.546,8.77,863.455,109.603,115.341,Normal,None
Back,-0.03381,0.052812,116.088,-8.752,36.403,158.06,108.405,Normal,None
Front,-0.088683,0.030189,127.917,24.155,439.931,134.761,115.505,Normal,None
Front,0.098738,0.096212,78.008,-8.564,566.489,142.343,103.022,Normal,None
Front,-0.199965,0.054278,102.232,16.004,305.272,143.254,100.995,Normal,None
Back,-0.276255,-0.08911,161.847,21.343,278.848,124.885,109.242,Normal,None
Back,-0.050265,0.036014,36.896,13.666,867.903,102.595,102.93,Normal,None
Front,-0.166361,-0.000667,95.952,25.976,778.682,157.757,108.879,Normal,None
Front,0.224937,0.002865,40.796,21.567,815.095,139.795,100.776,Normal,None
Back,-0.299463,0.080006,124.483,11.796,753.441,120.621,101.21,Normal,None
Front,0.085384,-0.099396,27.073,36.97,567.982,107.086,104.057,Normal,None
Front,-0.107296,0.074942,187.72,-1.575,644.038,135.769,116.605,Normal,None
Front,0.098948,0.085687,27.063,3.74,768.685,155.579,114.569,Normal,None
Back,0.021813,0.027714,132.139,-4.585,240.527,145.666,116.273,Normal,None
Back,-0.207136,0.02866,139.069,12.539,797.363,136.911,113.808,Normal,None
Front,-0.258604,0.022808,67.093,31.848,430.673,114.339,119.541,Normal,None
Front,-0.22129,0.056865,106.349,9.341,943.313,107.764,113.693,Normal,None
Back,0.115205,0.031414,175.468,25.88,262.663,155.879,107.944,Normal,None
Front,-0.132576,-0.038282,63.527,26.272,134.092,121.334,119.662,Normal,None
Back,0.048095,0.054442,166.681,12.778,889.379,138.39,107.899,Normal,None
Front,-0.26383,-0.054131,172.468,4.915,770.691,151.396,119.794,Normal,None
Back,0.016831,-0.023207,35.442,-1.57,597.591,129.061,102.497,Normal,None
Front,0.020977,-0.073013,67.823,-6.729,505.704,104.963,102.224,Normal,None
Front,-0.100846,0.061299,148.673,32.328,442.341,157.191,102.064,Normal,None
Back,-0.160005,-0.034538,103.02,-3.479,354.891,100.715,102.913,Normal,None
Back,-0.248426,0.006152,58.782,-6.62,137.969,133.619,105.951,Normal,None
Front,0.194944,0.002902,78.07,30.11,284.251,143.569,101.513,Normal,None
Back,0.035072,0.093472,42.057,37.402,807.018,138.088,100.246,Normal,None
Back,-0.203754,-0.078326,168.948,30.743,131.916,120.51,110.738,Normal,None
Front,0.189056,0.057931,41.676,2.488,879.539,158.832,119.564,Normal,None
Back,-0.14841,-0.054951,50.689,34.093,661.217,152.038,118.736,Normal,None
Front,0.198802,-0.077603,132.983,-6.78,292.147,137.938,111.927,Normal,None
Back,0.001183,-0.09942,26.427,17.945,445.029,112.221,105.662,Normal,None
Front,0.075307,-0.011766,49.407,-7.409,382.436,114.151,110.432,Normal,None
Back,-0.293022,0.013564,69.94,18.354,455.053,101.614,119.113,Normal,None
Back,0.222553,-0.019015,137.686,5.627,116.94,151.552,101.927,Normal,None
Back,0.245878,0.094488,63.647,9.117,445.551,129.136,115.697,Normal,None
Front,0.155049,0.045233,108.487,35.023,239.299,124.089,103.315,Normal,None
Back,-0.093289,0.061956,67.596,7.271,593.889,109.896,103.312,Normal,None
Back,0.232144,0.097675,74.375,12.381,564.292,108.875,118.305,Normal,None
Back,0.278633,-0.048378,199.658,23.393,946.1,130.289,112.383,Normal,None
Back,-0.089446,0.090189,77.096,28.57,547.339,104.001,109.517,Normal,None
Back,-0.134526,-0.078136,74.698,37.669,763.3,120.718,109.318,Normal,None
Back,0.196363,-0.08351,177.679,3.517,687.343,136.589,114.955,Normal,None
Front,-0.288544,-0.089307,196.418,20.601,425.169,123.778,106.667,Normal,None
Back,0.131241,0.086866,52.188,31.022,784.249,128.956,110.554,Normal,None
Front,-0.192764,-0.007276,152.543,19.393,167.04,118.026,105.578,Normal,None
Back,-0.194963,-0.093881,25.687,-1.62,715.995,116.979,100.285,Normal,None
Back,0.151509,0.063333,70.055,24.108,175.848,112.578,103.061,Normal,None
Back,-0.201877,-0.093265,185.845,2.386,429.071,139.861,101.838,Normal,None
Front,-0.163323,0.09262,156.162,34.175,765.321,100.352,114.949,Normal,None
Back,0.125697,-0.087247,124.658,0.791,911.661,151.523,115.67,Normal,None
Back,-0.167237,0.086966,161.707,9.491,249.688,142.667,116.79,Normal,None
Back,0.252288,-0.021581,83.485,3.837,72.86,157.147,102.228,Normal,None
Front,-0.174195,0.01725,105.347,12.497,373.248,152.412,111.79,Normal,None
Front,0.051287,0.083911,123.975,24.289,570.95,145.541,100.325,Normal,None
Front,-0.083989,-0.014562,109.057,13.899,832.695,145.295,103.778,Normal,None
Front,-0.229088,-0.083075,27.203,21.45,829.268,107.321,100.626,Normal,None
Front,0.184321,-0.017476,165.906,32.28,930.891,137.074,112.577,Normal,None
Back,0.274134,-0.072909,64.188,7.113,103.033,107.336,119.449,Normal,None
Back,0.030703,-0.027432,81.176,15.432,531.369,129.28,101.716,Normal,None
Back,-0.080312,0.054587,109.924,18.806,805.457,143.795,100.961,Normal,None
Front,-0.296225,-0.053536,188.728,30.685,917.925,125.306,119.078,Normal,None
Front,-0.130567,-0.052036,142.248,1.94,839.015,132.395,116.813,Normal,None
Back,0.203844,-0.015395,121.545,-9.67,969.375,132.579,116.9,Normal,None
Back,0.299348,-0.026569,150.404,-0.125,184.285,125.925,108.705,Normal,None
Front,0.066773,-0.094159,110.094,28.466,199.041,154.26,112.945,Normal,None
Back,0.124638,0.08269,82.294,32.739,983.205,121.674,101.382,Normal,None
Back,-0.289353,0.04549,98.233,32.405,199.372,128.485,100.56,Normal,None
Front,0.124752,-0.018133,21.984,13.88,99.356,132.727,115.228,Normal,None
Front,-0.0251,-0.002232,198.182,-8.858,363.127,109.923,100.643,Normal,None
Back,-0.035832,0.001752,145.438,34.119,523.654,150.8,112.51,Normal,None
Front,0.055297,-0.046114,92.541,36.708,803.544,118.447,108.7,Normal,None
Front,0.174676,0.074894,47.621,33.004,615.709,112.49,114.136,Normal,None
Front,0.221109,0.015769,24.627,1.564,590.658,134.741,112.004,Normal,None
Front,0.162315,0.016146,191.651,13.152,973.637,155.583,101.172,Normal,None
Front,-0.080004,0.050012,92.596,12.293,925.046,136.062,106.762,Normal,None
Front,-0.034281,0.097616,98.378,-0.528,139.701,106.471,112.613,Normal,None
Back,0.176283,0.034533,47.477,16.038,843.331,111.059,104.104,Normal,None
Front,-0.26084,0.078129,114.145,-4.465,318.639,110.982,100.191,Normal,None
Back,-0.233688,-0.016228,53.213,22.279,610.386,104.34,118.012,Normal,None
Back,-0.058,0.035674,79.19,23.249,529.428,145.507,116.302,Normal,None
Front,-0.107039,0.064453,135.761,19.003,798.039,121.863,116.862,Normal,None
Front,-0.239592,0.097349,131.862,-4.656,873.764,103.496,103.381,Normal,None
Front,-0.228644,0.040778,33.134,30.797,336.612,147.252,108.538,Normal,None
Front,0.072028,0.00715,159.822,38.916,722.259,125.222,104.173,Normal,None
Back,-0.013368,-0.077576,160.387,33.738,196.87,124.076,104.666,Normal,None
Front,-0.019615,0.087606,176.835,34.239,319.259,113.919,110.635,Normal,None
Front,0.16147,-0.039897,90.048,-1.34,171.714,129.891,113.275,Normal,None
Back,0.007228,0.066483,125.288,23.337,563.745,113.7,115.94,Normal,None
Back,-0.030261,-0.032163,152.568,-4.494,374.059,139.005,117.117,Normal,None
Back,0.26441,0.076668,169.656,-7.098,295.39,102.415,102.222,Normal,None
Front,0.273289,-0.053461,115.99,30.424,726.499,150.603,103.334,Normal,None
Back,-0.180837,-0.033098,64.549,11.664,946.843,126.514,109.333,Normal,None
Back,0.299312,-0.032345,132.543,30.092,755.898,118.75,111.585,Normal,None
Back,-0.18326,0.039316,82.621,23.083,488.525,115.296,101.227,Normal,None
Back,0.00213,-0.089152,174.866,20.632,344.65,147.982,110.332,Normal,None
Back,-0.045017,-0.067535,182.815,10.617,370.643,120.192,101.745,Normal,None
Back,0.240712,0.045782,42.426,15.962,233.299,154.861,112.816,Normal,None
Back,-0.130946,0.066212,194.681,37.94,634.257,140.47,118.171,Normal,None
Front,0.191042,0.098163,176.56,-5.237,735.118,147.134,108.098,Normal,None
Front,-0.062728,-0.000466,171.893,-4.81,41.067,113.752,113.814,Normal,None
Front,-0.182154,0.032364,22.998,24.278,233.819,129.787,105.733,Normal,None
Back,-0.232689,-0.016315,158.633,-2.852,597.772,141.436,116.326,Normal,None
Back,-0.147009,0.08184,57.399,-1.976,610.144,135.156,111.041,Normal,None
Back,0.280055,0.058337,55.198,24.615,908.411,150.0,103.97,Normal,None
Back,-0.285841,-0.042315,171.519,-7.924,647.721,104.42,103.973,Normal,None
Front,-0.063836,-0.035188,167.811,9.246,224.599,159.54,111.028,Normal,None
Back,0.070833,-0.082046,174.695,23.939,323.886,155.736,105.654,Normal,None
Back,0.080702,-0.09755,39.389,36.576,120.065,135.845,109.577,Normal,None
Front,0.215916,-0.061561,108.487,21.932,228.547,139.375,115.247,Normal,None
Back,0.110755,0.028516,160.355,19.135,85.016,150.201,115.476,Normal,None
Back,-0.072193,0.008042,120.678,25.386,114.099,134.652,114.78,Normal,None
Back,-0.019784,-0.025014,49.625,1.62,435.164,136.058,114.381,Normal,None
Front,0.211947,-0.058538,196.312,23.854,749.751,150.855,109.149,Normal,None
Front,0.01269,0.009317,157.521,33.95,192.535,117.475,106.726,Normal,None
Front,0.144915,0.002446,139.117,4.788,669.791,111.421,104.191,Normal,None
Back,0.189278,-0.078261,63.616,7.646,854.899,132.546,113.255,Normal,None
Back,0.277473,0.06068,127.244,18.147,321.43,123.01,113.543,Normal,None
Back,-0.274448,0.003875,158.446,19.161,599.193,101.187,102.981,Normal,None
Front,0.170911,-0.086047,148.121,-9.9,556.381,142.608,100.815,Normal,None
Front,0.006521,-0.057247,172.535,4.421,56.447,148.052,102.453,Normal,None
Back,0.262929,-0.048332,178.367,-6.27,359.54,112.801,110.438,Normal,None
Front,-0.060795,0.075498,83.13,20.179,691.46,119.842,109.865,Normal,None
Back,0.199877,0.019195,100.506,24.235,222.365,105.891,102.849,Normal,None
Front,-0.197396,0.048609,89.135,32.57,708.836,101.749,113.324,Normal,None
Back,-0.273524,-0.063544,181.404,3.427,672.628,147.544,110.477,Normal,None
Back,0.191247,-0.031779,121.333,-1.701,359.979,139.536,116.576,Normal,None
Back,-0.151105,-0.077865,177.498,16.078,291.496,147.8,117.036,Normal,None
Front,-0.004207,-0.076221,199.548,14.535,897.383,127.471,106.476,Normal,None
Back,0.090554,0.040187,177.049,26.578,863.631,104.505,111.784,Normal,None
Front,0.014482,0.056311,61.754,35.202,395.94,116.663,114.035,Normal,None
Front,0.047475,0.074594,116.545,-8.874,188.933,142.332,103.374,Normal,None
Front,-0.118492,-0.084499,134.935,-8.724,241.393,111.875,114.363,Normal,None
Front,-0.191693,-0.097269,121.979,24.765,709.751,139.945,114.513,Normal,None
Back,-0.089799,0.064764,45.664,19.845,792.027,123.191,115.188,Normal,None
Back,0.078928,0.071392,110.201,21.837,575.786,147.748,110.429,Normal,None
Front,-0.138842,-0.099803,59.565,24.171,540.737,158.384,117.784,Normal,None
Back,-0.099432,-0.03443,77.763,24.724,251.588,136.479,105.245,Normal,None
Back,-0.17639,0.094773,158.587,18.163,651.474,100.696,117.132,Normal,None
Front,-0.065755,0.067203,188.754,5.287,135.711,131.068,104.011,Normal,None
Back,-0.108683,0.091909,64.096,18.171,811.606,136.717,103.685,Normal,None
Back,-0.101926,0.012792,33.689,28.938,241.745,128.666,118.387,Normal,None
Back,0.239772,0.030611,122.785,33.46,75.629,153.993,117.43,Normal,None
Front,-0.296223,0.087183,179.038,20.255,603.592,128.916,112.762,Normal,None
Front,-0.287072,0.073479,98.723,10.551,721.608,118.524,113.948,Normal,None
Back,0.083336,0.059007,80.801,6.25,669.816,109.817,116.903,Normal,None
Front,0.028119,0.090749,165.326,6.892,471.778,116.454,113.193,Normal,None
Back,0.020712,0.043841,64.211,25.702,302.124,127.411,116.94,Normal,None
Front,0.009627,-0.088397,70.524,5.085,501.296,101.369,115.996,Normal,None
Back,-0.164313,-0.081718,138.958,-5.709,836.227,153.767,107.813,Normal,None
Front,0.020765,-0.023352,92.423,31.392,419.988,148.67,104.05,Normal,None
Back,0.009679,-0.099588,99.435,-0.9,172.573,142.394,106.105,Normal,None
Front,-0.296987,0.052754,183.819,8.768,114.471,113.106,100.688,Normal,None
Front,0.06241,-0.018613,114.427,8.503,872.533,133.143,105.714,Normal,None
Back,-0.04878,0.069151,64.088,23.328,716.503,124.062,109.43,Normal,None
Back,-0.020523,-0.031187,114.695,-6.305,62.986,132.098,117.515,Normal,None
Back,-0.05668,-0.010392,44.941,25.208,620.64,147.892,114.273,Normal,None
Back,-0.287659,-0.095354,115.396,32.194,356.502,122.582,107.203,Normal,None
Front,-0.19033,0.081614,35.725,26.727,18.668,139.572,101.627,Normal,None
Back,-0.166107,-0.09395,36.626,5.763,261.7,153.582,102.889,Normal,None
Front,-0.198578,-0.05394,168.041,6.201,163.223,134.769,110.46,Normal,None
Front,-0.24281,0.094614,147.332,20.289,678.058,110.113,113.273,Normal,None
Back,0.118573,-0.092332,52.051,7.448,297.894,118.632,112.309,Normal,None
Front,-0.188047,-0.034054,120.757,11.7,340.449,139.906,119.982,Normal,None
Back,-0.289002,-0.040893,178.261,4.665,4.742,111.697,108.978,Normal,None
Front,0.293968,-0.052211,100.791,16.336,259.334,134.038,109.361,Normal,None
Front,-0.116052,0.051672,87.79,10.532,871.379,112.676,106.043,Normal,None
Front,-0.116153,-0.062178,31.176,8.577,369.19,118.501,101.019,Normal,None
Front,0.155377,0.043224,97.531,-8.384,668.635,130.16,106.976,Normal,None
Back,-0.016796,0.08274,42.814,20.883,460.318,119.355,106.282,Normal,None
Back,-0.021931,-0.031447,180.862,10.9,373.81,118.285,106.822,Normal,None
Back,0.273829,0.076374,48.321,3.73,220.525,129.708,113.276,Normal,None
Front,0.224243,0.065393,47.526,29.958,825.769,159.901,109.282,Normal,None
Back,0.131631,0.010085,122.316,23.883,853.759,138.08,119.173,Normal,None
Back,0.148845,-0.091015,148.907,32.075,790.752,112.115,103.625,Normal,None
Back,0.070638,0.033753,98.009,-6.735,358.557,156.96,103.979,Normal,None
Back,0.250569,-0.060921,29.5,19.799,213.463,112.232,117.702,Normal,None
Back,-0.235964,0.067486,154.93,-6.474,803.572,155.171,102.587,Normal,None
Back,-0.274011,0.036871,90.767,34.087,75.971,118.297,114.338,Normal,None
Front,0.266439,-0.090478,119.33,17.708,810.722,153.487,111.313,Normal,None
Front,-0.181155,0.034346,119.831,9.807,909.08,105.192,108.017,Normal,None
Back,0.173682,-0.045421,168.987,25.47,519.306,111.328,119.639,Normal,None
Back,0.003102,0.031273,84.442,29.297,510.342,145.739,104.753,Normal,None
Front,-0.135646,-0.021172,41.183,36.858,882.421,152.541,102.333,Normal,None
Front,-0.245561,0.048268,42.053,18.586,84.603,144.356,115.734,Normal,None
Back,-0.162062,-0.006793,75.505,14.385,639.96,100.846,113.856,Normal,None
Front,0.091798,-0.003908,177.322,12.613,780.751,159.16,113.27,Normal,None
Front,0.005774,-0.084315,185.435,4.717,852.948,125.476,100.809,Normal,None
Back,-0.236354,0.005585,22.647,2.213,470.006,153.42,116.211,Normal,None
Front,0.14523,0.073092,98.249,18.817,142.031,116.83,106.505,Normal,None
Back,0.189516,-0.084126,161.475,30.681,573.283,110.058,112.981,Normal,None
Back,0.091572,-0.017505,83.452,25.258,584.664,134.433,100.994,Normal,None
Front,0.051067,0.031543,122.532,32.7,411.423,102.384,114.043,Normal,None
Front,-0.03796,0.045131,173.093,30.024,829.871,104.313,109.301,Normal,None
Back,0.236944,0.051261,109.006,-8.858,513.272,107.953,117.528,Normal,None
Back,0.246851,0.082489,145.093,3.92,463.32,136.376,111.846,Normal,None
Front,-0.277402,-0.049357,182.102,-8.038,64.962,137.99,101.814,Normal,None
Front,-0.244088,-0.066739,194.254,-3.229,267.172,110.814,107.215,Normal,None
Front,0.059969,0.046715,26.638,-9.081,149.328,103.051,107.448,Normal,None
Front,0.18811,0.045594,116.254,35.953,418.269,142.249,114.011,Normal,None
Back,-0.280418,0.080859,158.549,36.037,947.815,148.446,114.588,Normal,None
Front,-0.277361,0.022059,88.29,28.893,842.681,139.225,101.494,Normal,None
Back,0.181262,-0.06496,66.756,2.453,83.978,149.985,110.282,Normal,None
Back,0.279782,0.083751,126.616,6.668,570.007,110.375,118.772,Normal,None
Back,0.086923,0.086177,118.118,26.273,531.344,115.856,109.581,Normal,None
Front,-0.29344,0.065112,183.076,25.499,874.26,126.846,108.474,Normal,None
Front,-0.104384,0.096839,114.281,18.252,441.397,125.173,116.099,Normal,None
Front,0.106571,-0.012997,113.431,37.747,220.692,135.57,106.701,Normal,None
Front,0.230152,-0.009226,48.791,-7.097,77.353,116.337,117.115,Normal,None
Front,0.292819,0.006,25.679,5.273,264.854,113.58,116.569,Normal,None
Back,0.226795,-0.02067,148.329,39.928,721.916,107.911,101.745,Normal,None
Front,0.173839,0.021927,106.208,-8.081,989.564,139.231,109.641,Normal,None
Back,-0.292241,0.027536,173.911,38.421,188.836,112.255,119.703,Normal,None
Front,0.196724,0.005777,146.371,-8.047,890.495,126.151,101.972,Normal,None
Front,0.23734,-0.014299,158.95,-4.748,579.711,139.7,115.734,Normal,None
Front,-0.236694,0.032019,198.26,13.936,133.75,105.83,114.402,Normal,None
Back,0.282278,0.080867,192.415,28.574,147.419,158.379,102.589,Normal,None
Back,-0.171462,0.071508,122.681,11.555,558.942,159.749,106.375,Normal,None
Back,-0.009025,-0.050649,46.827,27.7,32.284,138.248,114.193,Normal,None
Front,-0.221029,0.06826,125.289,-1.967,699.465,134.427,102.89,Normal,None
Back,-0.080483,-0.074347,155.735,36.53,720.057,109.93,103.995,Normal,None
Back,0.1634,-0.013967,171.691,-0.128,658.933,146.995,109.23,Normal,None
Back,-0.169475,-0.084972,115.625,16.242,732.769,101.245,101.849,Normal,None
Front,-0.157695,-0.039354,123.093,31.775,325.831,156.175,102.596,Normal,None
Back,-0.008285,-0.069893,73.934,18.681,566.057,129.4,102.116,Normal,None
Front,0.067335,0.047071,124.829,30.654,934.515,157.083,108.28,Normal,None
Back,0.27616,0.050278,71.511,33.196,25.233,103.265,108.774,Normal,None
Front,-0.059462,-0.047553,91.071,12.776,721.671,125.474,114.049,Normal,None
Back,0.108394,-0.028295,122.502,14.889,498.124,108.232,116.526,Normal,None
Back,0.249199,0.051955,109.794,-8.139,800.147,127.702,108.059,Normal,None
Front,0.194793,-0.089741,66.627,22.208,620.914,151.364,105.859,Normal,None
Back,0.028121,0.057035,117.771,7.219,461.797,146.956,102.338,Normal,None
Front,0.111632,-0.079988,42.056,32.237,303.0,146.881,109.765,Normal,None
Back,-0.219455,-0.012787,65.216,25.078,502.786,108.08,110.029,Normal,None
Front,-0.164905,0.086784,33.661,-6.562,364.23,118.557,104.325,Normal,None
Back,-0.276206,0.046636,136.788,0.946,331.215,141.57,117.027,Normal,None
Back,-0.224243,0.001841,34.423,33.606,159.741,145.466,105.316,Normal,None
Front,-0.226634,0.060525,163.734,-8.159,794.373,157.452,106.378,Normal,None
Back,-0.093474,0.024553,119.263,-9.115,639.602,150.564,112.943,Normal,None
Front,-0.109428,0.014219,170.773,32.451,396.832,159.635,106.35,Normal,None
Front,-0.233111,0.059045,93.801,1.502,377.036,150.032,104.006,Normal,None
Back,0.037253,0.024984,158.423,26.037,357.639,106.424,115.782,Normal,None
Front,0.039686,-0.016634,136.897,8.968,484.718,101.291,119.13,Normal,None
Front,-0.213471,0.019102,107.515,31.721,351.486,157.065,112.967,Normal,None
Back,-0.075988,0.087148,191.087,-8.851,99.429,101.703,106.103,Normal,None
Back,-0.037891,-0.050107,158.312,18.518,316.867,117.306,110.576,Normal,None
Front,-0.028559,-0.089406,25.526,5.255,707.704,120.504,118.065,Normal,None
Front,-0.153846,-0.030523,69.699,-8.745,934.809,125.149,104.362,Normal,None
Back,0.181001,-0.03014,47.489,2.345,652.098,153.346,110.207,Normal,None
Back,-0.234659,0.085353,169.124,16.305,531.479,139.64,117.881,Normal,None
Front,0.245937,0.096894,43.242,34.255,994.364,115.047,111.621,Normal,None
Front,-0.295854,0.050323,99.31,30.163,507.459,138.038,110.057,Normal,None
Front,-0.227858,-0.027548,50.226,11.223,918.704,124.468,100.468,Normal,None
Front,-0.213059,-0.038767,36.782,25.715,104.624,142.037,112.554,Normal,None
Front,-0.158237,-0.095816,156.333,25.529,133.818,151.118,104.427,Normal,None
Back,0.187517,0.027516,104.106,17.602,636.248,135.601,107.801,Normal,None
Back,-0.125292,0.013579,68.446,34.84,951.915,102.229,105.777,Normal,None
Front,-0.078241,0.066797,71.203,35.734,776.274,136.042,114.6,Normal,None
Back,0.034742,-0.099301,26.932,3.48,882.044,120.22,114.322,Normal,None
Front,0.266234,-0.089119,59.671,29.094,15.228,133.593,110.376,Normal,None
Front,-0.221542,0.098515,69.783,-8.621,175.811,109.25,113.849,Normal,None
Front,-0.220932,-0.008626,33.29,18.849,348.311,155.033,111.328,Normal,None
Back,0.079089,-0.074183,48.724,34.055,947.752,113.045,106.111,Normal,None
Back,0.19513,-0.089933,49.833,15.517,603.4,106.895,108.858,Normal,None
Back,0.161169,-0.073483,80.458,10.03,954.127,129.674,104.088,Normal,None
Back,-0.094332,-0.081362,87.793,30.214,604.251,153.94,115.874,Normal,None
Back,-0.230581,-0.086344,134.761,16.041,121.516,157.765,108.766,Normal,None
Front,-0.012948,0.011369,100.356,-1.626,548.459,102.782,106.366,Normal,None
Front,-0.210627,-0.002413,30.482,23.919,274.493,102.149,105.398,Normal,None
Front,-0.226353,-0.078477,184.225,3.041,342.076,158.753,116.486,Normal,None
Back,0.141734,-0.054567,36.849,3.148,444.691,137.624,103.543,Normal,None
Front,0.065573,-0.076884,74.099,13.613,680.127,125.922,110.107,Normal,None
Back,0.177831,-0.045585,191.265,21.615,520.673,108.671,106.209,Normal,None
Front,-0.176097,-0.054441,133.145,23.899,294.341,105.281,112.65,Normal,None
Front,0.264175,0.062995,127.247,11.695,3.458,133.532,118.524,Normal,None
Back,-0.204037,-0.020857,48.967,33.755,425.087,129.901,109.43,Normal,None
Front,0.115329,0.023766,30.785,14.708,346.545,102.092,111.017,Normal,None
Back,0.087596,0.032662,167.411,11.886,853.856,145.551,115.751,Normal,None
Back,0.141926,-0.065666,63.756,-7.062,457.213,101.913,101.467,Normal,None
Back,-0.019335,0.027663,24.403,30.157,272.441,119.819,100.127,Normal,None
Front,0.207271,-0.041961,105.504,12.09,952.637,123.303,113.305,Normal,None
Back,0.228085,-0.003627,168.912,35.2,843.892,105.782,102.577,Normal,None
Back,-0.168156,0.013373,64.96,11.338,983.149,152.853,100.65,Normal,None
Front,-0.021856,-0.016023,51.926,-4.628,95.138,101.359,102.18,Normal,None
Front,-0.257912,0.058467,31.818,-7.818,773.277,133.933,116.909,Normal,None
Back,0.165834,-0.004756,68.014,8.97,216.014,140.157,108.37,Normal,None
Back,0.044253,0.06765,21.836,-8.225,437.005,157.516,116.308,Normal,None
Front,-0.287355,0.067113,187.628,-3.308,398.139,137.929,106.849,Normal,None
Back,-0.023123,-0.037112,149.779,17.352,601.713,109.316,108.585,Normal,None
Front,-0.212247,0.057194,125.315,27.221,986.112,154.804,109.918,Normal,None
Front,0.129368,-0.035583,71.82,8.977,599.812,118.45,111.851,Normal,None
Front,0.221578,0.083184,178.055,-1.585,430.61,138.234,108.862,Normal,None
Back,-0.025829,0.006104,142.748,9.58,115.791,116.02,101.545,Normal,None
Back,-0.039336,-0.070647,24.536,4.011,20.037,106.355,105.125,Normal,None
Back,0.141982,-0.013036,88.324,11.431,431.888,152.941,116.711,Normal,None
Front,-0.27291,-0.069203,39.595,-8.125,857.076,133.409,117.154,Normal,None
Front,-0.055889,-0.001693,186.215,7.476,316.057,158.249,108.568,Normal,None
Front,0.265504,0.059664,41.215,18.49,964.111,136.497,115.744,Normal,None
Front,-0.279636,0.085968,77.656,36.943,963.447,139.632,110.763,Normal,None
Back,-0.171943,0.084085,85.287,25.064,367.717,117.093,114.142,Normal,None
Back,0.170012,-0.013969,40.034,26.377,63.493,102.195,111.997,Normal,None
Front,0.023572,-0.046165,69.683,-5.825,484.093,124.14,105.328,Normal,None
Front,0.199726,-0.047835,170.083,9.66,606.162,116.731,110.609,Normal,None
Front,0.151829,0.084978,169.528,8.128,636.036,103.315,107.706,Normal,None
Front,-0.133932,-0.025175,82.936,2.253,624.67,154.37,104.535,Normal,None
Front,-0.052914,0.007057,94.239,30.537,630.887,142.934,101.68,Normal,None
Front,0.294619,0.068449,118.066,4.981,901.85,157.245,100.47,Normal,None
Front,-0.003306,0.082454,63.884,-9.368,363.55,134.606,100.093,Normal,None
Front,-0.088474,0.039384,114.897,22.937,883.389,107.357,108.414,Normal,None
Back,-0.003033,-0.060873,153.796,4.895,426.806,141.722,118.361,Normal,None
Back,-0.211228,-0.057179,133.506,15.397,24.728,132.771,100.216,Normal,None
Front,0.274036,0.041135,84.812,33.965,86.711,138.263,119.0,Normal,None
Front,0.241702,0.075067,34.313,22.958,534.177,142.542,104.043,Normal,None
Front,-0.158481,0.000749,113.109,36.894,278.883,152.323,100.092,Normal,None
Back,-0.297141,-0.055444,73.144,37.384,27.502,111.704,104.252,Normal,None
Front,-0.085776,-0.09533,74.732,28.206,310.322,109.328,114.206,Normal,None
Front,0.039963,0.001707,141.966,23.838,771.79,112.024,101.797,Normal,None
Front,-0.20329,-0.075168,73.505,11.121,424.558,130.004,111.452,Normal,None
Back,-0.106622,0.029559,183.193,20.373,728.954,135.812,117.952,Normal,None
Back,0.236258,-0.01086,173.204,24.251,629.682,128.184,110.419,Normal,None
Front,-0.119478,-0.046094,197.475,-2.8,66.411,140.346,109.731,Normal,None
Front,0.037284,-0.013756,195.249,5.065,322.037,136.691,116.047,Normal,None
Front,0.268067,0.004378,123.179,3.855,721.66,141.712,116.401,Normal,None
Back,-0.034805,0.013399,99.915,-5.024,909.949,115.776,103.783,Normal,None
Front,-0.126824,-0.095792,52.089,12.905,494.541,105.36,102.534,Normal,None
Front,0.12395,0.048106,91.004,2.275,258.897,133.428,105.034,Normal,None
Back,0.062742,-0.081581,87.473,4.01,887.667,143.524,100.663,Normal,None
Back,0.052464,-0.099114,158.543,9.062,986.023,133.068,108.166,Normal,None
Back,0.003826,0.049358,131.653,39.716,171.166,116.898,107.463,Normal,None
Back,0.269947,-0.096064,162.921,-2.709,132.533,102.298,111.168,Normal,None
Front,0.242213,-0.033102,33.259,11.955,248.616,113.239,111.477,Normal,None
Back,-0.114175,-0.018809,75.756,34.848,498.934,136.516,110.054,Normal,None
Front,-0.107971,-0.077176,169.909,35.12,147.862,152.593,102.827,Normal,None
Back,0.001174,-0.081011,125.708,37.78,268.849,107.599,109.42,Normal,None
Back,0.255534,-0.045924,75.945,23.238,407.26,149.138,101.683,Normal,None
Front,0.165822,-0.064872,125.604,-3.577,849.206,138.137,107.03,Normal,None
Back,0.026885,-0.013249,66.147,3.048,922.802,119.091,118.187,Normal,None
Front,0.025476,-0.081934,180.244,31.945,919.674,131.998,106.339,Normal,None
Back,0.283167,0.016212,79.918,4.059,694.947,149.403,112.732,Normal,None
Back,-0.175223,-0.054432,156.755,11.047,348.81,156.808,104.275,Normal,None
Back,-0.234069,0.013899,68.61,16.058,87.782,126.767,102.479,Normal,None
Back,0.036535,0.012985,39.301,12.005,878.33,141.174,113.403,Normal,None
Front,-0.029456,0.004507,189.552,27.883,694.159,131.357,111.379,Normal,None
Front,-0.114501,-0.016212,187.248,-0.517,350.555,114.296,104.939,Normal,None
Back,0.288725,0.085792,153.574,39.369,132.581,136.749,113.29,Normal,None
Front,0.143611,-0.004059,172.118,-6.068,993.472,106.647,106.869,Normal,None
Back,-0.250208,-0.035306,197.874,3.393,171.635,118.381,104.498,Normal,None
Front,-0.158353,0.019773,23.707,30.502,710.025,150.008,109.868,Normal,None
Back,0.026096,0.001807,72.766,9.211,471.559,156.73,109.556,Normal,None
Back,0.17365,0.085823,101.423,39.549,677.97,117.52,117.106,Normal,None
Front,-0.088786,-0.062706,125.124,17.593,54.305,114.753,106.524,Normal,None
Back,-0.20557,0.037032,22.639,26.586,627.104,130.455,104.475,Normal,None
Back,-0.012696,-0.079963,81.824,-3.381,73.783,143.013,114.634,Normal,None
Back,-0.048053,-0.091897,168.697,-4.952,64.926,136.224,113.477,Normal,None
Front,-0.174102,0.099435,27.891,-5.281,609.745,148.153,103.345,Normal,None
Back,0.171007,-0.009423,72.633,20.196,474.257,115.883,106.269,Normal,None
Back,-0.189289,0.081037,163.435,28.792,618.065,138.281,111.397,Normal,None
Back,0.160313,0.007772,26.068,27.471,35.375,151.251,103.153,Normal,None
Front,-0.169656,0.050994,173.188,22.608,736.346,150.901,117.772,Normal,None
Front,-0.25769,0.026346,143.205,23.21,924.175,145.354,104.712,Normal,None
Back,0.18195,-0.05833,157.038,13.427,616.803,147.688,112.367,Normal,None
Back,-0.065329,0.035056,181.2,6.669,828.724,102.486,106.079,Normal,None
Front,-0.269186,0.037509,68.072,19.468,736.886,145.052,118.423,Normal,None
Back,0.012156,-0.095388,92.496,19.009,656.742,123.445,109.978,Normal,None
Back,0.211974,0.078582,109.017,3.764,350.557,150.417,101.955,Normal,None
Front,0.10729,-0.055139,128.097,-4.21,387.057,153.269,101.118,Normal,None
Back,0.078301,-0.071126,175.814,35.586,371.942,138.134,109.717,Normal,None
Front,-0.179873,0.015734,57.753,20.958,321.419,141.22,110.06,Normal,None
Front,0.026392,-0.086555,193.51,-5.888,37.172,133.871,116.775,Normal,None
Front,-0.091049,0.039525,124.46,33.053,88.463,100.285,116.905,Normal,None
Front,0.252939,0.093565,75.428,5.338,596.456,150.21,106.527,Normal,None
Front,-0.228842,-0.051268,54.663,22.779,44.834,152.536,104.819,Normal,None
Front,-0.24011,-0.010167,155.934,25.235,575.286,107.181,119.491,Normal,None
Back,-0.008374,-0.02606,41.675,38.652,232.173,149.396,105.553,Normal,None
Front,0.243128,0.08751,141.478,-4.087,599.604,133.805,112.366,Normal,None
Back,-0.055353,-0.067863,151.762,30.081,871.588,110.734,101.626,Normal,None
Front,-0.256222,0.084141,124.908,-0.881,661.07,108.617,118.672,Normal,None
Front,-0.173361,-0.025153,187.633,14.636,697.744,155.497,111.447,Normal,None
Front,0.121649,-0.09435,172.793,10.913,717.463,112.846,101.254,Normal,None
Back,-0.283338,-0.06324,28.387,24.794,217.581,145.854,105.726,Normal,None
Front,0.258009,0.017245,62.305,18.607,384.287,129.297,108.469,Normal,None
Back,-0.08597,-0.070231,106.919,2.438,853.181,155.157,118.804,Normal,None
Back,0.056154,-0.01653,181.402,-6.937,595.973,152.567,105.416,Normal,None
Front,0.111368,-0.075693,107.831,25.715,276.644,150.342,106.069,Normal,None
Front,-0.234386,0.020671,57.027,21.242,383.715,107.034,118.537,Normal,None
Front,-0.022772,-0.006905,61.86,34.137,967.706,127.964,107.573,Normal,None
Front,0.283623,0.098214,120.927,4.402,968.104,129.122,112.4,Normal,None
Back,-0.124292,0.016189,124.245,-3.487,422.911,133.654,113.044,Normal,None
Back,-0.208303,0.024324,47.857,12.35,241.284,156.989,116.343,Normal,None
Front,0.125261,-0.083815,86.073,18.414,971.675,142.011,113.895,Normal,None
Front,0.103745,0.013102,186.282,25.497,809.108,110.342,104.304,Normal,None
Back,0.195204,0.032606,162.94,-6.929,283.911,136.21,102.169,Normal,None
Back,0.129715,0.076166,143.488,37.555,461.499,131.457,100.52,Normal,None
Front,0.176681,-0.018211,73.121,3.457,104.589,156.111,105.195,Normal,None
Back,-0.27952,0.090424,126.085,22.688,483.678,109.644,101.265,Normal,None
Back,0.04478,-0.004821,33.929,1.025,482.044,152.642,104.314,Normal,None
Front,-0.270712,-0.071114,127.801,-3.366,184.033,154.307,100.19,Normal,None
Front,-0.107439,-0.085235,91.518,10.019,941.977,154.17,112.46,Normal,None
Back,0.042641,-0.054882,38.718,10.503,422.78,153.526,105.674,Normal,None
Back,-0.026439,0.032763,99.749,8.028,258.111,137.239,103.875,Normal,None
Front,0.178473,0.034074,172.815,11.339,458.027,151.202,111.433,Normal,None
Back,-0.036174,-0.060273,165.166,22.404,247.378,153.193,114.13,Normal,None
Front,0.26693,-0.091397,26.587,30.381,651.914,127.602,114.965,Normal,None
Front,0.217824,-0.015493,178.048,23.198,81.514,132.605,112.365,Normal,None
Front,-0.115508,-0.062491,163.107,5.659,631.284,139.825,110.477,Normal,None
Back,-0.141289,-0.061571,54.279,-0.041,290.885,105.045,114.406,Normal,None
Back,0.209949,0.009107,72.481,-9.874,825.171,109.622,107.801,Normal,None
Back,-0.007012,0.031854,93.557,10.963,452.547,111.645,103.086,Normal,None
Back,0.10047,-0.060455,86.069,31.41,944.449,129.845,102.858,Normal,None
Front,-0.295671,-0.092299,40.017,6.329,768.438,130.732,113.355,Normal,None
Back,0.049266,-0.003987,26.415,23.061,908.594,156.412,108.215,Normal,None
Front,-0.177851,0.032007,79.429,20.062,283.072,126.936,117.208,Normal,None
Back,-0.018565,0.016486,84.326,23.712,52.42,106.56,115.404,Normal,None
Front,0.207117,-0.093465,30.936,-9.449,358.276,144.191,115.775,Normal,None
Front,-0.277151,-0.078915,23.591,16.902,631.216,155.896,104.176,Normal,None
Back,0.207962,0.095476,140.795,-8.647,812.181,102.186,119.755,Normal,None
Back,0.279506,0.029619,89.013,30.882,194.81,155.648,101.402,Normal,None
Front,0.195784,-0.013299,159.224,25.778,227.734,111.173,113.296,Normal,None
Front,-0.235675,0.096063,86.707,22.378,846.86,101.004,117.485,Normal,None
Back,-0.037885,0.018647,127.745,18.831,770.134,149.879,116.339,Normal,None
Front,0.165833,-0.051537,50.495,20.803,772.295,142.514,110.677,Normal,None
Back,0.067816,0.066824,174.614,1.525,380.221,120.71,114.065,Normal,None
Front,-0.212999,-0.062676,59.074,16.509,967.051,112.589,109.333,Normal,None
Back,0.050011,0.064745,164.741,14.731,431.245,135.062,104.669,Normal,None
Back,0.252686,0.036474,185.847,13.359,905.596,137.649,102.316,Normal,None
Front,-0.064921,0.060657,87.784,31.832,196.144,112.633,109.656,Normal,None
Front,0.106511,0.074858,82.876,39.564,132.73,101.73,109.504,Normal,None
Back,0.02658,0.072826,80.584,31.661,47.454,135.518,111.237,Normal,None
Back,-0.011748,0.057329,94.205,15.566,417.171,125.2,105.41,Normal,None
Front,0.123963,0.009409,142.908,-9.139,289.921,103.748,110.473,Normal,None
Front,-0.000134,0.012887,28.622,12.087,895.564,108.908,109.128,Normal,None
Front,-0.107348,0.075572,26.762,21.067,462.525,153.298,117.522,Normal,None
Back,0.152865,-0.069884,78.973,29.016,979.316,108.328,104.214,Normal,None
Back,-0.042469,0.072006,141.881,12.964,65.447,111.318,115.886,Normal,None
Back,0.046584,-0.045813,71.522,36.24,195.339,127.32,119.534,Normal,None
Front,0.044938,-0.006186,38.835,26.879,703.063,100.182,108.203,Normal,None
Back,0.024234,0.080366,164.66,14.568,916.425,148.236,107.563,Normal,None
Front,0.019823,0.008398,112.032,-0.58,36.37,105.841,107.649,Normal,None
Front,-0.180968,0.034321,96.542,6.077,758.928,150.569,106.624,Normal,None
Front,0.295424,0.044044,134.222,19.648,672.697,104.565,106.763,Normal,None
Back,0.150767,-0.047449,46.113,-0.282,119.787,115.516,105.72,Normal,None
Back,-0.259147,-0.073662,154.328,5.082,676.588,151.142,109.654,Normal,None
Back,0.16802,6.3e-05,184.67,39.731,319.935,123.771,103.649,Normal,None
Front,0.184753,-0.091627,191.07,18.656,53.116,149.658,107.935,Normal,None
Front,-0.11526,0.020507,60.39,0.969,808.478,133.862,112.613,Normal,None
Front,0.056755,0.037224,84.228,-2.934,631.237,101.566,100.189,Normal,None
Back,0.051142,0.045782,130.284,-2.565,501.14,101.51,101.747,Normal,None
Back,0.095623,0.080472,166.246,-7.054,758.339,128.072,116.524,Normal,None
Front,-0.140391,0.058571,20.672,10.885,120.562,130.009,103.396,Normal,None
Front,-0.225591,-0.055594,85.051,-2.621,91.024,152.414,107.947,Normal,None
Back,-0.103085,-0.074416,149.156,-5.098,877.578,128.694,102.133,Normal,None
Back,0.008889,-0.091101,75.413,-7.242,20.204,125.66,110.495,Normal,None
Back,-0.144472,-0.022388,193.256,29.557,748.056,145.027,117.0,Normal,None
Front,-0.186459,0.028397,26.193,-4.508,351.528,115.263,117.715,Normal,None
Front,-0.102583,-0.082603,108.926,-0.983,823.271,116.026,113.813,Normal,None
Back,-0.292577,-0.05028,166.66,29.503,730.504,121.376,103.323,Normal,None
Back,0.281502,0.059267,65.804,10.577,476.325,105.216,108.661,Normal,None
Back,0.120996,0.099829,147.282,-7.357,661.154,107.147,116.794,Normal,None
Front,0.02225,0.075358,85.322,31.336,737.182,131.483,101.44,Normal,None
Front,-0.215814,-0.088135,59.987,34.161,724.196,105.405,113.763,Normal,None
Back,-0.079989,-0.04209,124.931,28.955,762.598,149.75,111.452,Normal,None
Front,-0.008645,0.064566,165.909,17.412,146.974,128.819,109.271,Normal,None
Back,-0.171626,-0.054522,156.986,9.012,172.069,138.531,105.687,Normal,None
Front,-0.226704,-0.027723,110.04,-5.163,601.264,113.267,113.805,Normal,None
Back,-0.204347,-0.071159,98.161,21.473,512.658,154.722,103.502,Normal,None
Back,0.141313,-0.076531,32.932,13.546,182.0,122.847,108.83,Normal,None
Front,-0.150013,0.080676,107.861,2.827,433.73,153.967,113.592,Normal,None
Back,0.290635,0.068956,154.083,27.29,737.941,126.226,114.629,Normal,None
Front,-0.217956,-0.006852,197.357,26.725,613.561,145.678,102.725,Normal,None
Back,-0.065753,-0.057179,59.208,-6.966,293.882,113.628,116.924,Normal,None
Back,0.142639,-0.076719,85.882,-0.254,76.078,138.916,107.946,Normal,None
Back,0.090543,0.065563,189.678,22.715,511.378,111.329,118.156,Normal,None
Front,-0.189707,-0.096884,76.888,-5.122,436.986,116.737,106.987,Normal,None
Back,0.211075,-0.048337,43.655,20.55,19.849,119.506,100.861,Normal,None
Back,0.21373,0.052164,45.898,18.434,851.74,155.248,104.064,Normal,None
Front,0.173839,0.087768,168.368,-6.934,234.106,146.569,103.495,Normal,None
Front,-0.009576,-0.080242,92.071,1.264,292.177,120.253,109.59,Normal,None
Back,0.041876,-0.047145,91.508,13.353,904.321,110.663,107.484,Normal,None
Front,0.150984,0.063848,28.953,-1.433,823.116,124.932,117.106,Normal,None
Front,0.220183,0.016918,28.689,27.131,9.982,140.449,115.751,Normal,None
Front,0.147524,-0.035986,85.653,16.082,120.49,133.066,105.565,Normal,None
Back,-0.249995,0.071569,148.841,-5.47,172.008,139.637,109.689,Normal,None
Back,-0.077398,0.041588,131.419,-8.151,796.217,152.12,114.966,Normal,None
Back,-0.012342,0.026402,65.627,17.612,226.864,133.591,111.281,Normal,None
Front,-0.058883,0.002689,133.816,9.82,614.558,148.603,108.835,Normal,None
Front,-0.226977,0.086751,199.895,-6.486,814.348,122.026,100.195,Normal,None
Back,-0.229716,0.083448,25.949,28.647,812.926,129.083,106.801,Normal,None
Front,-0.246016,0.076262,21.293,6.311,215.457,129.313,114.433,Normal,None
Front,-0.17078,-0.019604,42.309,-0.321,135.481,109.51,108.576,Normal,None
Back,-0.199592,0.065549,79.583,28.306,68.574,118.819,110.529,Normal,None
Back,-0.089393,0.060015,113.03,-1.914,916.048,129.868,107.222,Normal,None
Front,-0.19096,0.034432,85.407,36.991,903.775,139.342,112.554,Normal,None
Front,-0.228261,0.065606,159.433,11.713,971.623,118.716,105.913,Normal,None
Back,-0.228353,-0.081041,190.286,8.912,967.488,138.487,107.415,Normal,None
Back,-0.111057,-0.018009,146.697,26.652,432.642,152.142,106.219,Normal,None
Back,-0.034522,0.087885,163.102,15.907,741.171,150.271,104.858,Normal,None
Front,-0.077743,0.083231,56.165,25.698,842.892,128.919,101.589,Normal,None
Front,0.041157,-0.064111,137.867,23.699,768.164,143.284,113.819,Normal,None
Back,0.085677,-0.048929,35.0,33.84,930.333,129.104,106.664,Normal,None
Front,0.163157,-0.060043,154.296,14.09,186.379,147.808,108.697,Normal,None
Front,0.286711,-0.01682,44.29,14.841,167.798,119.909,110.08,Normal,None
Back,0.197059,0.034159,112.333,24.518,644.584,143.666,115.897,Normal,None
Back,0.199179,-0.091236,164.008,13.334,452.588,124.213,113.033,Normal,None
Back,0.268516,-0.020466,191.184,9.887,716.842,106.755,101.225,Normal,None
Back,-0.093292,0.084435,139.771,31.083,886.545,105.524,102.776,Normal,None
Front,0.143053,0.077939,184.433,3.313,438.757,127.303,110.95,Normal,None
Front,0.098534,-0.074323,65.066,37.076,234.377,152.435,102.761,Normal,None
Back,-0.063927,-0.061453,113.15,39.853,517.312,119.833,113.578,Normal,None
Back,0.224285,-0.078823,182.608,17.197,395.899,142.805,111.551,Normal,None
Front,0.143288,-0.073027,53.055,1.297,608.625,151.919,111.979,Normal,None
Back,-0.066392,0.001064,43.623,-0.624,380.071,143.127,117.716,Normal,None
Back,-0.132183,-0.031431,70.375,28.832,403.014,141.636,105.932,Normal,None
Back,0.110386,-0.095715,140.079,15.993,879.164,110.056,109.955,Normal,None
Front,0.067175,-0.079054,158.521,24.648,890.452,114.316,116.073,Normal,None
Back,-0.014216,0.028414,64.241,23.973,9.721,141.95,113.635,Normal,None
Back,-0.196433,-0.027328,108.544,3.588,902.447,121.89,100.89,Normal,None
Back,0.010494,-0.036302,191.166,12.829,51.6,148.999,107.865,Normal,None
Front,-0.171307,-0.020424,24.103,-0.294,455.119,131.878,110.446,Normal,None
Back,0.009549,-0.000383,190.135,11.803,229.403,130.917,106.586,Normal,None
Back,0.235788,-0.067499,54.827,23.398,766.192,141.455,103.063,Normal,None
Front,-0.084268,-0.042398,73.08,19.835,934.274,157.328,107.602,Normal,None
Front,-0.005459,-0.048832,102.456,28.634,608.544,106.96,107.972,Normal,None
Front,-0.24345,0.099878,174.86,-4.319,448.592,143.546,118.125,Normal,None
Front,-0.284618,-0.046703,24.129,21.222,329.012,137.038,101.324,Normal,None
Back,0.057479,0.087068,91.31,34.154,599.427,124.563,118.278,Normal,None
Back,0.294276,-0.097437,193.642,18.973,591.66,104.465,115.134,Normal,None
Back,-0.295165,-0.015006,144.183,38.008,888.442,134.449,110.97,Normal,None
Back,0.131677,-0.00586,158.668,28.39,925.075,154.804,116.076,Normal,None
Back,-0.140433,-0.015328,20.257,5.407,152.855,138.312,104.356,Normal,None
Front,0.128654,0.03213,55.105,36.793,456.64,131.658,113.271,Normal,None
Front,-0.057388,0.087605,165.938,-4.377,487.501,114.128,106.397,Normal,None
Front,0.23117,-0.033022,195.44,25.626,500.821,151.02,109.448,Normal,None
Front,-0.082816,0.059531,135.25,-2.242,615.299,103.107,116.512,Normal,None
Back,0.115154,0.053445,41.068,-2.762,739.402,131.479,101.676,Normal,None
Front,-0.049454,-0.072665,115.99,31.349,262.366,131.797,112.797,Normal,None
Front,-0.070578,0.034235,161.709,9.537,196.144,152.08,102.88,Normal,None
Back,0.122461,-0.092124,169.058,9.601,820.206,153.282,118.451,Normal,None
Back,0.298509,0.027354,98.911,-3.72,987.555,131.165,106.468,Normal,None
Front,-0.271729,0.050382,20.645,30.01,297.513,142.192,100.016,Normal,None
Front,-0.17651,0.038267,39.594,3.147,688.548,109.161,119.889,Normal,None
Back,-0.257804,0.025459,130.466,3.383,898.214,132.346,114.451,Normal,None
Front,0.186494,0.02711,73.465,9.255,745.794,144.886,104.572,Normal,None
Front,-0.111595,0.027326,54.886,33.983,146.614,107.733,109.535,Normal,None
Back,-0.084359,0.087205,28.315,2.421,136.25,125.497,119.028,Normal,None
Front,0.294469,-0.097339,177.167,19.63,794.314,116.231,113.334,Normal,None
Front,0.012633,0.029145,129.091,-1.401,973.848,148.34,116.125,Normal,None
Back,-0.046445,-0.058286,191.137,8.192,317.619,128.443,115.569,Normal,None
Front,0.108967,0.066783,46.33,26.066,678.88,158.996,107.498,Normal,None
Front,0.238193,-0.002775,114.455,36.973,633.609,120.327,102.036,Normal,None
Front,0.23689,0.040442,150.196,11.29,372.542,156.656,102.412,Normal,None
Front,0.188287,-0.001585,156.338,5.147,665.668,139.554,108.375,Normal,None
Back,-0.260668,0.011172,116.656,19.237,369.453,127.733,108.504,Normal,None
Front,-0.030505,-0.038838,144.874,-8.422,578.182,102.131,110.183,Normal,None
Back,-0.148255,0.003161,46.066,7.783,537.39,112.996,107.8,Normal,None
Back,0.160768,0.09587,40.597,20.527,95.453,147.089,108.511,Normal,None
Back,-0.181314,-0.014672,129.964,4.286,28.796,107.62,100.637,Normal,None
Front,0.294151,-0.049555,174.516,33.495,181.722,153.92,116.204,Normal,None
Front,0.24484,-0.087439,122.9,13.823,365.631,121.15,104.023,Normal,None
Front,-0.236319,0.061457,58.487,15.292,755.894,123.201,106.373,Normal,None
Back,-0.087604,-0.01471,85.502,31.669,143.568,153.703,111.574,Normal,None
Back,-0.160597,0.001865,177.663,12.689,592.534,102.125,101.416,Normal,None
Back,0.077618,-0.003236,32.101,3.953,144.772,116.834,103.949,Normal,None
Front,-0.064932,-0.069114,22.773,5.861,215.329,127.002,107.43,Normal,None
Front,0.299053,0.019542,72.792,-9.809,344.958,150.509,115.193,Normal,None
Front,-0.181546,-0.020143,37.702,-1.687,919.374,106.07,107.183,Normal,None
Front,0.092823,-0.050171,93.13,10.481,793.46,101.864,109.009,Normal,None
Back,-0.065559,0.037011,63.613,5.088,500.317,149.493,116.33,Normal,None
Back,-0.194944,-0.056328,178.752,28.251,356.233,136.798,108.323,Normal,None
Back,0.013741,-0.05269,118.495,-9.979,528.147,120.383,118.069,Normal,None
Front,0.269527,0.07368,176.676,35.057,859.647,140.899,111.335,Normal,None
Back,-0.199371,-0.030378,124.098,13.947,463.137,156.518,106.784,Normal,None
Front,-0.045677,0.049404,49.156,37.677,590.643,123.944,102.258,Normal,None
Back,0.063681,-0.087191,30.057,25.192,381.179,101.19,116.244,Normal,None
Front,0.272862,-0.009501,30.863,-8.283,820.729,145.64,110.762,Normal,None
Front,0.281608,-0.019633,23.272,-6.832,974.313,124.972,100.283,Normal,None
Front,0.04863,0.023835,151.617,29.751,894.239,151.551,103.098,Normal,None
Front,-0.20977,0.092964,181.958,0.02,138.266,117.516,115.107,Normal,None
Front,0.084243,-0.026058,177.428,14.294,261.071,129.666,104.797,Normal,None
Back,-0.195601,-0.011418,171.317,26.65,3.324,149.462,101.416,Normal,None
Front,0.111353,0.029742,129.91,39.791,872.146,110.634,115.551,Normal,None
Front,0.071147,-0.086813,144.267,17.363,966.769,108.449,118.25,Normal,None
Back,0.057827,-0.096443,88.975,-0.466,645.082,108.98,116.321,Normal,None
Front,-0.069239,0.09097,159.285,37.248,687.442,150.805,102.016,Normal,None
Front,-0.168504,-0.074623,181.732,-5.492,461.206,147.082,112.648,Normal,None
Front,0.287886,-0.013644,142.508,31.457,111.494,113.88,105.95,Normal,None
Back,0.095631,0.019324,145.508,34.055,823.564,130.882,117.079,Normal,None
Back,0.119106,0.056586,184.281,15.083,283.472,102.276,102.207,Normal,None
Front,-0.1003,0.005457,172.021,-5.766,228.399,142.206,117.034,Normal,None
Back,0.056951,-0.005418,194.642,14.991,458.728,114.88,112.379,Normal,None
Front,-0.126668,0.041013,71.589,-7.091,887.65,107.428,111.53,Normal,None
Front,0.161713,-0.039123,187.131,-7.329,564.104,154.379,106.285,Normal,None
Front,-0.262306,0.07148,44.666,29.383,510.617,133.41,102.418,Normal,None
Front,0.278652,-0.062032,190.548,38.162,625.01,111.528,109.807,Normal,None
Front,0.096398,-0.078943,76.364,4.928,324.394,114.482,110.751,Normal,None
Back,0.131316,0.04811,86.97,35.091,751.03,117.906,115.916,Normal,None
Back,0.052298,0.002353,156.613,20.925,414.391,114.25,112.404,Normal,None
Front,0.230948,-0.050181,88.778,12.929,715.264,101.263,113.263,Normal,None
Front,0.084767,0.043604,37.82,7.422,974.713,114.173,118.325,Normal,None
Front,0.09469,-0.080185,115.664,5.872,812.168,135.238,109.495,Normal,None
Back,-0.061712,-0.015983,49.239,36.699,921.712,107.406,117.015,Normal,None
Back,0.118993,0.003002,192.771,24.809,928.308,154.874,106.469,Normal,None
Front,-0.072585,-0.083269,61.228,26.585,303.313,130.97,100.636,Normal,None
Back,0.196429,0.060902,46.943,17.989,661.079,134.764,102.208,Normal,None
Back,0.09247,0.018355,37.715,-8.917,976.158,111.034,116.519,Normal,None
Front,-0.229555,0.008336,103.889,10.224,195.625,105.225,111.195,Normal,None
Back,-0.227108,-0.059095,37.755,9.822,906.833,107.081,110.867,Normal,None
Back,-0.265434,0.032446,184.318,-1.408,982.82,113.681,104.6,Normal,None
Front,0.123601,0.077203,92.906,-8.727,698.173,138.732,110.849,Normal,None
Back,-0.281439,-0.021127,79.605,9.255,560.227,124.36,114.3,Normal,None
Front,-0.195255,-0.042264,184.268,34.834,820.263,124.286,111.135,Normal,None
Back,-0.065215,0.075386,35.161,18.176,285.147,137.483,113.218,Normal,None
Front,0.114417,0.041341,113.077,1.188,848.9,112.938,100.685,Normal,None
Front,0.110034,0.05702,73.183,-8.908,600.265,128.886,109.354,Normal,None
Back,-0.235892,-0.055003,158.586,4.027,395.172,126.433,103.993,Normal,None
Front,-0.257499,0.04283,129.885,36.837,458.942,110.969,113.009,Normal,None
Back,-0.121756,-0.058444,57.772,-4.338,388.942,143.774,102.319,Normal,None
Back,0.003972,-0.049445,100.289,15.053,376.963,130.256,102.37,Normal,None
Back,0.133161,-0.049321,96.74,15.678,279.347,107.58,116.388,Normal,None
Front,-0.221735,0.087557,114.051,10.799,858.051,135.967,102.688,Normal,None
Back,-0.252595,0.035347,120.566,9.177,872.791,136.019,108.767,Normal,None
Back,0.028925,0.014295,131.47,-8.379,994.72,125.92,109.398,Normal,None
Front,0.169064,0.088831,138.63,39.78,531.162,143.579,111.495,Normal,None
Back,0.092459,-0.061996,151.284,37.069,368.151,114.068,114.169,Normal,None
Back,-0.096662,-0.043398,49.76,19.117,597.121,139.966,100.488,Normal,None
Front,0.192353,-0.08941,52.62,3.888,375.596,156.746,113.202,Normal,None
Back,-0.108211,0.070547,59.894,-5.079,336.15,158.604,102.592,Normal,None
Back,-0.275762,-0.034378,21.056,33.03,128.331,139.825,113.012,Normal,None
Front,0.022957,0.027862,161.856,38.848,153.833,140.111,108.652,Normal,None
Front,0.210552,-0.098699,40.384,22.984,604.529,131.396,100.41,Normal,None
Front,0.151355,-0.044853,147.23,17.144,240.277,126.821,115.854,Normal,None
Front,-0.08167,0.097738,118.003,21.549,16.746,119.671,102.988,Normal,None
Back,0.234267,0.000413,114.926,26.807,841.198,140.125,119.253,Normal,None
Back,-0.188548,0.029921,120.604,9.804,942.33,121.223,108.069,Normal,None
Back,0.181888,0.051377,47.394,22.297,364.831,121.723,100.227,Normal,None
Front,0.272129,0.068137,95.998,10.079,397.536,132.507,110.151,Normal,None
Back,0.261642,-0.064757,180.831,17.923,696.988,116.953,109.207,Normal,None
Front,-0.234949,0.020151,127.852,25.458,950.6,131.05,100.534,Normal,None
Front,-0.075993,-0.054052,169.156,12.067,621.17,156.729,103.427,Normal,None
Back,-0.109503,0.033636,71.404,9.89,506.538,109.91,111.749,Normal,None
Back,0.110478,-0.050947,197.122,12.074,362.543,111.678,118.642,Normal,None
Front,0.170097,0.000976,96.819,32.487,357.139,108.975,109.471,Normal,None
Back,-0.115205,0.005095,111.42,14.774,711.317,113.813,106.087,Normal,None
Back,-0.251928,0.036583,92.506,12.039,513.564,152.137,112.937,Normal,None
Back,0.264128,0.047231,87.126,30.083,340.616,135.321,102.827,Normal,None
Back,-0.030391,-0.04179,138.238,14.239,389.522,132.155,108.079,Normal,None
Front,-0.220768,-0.067004,158.586,-6.946,274.78,134.404,115.732,Normal,None
Front,-0.038072,0.013901,182.418,-3.958,54.511,144.763,111.361,Normal,None
Back,-0.213763,-0.009731,184.844,21.563,959.234,112.387,101.546,Normal,None
Back,0.244134,0.053343,196.086,11.456,359.437,153.26,117.204,Normal,None
Back,-0.039241,0.073786,161.865,-6.184,374.166,121.982,117.869,Normal,None
Front,-0.033753,-0.04425,154.782,-3.66,743.024,144.596,112.057,Normal,None
Back,0.016219,-0.07416,55.803,6.305,780.685,145.906,115.339,Normal,None
Front,0.192699,0.017683,126.291,-1.262,287.886,139.44,117.173,Normal,None
Front,0.148657,0.034472,197.126,38.145,131.372,103.104,100.419,Normal,None
Back,-0.159098,-0.078773,50.413,20.089,618.073,154.575,109.156,Normal,None
Front,0.261328,-0.073974,67.697,18.409,127.746,119.055,105.3,Normal,None
Front,0.053687,0.090259,102.031,-0.761,6.153,122.127,100.961,Normal,None
Back,-0.120373,0.098162,147.583,-6.588,114.117,145.785,111.005,Normal,None
Front,0.171795,-0.002129,116.616,7.751,481.205,155.134,106.887,Normal,None
Front,-0.08281,0.094517,159.402,9.204,499.087,141.456,104.809,Normal,None
Front,0.236036,-0.065816,43.469,39.682,329.75,135.634,108.971,Normal,None
Front,0.03961,0.017723,187.448,3.888,349.525,100.134,101.797,Normal,None
Front,0.089266,0.00087,173.991,20.776,231.723,128.99,100.18,Normal,None
Front,0.027444,-0.033156,76.669,-7.461,741.833,143.918,103.375,Normal,None
Back,-0.160361,0.010409,131.885,24.683,526.916,142.045,119.391,Normal,None
Front,0.034319,-0.069958,123.858,6.576,22.207,149.331,116.439,Normal,None
Back,0.270717,0.042278,192.184,-6.488,274.892,145.109,105.016,Normal,None
Back,-0.097149,0.032679,198.95,38.689,2.169,141.536,119.128,Normal,None
Front,-0.195299,-0.040548,86.378,36.153,421.037,159.814,110.753,Normal,None
Front,0.276859,-0.003078,62.759,3.534,356.964,103.601,112.09,Normal,None
Back,0.25946,0.028998,107.049,32.953,950.087,138.835,119.609,Normal,None
Front,-0.267613,-0.013192,69.881,23.304,216.539,144.026,116.492,Normal,None
Back,0.085571,-0.068513,161.502,31.422,853.064,138.754,105.197,Normal,None
Back,-0.027135,0.037994,142.726,-2.563,581.348,108.977,101.287,Normal,None
Back,0.12697,-0.066786,170.226,8.099,997.102,136.06,100.771,Normal,None
Back,-0.148494,-0.014475,135.168,6.804,461.78,145.872,102.078,Normal,None
Front,0.092619,0.052665,81.84,5.452,767.515,123.204,118.974,Normal,None
Front,-0.09466,-0.046498,29.015,-5.185,131.279,117.433,117.313,Normal,None
Front,0.291233,-0.013815,148.476,22.575,654.422,123.422,106.295,Normal,None
Front,0.143281,-0.025327,22.058,31.457,724.859,132.114,101.463,Normal,None
Front,-0.211555,0.019072,69.649,35.345,324.203,150.025,111.393,Normal,None
Front,-0.059493,0.061224,45.078,11.956,849.206,157.505,114.009,Normal,None
Back,0.019997,-0.042901,136.665,24.254,235.901,139.602,109.495,Normal,None
Back,0.033376,-0.004073,174.569,38.866,132.714,132.625,102.528,Normal,None
Front,-0.064859,-0.08876,61.542,-2.967,809.306,148.452,102.167,Normal,None
Back,-0.210206,-0.000311,21.276,17.206,84.502,113.343,103.949,Normal,None
Back,-0.090048,0.01985,177.909,7.614,312.207,130.268,111.757,Normal,None
Back,0.187392,0.025621,71.416,-6.554,364.468,119.686,107.269,Normal,None
Front,0.191599,-0.042909,58.193,14.487,71.543,157.548,114.103,Normal,None
Back,-0.244038,-0.008125,156.978,32.892,712.456,114.689,101.782,Normal,None
Back,0.228016,0.073586,178.57,8.627,376.216,110.213,106.726,Normal,None
Back,0.197061,0.055501,46.349,21.019,15.43,151.96,114.578,Normal,None
Back,0.002122,-0.031489,182.525,8.507,776.369,118.524,101.491,Normal,None
Back,0.167542,-0.055319,99.194,-7.281,784.125,116.076,119.625,Normal,None
Front,0.03155,0.008242,199.976,-6.343,539.428,136.225,115.875,Normal,None
Back,-0.01395,0.03288,162.926,-6.075,371.615,127.952,109.702,Normal,None
Front,0.259604,0.055846,176.082,25.146,510.428,149.943,102.102,Normal,None
Front,0.297392,0.083729,109.272,3.692,383.907,110.229,106.809,Normal,None
Back,0.194447,-0.037686,57.831,39.582,441.02,157.09,109.803,Normal,None
Back,0.162031,-0.043384,39.328,21.348,537.137,128.225,119.813,Normal,None
Back,-0.023462,-0.006356,176.067,9.854,759.841,138.447,116.215,Normal,None
Back,0.095349,0.0611,120.133,38.914,920.173,129.372,100.36,Normal,None
Back,0.137067,-0.016403,153.431,12.662,706.207,154.07,101.088,Normal,None
Front,0.157379,0.082322,197.899,36.184,123.124,152.053,117.762,Normal,None
Back,0.149069,-0.03712,131.457,18.654,41.597,110.93,119.234,Normal,None
Front,0.072732,0.003767,106.518,11.682,927.198,132.718,103.002,Normal,None
Back,-0.168272,-0.067264,165.279,16.258,924.156,112.396,119.522,Normal,None
Front,0.037802,-0.042686,145.999,36.814,174.405,142.803,102.58,Normal,None
Back,0.111689,0.045122,190.533,2.577,227.0,132.441,104.944,Normal,None
Back,-0.192862,-0.046654,189.372,-8.876,29.272,136.987,114.261,Normal,None
Back,-0.002248,-0.087393,134.78,-3.599,622.594,132.524,101.226,Normal,None
Front,-0.014978,0.081409,199.038,-6.245,503.667,125.875,112.041,Normal,None
Back,0.030963,-0.022769,94.842,9.074,913.929,131.202,111.688,Normal,None
Front,-0.25653,0.005061,38.495,19.907,482.239,112.009,117.9,Normal,None
Front,-0.253373,0.015009,115.681,9.494,52.107,144.088,112.47,Normal,None
Back,0.12632,0.044355,164.299,30.662,301.363,111.316,108.502,Normal,None
Front,-0.01491,0.020569,115.685,36.547,722.896,102.502,110.513,Normal,None
Back,0.19975,-0.004433,99.308,32.905,171.074,144.024,112.54,Normal,None
Back,0.078307,0.006131,145.735,19.312,689.926,128.068,103.523,Normal,None
Front,0.232202,0.049711,198.965,7.996,851.695,107.901,116.726,Normal,None
Front,0.253881,-0.093453,104.766,24.706,158.368,141.48,112.544,Normal,None
Front,-0.197981,-0.037814,143.29,15.868,723.408,158.033,118.36,Normal,None
Front,-0.193299,-0.018007,20.467,22.085,506.333,133.541,116.821,Normal,None
Front,-0.22395,-0.00436,165.295,39.908,919.13,113.714,110.264,Normal,None
Front,-0.025327,-0.021106,52.353,14.676,438.42,138.985,112.613,Normal,None
Front,-0.089509,-0.03002,180.104,14.972,436.571,145.855,117.613,Normal,None
Back,0.220722,0.042853,167.955,32.388,444.723,140.264,107.342,Normal,None
Front,-0.004699,0.014901,177.945,-1.521,477.115,129.828,111.033,Normal,None
Front,-0.112177,0.099336,158.584,-6.16,332.678,118.122,113.308,Normal,None
Back,0.091691,0.091477,119.14,-8.464,927.007,101.495,105.585,Normal,None
Front,0.183986,0.05463,41.57,4.021,433.402,149.106,102.302,Normal,None
Back,-0.215922,-0.077217,103.848,39.548,398.133,100.413,118.848,Normal,None
Back,0.077577,-0.00358,157.658,5.267,650.047,121.038,114.488,Normal,None
Back,-0.083992,-0.079266,54.98,17.447,580.854,104.888,105.354,Normal,None
Front,0.076158,0.01586,111.25,7.285,770.399,157.912,102.922,Normal,None
Front,0.240728,-0.046157,48.24,9.846,659.045,148.597,107.537,Normal,None
Front,0.297114,0.00364,161.128,21.79,889.5,159.274,111.492,Normal,None
Front,-0.038727,0.08052,191.83,30.817,887.499,116.27,107.612,Normal,None
Front,0.243802,-0.006797,120.544,1.592,616.006,108.28,119.489,Normal,None
Back,0.130531,-0.000981,76.134,20.462,559.448,130.532,116.524,Normal,None
Back,0.124994,-0.021122,194.655,34.196,683.019,129.075,117.491,Normal,None
Back,0.094508,0.066085,77.854,2.57,942.049,108.452,106.741,Normal,None
Front,-0.088045,-0.028956,32.138,21.588,552.503,126.96,111.363,Normal,None
Back,-0.111275,-0.017342,133.347,19.38,189.448,105.483,109.064,Normal,None
Back,0.27377,-0.042833,27.616,3.425,164.296,143.785,100.893,Normal,None
Back,-0.005731,-0.010515,61.994,-0.566,729.222,104.778,117.35,Normal,None
Front,-0.203017,-0.072782,57.557,36.247,529.487,153.774,106.211,Normal,None
Back,0.015768,0.091911,130.437,9.865,898.242,130.9,113.005,Normal,None
Front,0.237671,-0.005053,103.369,10.48,892.464,102.351,105.143,Normal,None
Front,-0.098034,0.027431,125.9,-6.653,997.49,143.847,108.334,Normal,None
Back,0.009543,0.091292,47.492,35.045,143.572,126.444,108.215,Normal,None
Front,-0.239056,-0.004475,198.112,-0.821,278.717,123.916,107.898,Normal,None
Front,-0.176864,-0.078306,185.118,24.761,463.295,145.177,118.37,Normal,None
Front,-0.297011,-0.048197,22.227,11.802,666.037,104.984,119.441,Normal,None
Front,0.232025,-0.092388,140.801,32.219,381.895,128.467,100.577,Normal,None
Back,-0.151666,0.024963,116.885,22.63,296.769,139.435,107.541,Normal,None
Front,0.02493,-0.071632,171.287,-8.058,114.371,110.962,116.708,Normal,None
Back,0.084931,-0.046527,101.67,11.266,40.33,115.316,105.307,Normal,None
Front,0.190798,0.026884,107.607,36.664,444.351,133.046,106.568,Normal,None
Back,0.257774,-0.058627,124.976,25.774,709.514,139.211,109.908,Normal,None
Front,0.294215,-0.069135,196.553,11.272,537.455,137.092,102.83,Normal,None
Back,0.082028,0.036266,90.062,4.443,971.026,117.554,103.461,Normal,None
Back,-0.095994,-0.080886,97.102,17.764,662.147,129.593,107.114,Normal,None
Front,0.163308,-0.077439,52.178,34.699,17.136,127.81,118.35,Normal,None
Back,0.137671,0.039231,180.973,5.109,957.82,122.898,110.889,Normal,None
Front,-0.143668,-0.085395,89.168,13.584,373.2,113.683,112.611,Normal,None
Back,0.221092,-0.043965,24.385,13.438,596.719,104.455,111.021,Normal,None
Back,-0.219418,0.094932,176.444,-2.852,823.813,130.865,107.553,Normal,None
Front,-0.071396,0.030644,44.438,31.796,875.966,115.654,116.357,Normal,None
Front,0.087864,-0.022242,83.228,-2.48,262.043,137.142,115.984,Normal,None
Back,-0.228696,-0.047691,191.598,7.719,103.361,108.826,106.245,Normal,None
Back,0.245669,-0.097637,60.533,-8.056,119.464,120.66,114.541,Normal,None
Front,0.29771,0.044269,189.5,4.32,119.557,110.893,106.058,Normal,None
Back,-0.110296,0.069726,64.827,10.399,430.782,131.578,119.918,Normal,None
Front,-0.182761,-0.080533,151.715,20.334,161.991,125.545,102.454,Normal,None
Front,0.26329,-0.043942,36.627,15.648,223.839,121.927,103.432,Normal,None
Front,0.159058,-0.083106,59.66,2.497,741.053,142.684,117.54,Normal,None
Front,0.019156,-0.001312,135.914,8.959,260.114,143.072,117.654,Normal,None
Front,-0.044571,-0.033633,192.99,-7.442,955.928,130.737,101.618,Normal,None
Back,-0.076674,0.043528,138.91,9.333,483.266,133.402,109.567,Normal,None
Front,-0.164433,-0.078827,110.822,10.593,756.002,104.742,115.94,Normal,None
Back,0.233715,0.073799,104.313,18.835,545.086,102.341,113.318,Normal,None
Front,0.272409,-0.061281,123.243,18.088,942.456,122.66,100.332,Normal,None
Front,-0.257617,0.035182,144.941,28.511,172.261,126.657,110.11,Normal,None
Back,0.001936,-0.070579,197.12,17.48,833.084,128.226,107.949,Normal,None
Front,0.113471,0.035707,147.45,22.937,997.711,114.546,107.031,Normal,None
Back,0.237348,-0.005778,48.947,25.256,612.19,117.641,114.041,Normal,None
Back,-0.199857,-0.05124,181.265,4.671,828.656,141.054,110.889,Normal,None
Front,0.217617,-0.060011,153.061,37.804,865.046,127.128,111.271,Normal,None
Back,-0.202596,0.044365,66.993,-4.26,605.659,123.927,113.269,Normal,None
Back,0.207712,0.017429,182.002,36.796,912.373,150.656,106.622,Normal,None
Front,0.138096,-0.03651,163.567,11.507,304.411,117.798,117.027,Normal,None
Front,0.144255,-0.023336,182.501,38.827,41.509,108.445,114.244,Normal,None
Front,0.198604,-0.070429,171.244,25.29,204.211,143.08,110.483,Normal,None
Back,-0.250944,-0.058689,175.919,13.661,753.721,155.949,114.792,Normal,None
Front,0.054862,0.081342,59.528,20.135,838.447,136.8,111.582,Normal,None
Back,0.284636,0.01795,104.687,14.448,934.742,108.48,101.677,Normal,None
Back,0.168065,-0.087249,154.699,30.604,234.858,100.82,115.989,Normal,None
Front,-0.204496,-0.070488,66.92,4.458,940.969,143.581,104.492,Normal,None
Front,0.278009,-0.020164,43.652,17.5,634.093,122.529,107.206,Normal,None
Front,0.152957,0.006802,63.92,-3.586,47.135,125.554,102.602,Normal,None
Back,0.112632,0.007057,147.057,2.537,384.799,109.245,118.147,Normal,None
Back,0.202603,0.088267,196.949,16.98,115.849,157.972,110.914,Normal,None
Front,-0.209638,-0.079605,92.016,-6.619,652.027,149.254,108.868,Normal,None
Front,0.031531,-0.013222,163.662,15.484,953.365,115.528,104.029,Normal,None
Front,0.02981,0.032577,65.38,22.899,121.801,117.36,105.83,Normal,None
Back,0.257573,0.014041,172.729,12.826,525.859,111.171,109.228,Normal,None
Front,0.255318,-0.000756,179.666,26.725,226.039,139.537,116.382,Normal,None
Back,-0.169329,0.099695,45.602,-2.165,906.887,107.126,118.615,Normal,None
Back,-0.141469,0.051114,178.776,4.01,301.248,146.485,105.326,Normal,None
Front,0.210375,-0.089014,138.363,20.866,543.001,147.37,112.057,Normal,None
Back,0.027839,-0.047726,20.487,1.129,929.025,141.401,107.046,Normal,None
Front,-0.193302,-0.081494,179.185,-4.741,427.829,132.044,109.696,Normal,None
Back,-0.052342,0.028738,150.367,21.042,383.523,115.216,111.834,Normal,None
Back,-0.238653,0.074773,150.192,-6.152,189.13,139.33,106.31,Normal,None
Front,0.132695,0.091105,138.23,16.97,474.15,127.773,116.853,Normal,None
Back,0.121608,-0.080507,81.024,22.779,494.275,138.432,114.538,Normal,None
Front,0.165723,-0.047123,50.873,1.493,930.892,153.88,116.579,Normal,None
Back,-0.140742,-0.041441,154.682,31.429,242.295,109.127,100.11,Normal,None
Front,0.262588,-0.013309,78.002,33.616,919.425,122.48,113.483,Normal,None
Back,0.296211,0.087201,37.783,-2.588,209.22,111.981,101.881,Normal,None
Back,-0.091866,0.040035,49.273,19.023,596.343,137.336,118.075,Normal,None
Front,0.047082,-0.056168,20.704,-6.757,603.053,100.194,103.334,Normal,None
Back,0.091511,-0.084708,169.247,-3.037,484.51,110.793,115.936,Normal,None
Front,-0.044625,-0.021382,137.048,-4.175,649.582,118.861,107.181,Normal,None
Front,-0.109581,-0.094211,86.404,-2.258,863.902,116.402,103.912,Normal,None
Back,-0.175393,-0.09903,179.073,3.394,860.375,143.179,117.51,Normal,None
Back,-0.073079,0.012171,33.644,17.842,292.18,156.676,115.162,Normal,None
Front,-0.290716,0.068296,199.626,22.177,469.207,142.127,113.626,Normal,None
Front,-0.211265,-0.056856,184.983,19.265,286.141,146.764,105.589,Normal,None
Back,-0.001758,0.011292,183.859,8.529,871.208,119.627,105.374,Normal,None
Front,0.209743,0.033726,143.221,17.411,891.093,100.888,108.228,Normal,None
Front,-0.281442,0.027671,115.751,4.964,477.656,106.772,106.192,Normal,None
Front,-0.17529,0.012473,160.541,18.589,235.139,123.646,100.606,Normal,None
Back,-0.073431,0.07985,156.221,34.284,927.25,136.965,101.618,Normal,None
Back,0.008583,0.037595,169.869,5.703,395.06,120.726,115.052,Normal,None
Front,-0.100958,-0.025833,141.457,23.325,855.023,103.515,108.989,Normal,None
Front,-0.002506,-0.055175,188.88,-8.302,952.98,143.187,109.444,Normal,None
Front,0.137642,-0.004936,139.253,11.306,197.385,135.12,116.417,Normal,None
Front,0.288831,0.022283,119.111,24.911,483.956,111.405,116.594,Normal,None
Back,-0.276333,-0.08238,103.252,16.775,891.11,124.931,111.272,Normal,None
Back,-0.080919,-0.095488,179.839,31.055,322.37,107.16,118.298,Normal,None
Back,-0.050552,-0.018482,140.345,19.57,956.928,145.155,100.059,Normal,None
Front,0.131227,0.038095,79.62,6.45,408.766,100.51,112.424,Normal,None
Back,0.019521,-0.057716,195.349,25.152,937.169,114.188,117.549,Normal,None
Front,0.112285,0.055987,193.454,9.574,374.424,118.341,109.585,Normal,None
Back,0.225515,-0.074411,47.565,10.448,362.794,153.667,106.026,Normal,None
Front,-0.105386,0.05859,39.869,16.609,949.991,130.641,117.176,Normal,None
Front,-0.071685,0.025397,195.379,19.417,84.916,139.081,113.383,Normal,None
Back,-0.184548,0.080348,37.62,-7.635,365.281,121.037,118.705,Normal,None
Back,-0.150873,0.076739,71.962,7.065,848.231,135.952,107.518,Normal,None
Front,-0.035624,0.005617,108.557,-0.154,463.527,121.341,101.546,Normal,None
Front,0.279065,-0.062706,162.98,-2.878,450.024,110.795,118.103,Normal,None
Back,-0.16389,0.014465,98.031,1.049,564.278,151.2,117.765,Normal,None
Front,0.264151,0.03227,193.093,0.279,707.305,148.788,117.572,Normal,None
Back,0.047547,-0.049937,165.074,20.124,386.666,151.426,110.062,Normal,None
Front,0.249412,-0.013722,182.919,-9.525,310.838,117.235,104.953,Normal,None
Back,0.232593,0.014425,36.971,6.736,913.245,136.378,112.598,Normal,None
Back,0.231522,-0.068385,194.067,22.925,194.073,154.526,118.963,Normal,None
Back,0.192561,-0.031753,136.583,-3.77,861.256,103.773,111.883,Normal,None
Front,0.143475,0.068027,53.143,-6.234,606.248,158.089,114.182,Normal,None
Front,-0.180525,-0.012131,51.875,-8.208,276.138,104.557,105.344,Normal,None
Back,0.117335,-0.018187,134.832,-8.388,745.43,101.633,117.062,Normal,None
Back,0.08953,0.048483,153.486,33.354,252.988,130.724,113.642,Normal,None
Front,-0.145608,0.035398,116.544,8.214,46.791,155.036,107.863,Normal,None
Front,-0.173686,-0.03794,120.822,13.118,97.66,133.94,100.935,Normal,None
Back,0.21826,-0.045558,74.046,14.981,413.867,119.926,104.218,Normal,None
Back,0.198741,0.028653,181.464,2.335,29.48,144.07,100.167,Normal,None
Front,0.210621,-0.017185,71.644,24.797,277.589,113.93,119.875,Normal,None
Back,0.27316,-0.094531,86.318,32.659,246.82,113.45,118.834,Normal,None
Front,0.174814,0.068299,39.562,26.312,338.195,158.284,110.377,Normal,None
Back,0.073873,-0.010852,170.894,25.166,787.764,133.484,110.397,Normal,None
Front,-0.277339,-0.095452,54.232,-8.865,387.881,119.684,101.123,Normal,None
Front,-0.261234,0.002243,86.067,2.414,375.409,131.551,108.266,Normal,None
Front,0.05389,0.005537,129.106,5.907,109.603,154.823,118.909,Normal,None
Front,-0.203684,-0.054454,55.335,-2.712,949.61,142.702,103.3,Normal,None
Back,0.218071,0.048901,45.185,8.395,528.647,144.076,109.313,Normal,None
Back,0.27685,0.085786,23.961,5.463,765.742,137.218,107.549,Normal,None
Front,-0.25232,-0.051109,129.539,35.291,159.082,148.428,115.703,Normal,None
Back,-0.05675,-0.086682,174.738,36.842,961.275,106.763,105.294,Normal,None
Front,-0.218199,-0.091968,91.757,35.58,11.922,100.523,109.32,Normal,None
Front,0.173012,0.076956,152.731,15.365,189.703,120.346,115.614,Normal,None
Front,0.178764,-0.018052,65.976,30.751,635.742,119.217,103.191,Normal,None
Front,0.23342,0.056706,85.979,6.372,307.336,107.012,108.386,Normal,None
Back,-0.15415,0.022418,197.986,23.061,127.033,129.008,111.106,Normal,None
Back,0.284153,0.056129,65.66,4.248,66.167,105.862,104.283,Normal,None
Front,-0.025331,-0.08624,135.557,21.228,828.885,124.858,113.084,Normal,None
Front,-0.079764,-0.064803,104.388,11.554,187.117,117.417,102.619,Normal,None
Back,-0.203787,0.078634,146.026,19.562,11.974,159.947,113.785,Normal,None
Back,0.089815,-0.070112,152.691,-5.233,506.648,131.538,102.336,Normal,None
Back,0.026152,0.057286,181.361,39.705,162.763,119.778,108.235,Normal,None
Back,0.147984,-0.031866,121.545,37.895,721.434,152.029,118.896,Normal,None
Front,-0.170495,0.049193,106.156,33.676,404.806,147.908,114.052,Normal,None
Back,0.230779,-0.087861,128.681,17.255,562.829,106.661,110.062,Normal,None
Back,-0.258801,-0.052171,193.705,-1.532,425.935,146.539,106.524,Normal,None
Front,0.242157,-0.0174,24.125,14.648,951.61,121.106,110.564,Normal,None
Front,-0.137136,-0.043459,186.939,22.511,591.771,130.771,112.393,Normal,None
Back,0.019408,0.030111,63.564,27.686,115.448,141.031,112.962,Normal,None
Back,-0.259676,-0.098805,103.984,4.129,258.239,151.095,113.235,Normal,None
Back,0.198937,0.057508,37.475,-9.976,128.863,148.626,118.556,Normal,None
Front,-0.179154,0.07166,54.506,26.771,281.968,112.656,119.667,Normal,None
Back,-0.233545,0.053796,114.416,39.265,131.442,131.73,106.157,Normal,None
Front,-0.104685,-0.055228,55.728,-7.953,913.351,132.904,119.2,Normal,None
Back,-0.022699,-0.035619,48.674,-0.178,554.01,120.625,112.482,Normal,None
Front,0.215925,0.02656,43.357,38.247,479.023,133.366,104.815,Normal,None
Back,0.035247,-0.073656,192.638,-8.018,574.854,110.875,118.109,Normal,None
Front,0.285582,-0.026369,119.936,20.703,51.191,117.063,104.718,Normal,None
Back,0.210298,-0.03508,42.01,31.118,659.296,136.304,119.523,Normal,None
Back,0.282215,-0.066821,61.55,32.728,604.697,133.504,108.446,Normal,None
Back,-0.194986,-0.012429,179.791,22.065,345.959,113.375,117.739,Normal,None
Back,0.138834,0.063922,179.079,8.071,393.766,158.191,117.72,Normal,None
Back,-0.031555,0.096442,62.748,2.112,751.531,112.646,108.16,Normal,None
Front,0.208719,-0.058725,44.403,-7.429,507.276,157.194,100.588,Normal,None
Front,-0.027657,0.082827,165.525,39.283,163.758,128.744,114.346,Normal,None
Front,-0.147325,-0.042834,113.238,5.723,953.875,125.8,119.879,Normal,None
Back,-0.072703,0.074442,168.91,38.191,545.945,102.407,101.74,Normal,None
Back,-0.093229,-0.074456,195.984,15.605,982.871,122.211,113.38,Normal,None
Back,-0.127248,0.061378,114.789,34.232,552.146,101.638,102.19,Normal,None
Front,-0.066038,0.097872,95.138,25.076,986.3,154.946,111.997,Normal,None
Front,-0.161243,0.065474,64.075,15.578,447.305,125.49,112.351,Normal,None
Front,-0.209403,0.070461,24.8,23.847,317.835,112.796,110.377,Normal,None
Back,0.020178,-0.074911,192.616,-9.695,583.696,156.381,107.732,Normal,None
Back,-0.154778,0.041737,170.368,-0.267,69.938,123.506,107.935,Normal,None
Back,-0.265299,-0.093129,123.53,22.764,770.634,111.226,100.182,Normal,None
Front,0.055938,0.033163,51.427,3.005,494.613,121.957,104.61,Normal,None
Front,0.101651,-0.007111,189.179,-0.388,34.769,152.26,107.451,Normal,None
Back,0.015655,0.045314,196.378,-4.672,382.437,145.999,106.429,Normal,None
Back,-0.127419,0.010085,157.892,33.347,936.983,123.157,111.34,Normal,None
Back,-0.132611,0.028119,152.425,15.15,691.797,132.999,110.316,Normal,None
Back,0.006239,0.041147,145.854,8.861,53.513,103.147,115.794,Normal,None
Back,-0.240873,0.051982,189.868,32.259,725.921,137.049,118.338,Normal,None
Back,0.182836,0.057841,89.738,3.112,492.102,123.841,113.033,Normal,None
Back,-0.176269,0.074722,127.053,28.222,374.824,101.694,116.801,Normal,None
Front,0.288982,0.0871,127.043,8.599,74.17,121.161,105.427,Normal,None
Front,-0.054728,-0.093808,67.608,-8.533,172.309,146.064,108.232,Normal,None
Front,-0.138679,-0.020201,23.19,-0.742,872.315,152.572,101.926,Normal,None
Back,0.146974,0.030007,185.959,13.038,256.943,134.537,115.136,Normal,None
Back,-0.136553,0.020482,125.408,3.608,455.084,128.356,105.687,Normal,None
Back,0.281364,0.020611,104.916,-8.445,851.886,146.692,118.748,Normal,None
Front,0.230949,0.056153,130.598,37.984,703.561,113.799,102.541,Normal,None
Front,0.12448,0.046528,58.84,-6.987,787.312,158.24,109.31,Normal,None
Back,-0.198957,-0.070751,115.398,15.178,720.401,106.892,104.816,Normal,None
Front,-0.160876,-0.070202,128.317,1.077,196.975,150.621,100.263,Normal,None
Front,0.188136,-0.095991,47.349,3.326,233.112,109.211,101.166,Normal,None
Front,0.070508,0.087123,81.011,31.585,447.61,128.859,103.908,Normal,None
Front,0.123122,0.07429,146.877,34.171,401.115,137.482,102.324,Normal,None
Front,-0.125519,0.057893,37.052,26.654,816.961,148.474,115.003,Normal,None
Back,-0.181078,-0.005099,37.41,38.504,155.528,127.369,117.705,Normal,None
Back,0.007697,0.069498,109.346,-4.273,530.435,114.088,117.71,Normal,None
Front,-0.282879,0.02123,66.46,-5.062,414.238,107.975,113.506,Normal,None
Back,-0.071988,-0.080362,46.953,18.272,746.295,123.15,105.098,Normal,None
Front,0.094866,-0.064928,71.69,37.517,115.115,142.017,107.629,Normal,None
Back,0.187619,-0.056447,53.135,-3.028,219.653,148.943,115.342,Normal,None
Front,0.044418,-0.037423,180.906,37.252,242.134,137.797,104.969,Normal,None
Front,-0.277959,-0.009025,29.338,36.01,864.436,140.738,101.181,Normal,None
Back,-0.192447,-0.008516,36.911,29.711,271.713,139.011,113.938,Normal,None
Back,0.174132,-0.082833,128.791,16.2,162.805,134.076,115.54,Normal,None
Front,0.196548,0.041936,112.682,1.18,494.156,102.949,103.431,Normal,None
Back,0.241484,0.097081,93.327,6.562,85.958,140.276,111.072,Normal,None
Back,0.229405,-0.022127,171.989,30.974,513.516,158.135,112.821,Normal,None
Back,-0.078679,-0.020557,196.65,30.697,165.786,145.992,113.144,Normal,None
Front,-0.044925,0.057835,179.561,-9.961,465.757,141.634,114.082,Normal,None
Front,-0.190916,-0.050186,159.902,-0.412,113.64,151.153,104.93,Normal,None
Back,0.112554,0.079589,98.133,-6.33,111.907,155.895,106.821,Normal,None
Front,0.011293,0.070434,179.381,-7.919,916.046,146.674,104.871,Normal,None
Front,0.090203,0.038897,66.324,26.24,810.696,146.517,112.551,Normal,None
Front,-0.238979,0.075204,52.188,4.625,258.494,130.992,111.176,Normal,None
Back,0.194665,0.079802,73.396,15.741,167.179,108.041,108.462,Normal,None
Back,0.157125,0.092866,37.429,15.744,573.138,139.136,105.994,Normal,None
Back,-0.296366,-0.006776,75.234,34.829,659.415,155.889,117.907,Normal,None
Back,0.223803,0.096332,134.768,10.796,478.304,107.322,114.376,Normal,None
Front,0.215401,0.054255,40.265,33.39,290.722,123.099,105.665,Normal,None
Front,0.055875,0.099676,149.172,1.852,794.577,115.17,119.399,Normal,None
Back,0.115797,0.081036,63.636,30.748,456.767,105.443,114.185,Normal,None
Front,-0.269606,0.06608,143.515,7.138,179.88,143.971,101.861,Normal,None
Front,0.28304,0.010428,138.037,-3.426,827.153,158.517,111.86,Normal,None
Front,0.066499,-0.059021,31.135,-5.463,45.88,137.034,110.403,Normal,None
Front,-0.182441,0.087878,71.113,36.233,259.385,145.366,114.354,Normal,None
Front,0.194127,-0.03097,123.428,13.975,705.789,129.238,119.072,Normal,None
Front,0.02173,0.003919,141.69,7.543,512.862,141.872,101.987,Normal,None
Back,0.01134,0.056103,178.22,28.031,546.335,125.076,111.918,Normal,None
Front,-0.265845,-0.012734,57.008,-5.958,604.782,159.534,112.162,Normal,None
Front,-0.077675,0.065069,74.03,33.695,764.942,107.261,107.956,Normal,None
Front,-0.052637,-0.093996,156.931,18.279,300.909,138.543,117.253,Normal,None
Back,-0.0658,-0.058204,120.651,2.514,47.203,158.769,108.314,Normal,None
Front,-0.169714,-0.067578,93.496,21.155,835.408,143.232,106.308,Normal,None
Front,-0.239701,-0.078093,153.602,-6.373,533.322,119.86,102.954,Normal,None
Back,-0.031563,0.021747,118.611,30.598,571.311,119.18,101.086,Normal,None
Front,-0.155599,0.086183,136.791,0.914,672.779,129.701,104.93,Normal,None
Front,-0.027339,-0.00354,129.701,6.998,301.076,116.661,117.584,Normal,None
Front,0.08592,0.040904,136.598,-3.582,586.496,117.599,117.32,Normal,None
Back,-0.083197,-0.083665,32.681,14.227,33.219,147.555,100.028,Normal,None
Front,-0.177973,0.046268,108.023,30.556,491.976,143.037,116.439,Normal,None
Back,0.092246,-0.059229,83.791,-4.04,662.532,146.606,119.814,Normal,None
Front,0.121061,-0.015388,65.584,35.61,671.217,100.86,106.083,Normal,None
Front,-0.1184,0.06034,114.55,3.619,448.47,110.245,114.258,Normal,None
Back,-0.018791,-0.071741,170.56,-6.145,918.783,111.274,102.743,Normal,None
Back,0.182051,-0.053203,120.687,12.192,520.684,126.175,118.556,Normal,None
Front,-0.255698,-0.067453,162.009,15.831,180.639,129.511,107.717,Normal,None
Back,-0.077678,0.06825,145.692,7.605,458.736,148.883,106.278,Normal,None
Front,0.289624,0.037213,80.858,16.405,868.502,126.604,109.057,Normal,None
Back,-0.063242,0.005058,117.856,-3.548,47.227,134.806,114.192,Normal,None
Back,0.137272,-0.029346,146.044,28.288,2.992,159.005,114.208,Normal,None
Back,-0.130806,0.075819,55.216,33.862,944.568,146.853,101.997,Normal,None
Front,-0.106888,-0.036909,141.158,32.636,664.356,139.701,102.611,Normal,None
Back,0.066488,0.002655,143.503,-9.653,338.174,149.372,114.895,Normal,None
Front,0.013811,0.045519,39.297,31.977,591.214,153.913,118.882,Normal,None
Front,-0.015454,0.04745,78.693,23.87,786.484,136.537,109.429,Normal,None
Front,0.274907,-0.041256,176.031,7.468,254.802,110.891,116.727,Normal,None
Front,-0.286337,0.041156,164.409,29.574,721.623,122.979,102.278,Normal,None
Back,-0.223806,-0.088225,71.484,18.045,41.847,134.595,109.755,Normal,None
Front,0.029598,0.047304,158.277,31.192,969.774,118.765,104.004,Normal,None
Back,0.103775,0.081995,45.66,32.515,459.123,127.909,108.241,Normal,None
Front,0.251467,0.08922,172.021,10.781,589.302,136.882,102.62,Normal,None
Front,0.11094,0.024714,122.35,9.103,48.331,114.141,108.999,Normal,None
Back,0.248693,0.080899,57.288,29.905,166.572,141.253,100.528,Normal,None
Back,0.289078,0.035485,125.619,16.884,106.183,110.48,110.481,Normal,None
Back,-0.230712,-0.071702,77.447,26.298,475.017,114.47,101.159,Normal,None
Back,-0.231991,0.037702,48.765,-4.436,266.61,159.679,114.721,Normal,None
Front,0.039656,0.049547,197.633,23.101,331.287,150.429,101.951,Normal,None
Back,0.172241,0.08224,120.015,34.163,395.563,153.492,109.755,Normal,None
Front,0.216962,0.047524,133.291,10.619,289.615,111.058,118.681,Normal,None
Back,-0.153921,0.012262,163.652,-5.433,298.908,113.868,102.962,Normal,None
Back,-0.107669,-0.099247,171.978,8.05,512.626,138.742,108.05,Normal,None
Back,-0.019641,-0.014041,101.673,-5.449,729.524,133.029,118.977,Normal,None
Back,0.273931,0.024637,102.742,34.212,594.14,113.193,114.555,Normal,None
Front,-0.266644,-0.091429,83.828,29.178,952.418,105.469,107.123,Normal,None
Back,0.19866,-0.00865,92.779,37.252,886.606,115.417,103.139,Normal,None
Front,-0.031677,0.031221,33.248,20.713,595.455,124.151,108.131,Normal,None
Back,-0.212353,-0.050713,92.383,-3.782,617.256,133.928,105.576,Normal,None
Back,0.265081,-0.090984,68.739,9.265,616.497,143.276,103.819,Normal,None
Front,-0.148555,0.026878,184.432,-9.61,190.03,148.362,105.221,Normal,None
Back,-0.036286,0.072549,116.314,23.992,498.576,153.132,103.413,Normal,None
Back,-0.109027,-0.046983,182.455,22.187,227.152,153.922,116.005,Normal,None
Front,0.047764,-0.073319,81.43,4.87,688.559,140.079,101.175,Normal,None
Back,-0.094004,0.063988,122.161,12.401,139.324,125.355,102.58,Normal,None
Front,0.243925,-0.076876,115.933,4.844,46.108,155.919,101.315,Normal,None
Front,-0.227514,-0.043332,177.467,21.317,373.844,100.299,113.857,Normal,None
Back,-0.106722,0.053025,78.711,37.518,94.303,100.028,112.077,Normal,None
Front,-0.16026,-0.062042,81.83,19.589,199.457,116.55,116.494,Normal,None
Back,0.154885,0.047891,65.466,28.737,383.757,126.927,113.333,Normal,None
Front,-0.211396,-0.032345,198.798,7.592,675.835,146.595,119.066,Normal,None
Front,-0.154205,-0.018089,180.604,33.666,797.309,100.318,103.783,Normal,None
Front,0.234575,0.058943,88.44,7.076,623.197,133.444,108.393,Normal,None
Front,-0.278652,-0.013897,197.982,37.89,841.358,111.974,103.588,Normal,None
Front,-0.080975,0.011685,108.356,35.111,704.802,108.436,108.051,Normal,None
Back,0.276307,0.054079,33.587,17.981,967.915,143.585,101.306,Normal,None
Front,0.298902,0.03544,136.703,0.55,267.826,118.455,118.636,Normal,None
Back,-0.063753,0.052627,69.032,31.501,317.803,120.941,102.939,Normal,None
Front,0.249681,0.071129,179.559,19.043,775.524,110.234,111.932,Normal,None
Back,-0.149514,-0.069907,46.733,16.023,448.214,115.597,115.592,Normal,None
Front,0.03439,-0.020029,188.851,-4.835,123.494,144.431,115.117,Normal,None
Front,0.274692,0.015644,100.912,-6.145,855.566,141.216,109.988,Normal,None
Front,-0.285208,0.097341,59.476,10.404,750.994,115.183,107.995,Normal,None
Back,0.109368,0.030106,147.654,18.518,317.684,159.707,103.022,Normal,None
Back,0.02354,0.08915,155.658,38.846,98.535,139.873,117.19,Normal,None
Back,-0.223941,0.085432,191.839,3.158,329.641,112.97,100.877,Normal,None
Front,0.250871,-0.004201,79.598,21.996,452.155,130.126,109.204,Normal,None
Front,-0.288033,0.06135,109.145,6.726,280.998,140.16,109.111,Normal,None
Back,-0.004098,-0.068676,67.801,10.213,14.534,144.123,111.883,Normal,None
Front,0.082241,0.076041,61.406,-7.327,7.116,148.271,106.235,Normal,None
Front,-0.295333,0.098306,25.06,22.156,644.356,102.953,111.871,Normal,None
Back,-0.021629,0.045181,21.623,21.435,834.625,145.398,103.447,Normal,None
Front,0.258237,-0.009425,49.789,31.462,815.677,106.04,104.514,Normal,None
Front,-0.161298,-0.087187,91.582,32.372,958.8,147.082,104.353,Normal,None
Front,-0.191537,-0.091444,23.857,25.735,521.041,154.399,106.636,Normal,None
Back,0.10208,0.093278,95.735,-5.616,733.297,101.955,106.526,Normal,None
Back,0.048317,-0.071926,155.108,26.788,407.744,131.052,101.564,Normal,None
Front,-0.082554,-0.02016,142.655,-4.503,682.461,109.698,117.825,Normal,None
Back,-0.00244,0.06569,150.524,28.151,707.43,103.695,112.23,Normal,None
Back,0.172765,-0.052788,115.339,13.844,278.255,157.581,101.73,Normal,None
Front,-0.184653,-0.096556,96.672,15.543,798.799,151.254,118.864,Normal,None
Front,-0.009047,-0.098601,139.367,-6.864,984.91,110.554,109.425,Normal,None
Front,-0.042857,-0.034834,27.359,1.118,742.281,137.079,111.108,Normal,None
Back,-0.207711,0.080525,76.791,22.947,436.101,136.973,108.511,Normal,None
Back,0.292292,-0.041405,157.191,-1.266,307.502,134.185,118.812,Normal,None
Back,-0.0377,-0.07295,173.772,15.37,31.567,125.319,112.57,Normal,None
Back,-0.110226,0.012731,139.152,22.318,584.922,107.262,116.699,Normal,None
Front,-0.170663,0.007622,195.313,5.868,178.283,132.763,102.233,Normal,None
Front,-0.057661,0.01802,141.124,-8.505,818.018,105.276,105.308,Normal,None
Back,0.03998,0.041638,185.608,14.456,248.281,100.291,114.162,Normal,None
Back,0.117046,0.003553,65.943,25.313,442.563,150.976,116.891,Normal,None
Back,0.135854,-0.013422,148.123,4.562,409.629,141.92,117.617,Normal,None
Front,0.006036,0.057593,105.756,-7.699,223.719,132.917,104.492,Normal,None
Front,-0.22585,-0.090897,180.558,5.955,821.338,111.713,105.549,Normal,None
Back,0.291887,-0.092187,53.766,21.105,681.057,137.671,104.975,Normal,None
Back,-0.067303,-0.094955,87.997,1.1,712.006,155.013,116.444,Normal,None
Back,-0.028504,0.018785,98.398,13.996,559.867,129.427,112.972,Normal,None
Front,-0.111467,0.093168,45.68,36.279,782.103,107.052,115.794,Normal,None
Front,-0.153519,-0.052876,51.541,8.195,859.591,147.391,118.004,Normal,None
Front,-0.011395,0.00432,142.449,31.562,68.66,144.034,107.072,Normal,None
Back,0.284432,0.016979,53.111,9.554,435.27,124.91,105.066,Normal,None
Front,0.226707,-0.054647,72.295,18.269,24.72,148.16,111.088,Normal,None
Back,0.222927,0.010074,157.092,32.463,627.385,154.96,118.136,Normal,None
Back,-0.234082,-0.053889,26.224,29.513,594.663,104.654,115.15,Normal,None
Front,0.198345,0.010837,151.438,-4.775,26.077,127.827,115.5,Normal,None
Front,-0.012226,-0.002562,51.79,34.612,937.26,136.296,114.815,Normal,None
Back,-0.136278,-0.068108,156.711,10.048,136.85,126.091,116.931,Normal,None
Back,0.023951,0.051815,110.451,-6.708,94.887,120.724,108.75,Normal,None
Back,0.239787,-0.099571,191.343,23.196,605.967,105.15,106.913,Normal,None
Front,-0.294348,0.054926,168.952,1.829,718.055,157.883,101.622,Normal,None
Front,-0.034349,-6.3e-05,188.387,4.949,211.964,132.801,107.757,Normal,None
Back,0.121796,-0.009689,37.994,19.695,23.767,105.493,117.804,Normal,None
Back,-0.07786,0.009826,178.403,-0.326,24.327,155.244,111.88,Normal,None
Front,-0.15468,0.082424,48.589,23.669,120.478,137.241,102.528,Normal,None
Front,-0.034315,-0.020854,52.503,11.312,681.545,157.867,100.898,Normal,None
Back,-0.01501,0.028444,105.197,0.828,212.935,120.251,104.515,Normal,None
Back,-0.049778,-0.066371,81.929,36.595,246.728,145.125,110.658,Normal,None
Back,-0.230383,0.006235,53.33,22.0,480.204,143.016,106.309,Normal,None
Front,-0.092753,0.062404,101.5,-4.369,770.608,131.664,101.186,Normal,None
Front,-0.286598,0.055412,165.346,33.894,845.945,110.18,113.694,Normal,None
Back,0.03488,-0.002325,173.699,6.347,433.558,101.961,117.39,Normal,None
Back,-0.056519,0.053191,188.925,5.632,324.543,129.621,115.348,Normal,None
Back,0.240494,0.036924,98.994,-6.458,285.94,152.74,102.359,Normal,None
Back,-0.166794,-0.092884,76.979,12.967,153.475,116.959,110.737,Normal,None
Back,-0.235528,-0.012401,190.474,34.85,360.094,119.185,116.885,Normal,None
Back,0.01306,-0.088467,24.823,17.18,179.737,104.506,113.103,Normal,None
Back,0.155341,-0.073957,134.727,19.389,124.76,152.679,101.477,Normal,None
Back,-0.149995,0.089239,152.293,31.215,926.517,141.808,111.61,Normal,None
Back,-0.106259,0.04263,42.77,31.278,381.091,122.939,109.169,Normal,None
Back,0.073482,-0.018308,127.344,24.841,693.098,126.848,103.686,Normal,None
Back,0.162839,0.01744,24.232,-1.665,304.475,141.468,114.496,Normal,None
Front,0.241509,0.001464,121.369,18.741,189.218,152.519,106.726,Normal,None
Front,0.202029,0.072518,150.164,27.014,216.737,138.45,101.957,Normal,None
Front,0.088951,0.050327,73.855,-9.658,712.509,124.037,108.976,Normal,None
Back,0.058567,-0.084925,177.553,17.264,926.695,113.341,104.455,Normal,None
Back,0.168999,-0.066741,163.832,13.745,844.935,142.754,107.96,Normal,None
Front,-0.048664,-0.096657,132.836,-5.369,247.058,135.16,108.989,Normal,None
Back,-0.268072,0.047402,32.968,-1.588,696.194,118.268,111.994,Normal,None
Back,-0.097856,0.083138,94.233,5.562,703.462,116.458,104.921,Normal,None
Back,0.098897,-0.015169,125.865,5.353,972.434,148.634,114.378,Normal,None
Back,0.023667,-0.02467,51.969,17.35,859.921,123.076,107.822,Normal,None
Front,0.175063,0.088693,81.731,-2.392,982.649,124.405,119.905,Normal,None
Back,0.076877,0.051038,133.49,25.835,319.951,137.707,101.813,Normal,None
Back,0.163562,-0.023865,154.594,35.67,312.942,141.768,108.645,Normal,None
Back,-0.25508,-0.080495,86.03,-8.267,977.1,144.574,118.401,Normal,None
Back,-0.050074,-0.040134,156.797,-1.967,815.708,111.081,110.073,Normal,None
Back,-0.267011,0.008599,172.894,16.375,510.522,151.993,111.2,Normal,None
Front,0.150279,-0.038349,30.832,35.059,586.931,125.677,103.095,Normal,None
Back,0.157544,-0.08264,95.019,0.519,374.526,127.276,113.976,Normal,None
Back,-0.261652,0.004493,80.81,14.104,204.049,121.595,119.394,Normal,None
Back,0.234342,0.032475,71.442,-3.73,501.143,151.301,105.162,Normal,None
Front,-0.006026,-0.055145,185.189,22.272,519.069,137.721,102.113,Normal,None
Front,0.00305,-0.034306,54.51,5.523,875.36,142.987,118.769,Normal,None
Front,0.134299,0.081746,102.742,38.053,327.978,129.179,100.08,Normal,None
Front,-0.040542,0.058019,147.635,-5.126,720.151,102.741,108.288,Normal,None
Front,-0.291353,0.081664,135.149,36.681,711.15,135.72,111.538,Normal,None
Back,-0.298186,-0.025641,150.145,17.96,774.383,116.48,117.497,Normal,None
Back,0.123685,0.009738,122.688,7.391,40.728,114.496,105.216,Normal,None
Back,0.010279,-0.008517,130.616,-5.714,795.391,136.656,113.844,Normal,None
Front,-0.11753,0.050708,157.932,6.415,304.647,137.099,109.041,Normal,None
Back,-0.178341,-0.040537,184.25,0.754,844.726,141.386,119.085,Normal,None
Back,0.096878,0.073684,27.041,-3.852,542.228,102.671,113.456,Normal,None
Back,-0.142696,0.071323,24.029,-2.682,537.921,145.378,104.268,Normal,None
Back,-0.009263,0.019181,52.953,30.972,606.316,139.337,105.681,Normal,None
Front,0.044453,0.077294,63.469,1.381,436.88,153.058,100.172,Normal,None
Front,0.211817,0.096872,58.754,2.868,92.925,135.226,102.232,Normal,None
Front,-0.287672,0.026371,71.635,3.138,614.597,118.526,104.86,Normal,None
Front,-0.079897,-0.077831,87.884,1.614,683.133,120.925,106.666,Normal,None
Front,-0.045413,-0.04089,150.803,13.513,584.052,149.102,113.983,Normal,None
Front,0.227472,0.060976,59.132,-0.225,540.633,127.211,104.263,Normal,None
Back,-0.145439,-0.036511,153.087,15.245,358.672,146.936,101.896,Normal,None
Back,0.281576,0.051353,36.858,9.165,448.977,138.126,115.364,Normal,None
Back,0.240014,0.011167,98.444,23.855,44.655,111.223,118.737,Normal,None
Front,0.212129,-0.012291,114.727,36.102,890.355,152.12,116.873,Normal,None
Back,0.000498,0.066967,155.237,22.338,179.729,133.818,101.357,Normal,None
Front,-0.265377,0.038737,118.002,6.604,79.985,100.448,103.223,Normal,None
Back,-0.045708,0.09293,72.724,14.38,233.485,140.414,116.01,Normal,None
Back,-0.243807,-0.057728,171.15,7.022,247.821,149.378,101.347,Normal,None
Back,-0.002193,-0.034301,175.44,6.001,874.561,117.772,107.043,Normal,None
Back,-0.279734,-0.01503,44.613,6.236,352.675,120.103,107.014,Normal,None
Back,-0.13057,0.095835,35.819,38.77,199.451,131.949,100.5,Normal,None
Back,0.079115,0.02166,75.646,18.055,848.576,123.035,110.943,Normal,None
Front,0.282216,-0.005337,83.003,-7.395,879.165,103.583,102.809,Normal,None
Front,-0.121699,0.091114,102.541,33.619,463.725,144.373,111.49,Normal,None
Front,-0.250175,0.016747,37.951,-1.147,839.334,134.833,117.925,Normal,None
Back,0.037216,-0.029047,114.287,-3.114,951.154,108.984,111.16,Normal,None
Back,-0.206505,0.076921,55.518,30.681,976.128,108.533,100.783,Normal,None
Back,-0.223078,-0.084254,178.124,25.101,132.743,124.369,110.056,Normal,None
Front,0.224758,0.026107,155.752,-4.743,329.23,134.967,104.766,Normal,None
Back,0.14491,-0.016998,189.045,31.96,514.697,142.636,117.121,Normal,None
Back,0.217364,-0.023271,42.382,5.434,646.665,154.416,113.756,Normal,None
Front,0.192498,-0.04403,43.192,34.667,581.233,123.206,117.886,Normal,None
Front,-0.151721,0.037718,32.722,-5.612,721.192,137.533,117.716,Normal,None
Back,-0.140003,0.058733,100.005,0.873,65.202,138.126,118.036,Normal,None
Front,0.286542,-0.02415,128.661,23.997,377.815,141.564,113.337,Normal,None
Back,0.082657,-0.096027,25.722,39.955,94.261,149.054,106.935,Normal,None
Front,0.186105,0.0846,65.658,26.388,173.65,113.856,110.125,Normal,None
Front,0.198179,-0.034868,67.482,-2.238,967.974,155.004,110.48,Normal,None
Back,0.275583,0.094846,63.597,7.126,145.988,120.232,115.28,Normal,None
Front,-0.030151,-0.049501,139.747,33.017,945.053,127.637,100.241,Normal,None
Back,0.256497,0.097285,121.003,39.077,801.053,134.445,106.6,Normal,None
Back,0.111376,0.039667,79.594,35.265,284.575,119.925,112.593,Normal,None
Back,0.114525,0.067687,191.869,-0.388,386.646,128.018,112.247,Normal,None
Back,0.079969,-0.093372,84.105,11.772,48.155,115.862,106.593,Normal,None
Back,0.013156,0.008401,35.526,34.629,862.818,107.546,119.387,Normal,None
Front,-0.187845,-0.066719,60.625,35.008,836.523,109.947,114.229,Normal,None
Back,-0.23102,0.039447,98.323,0.87,482.577,112.056,102.956,Normal,None
Back,0.069938,-0.022174,62.15,38.964,999.725,109.259,115.924,Normal,None
Back,0.138255,-0.045029,189.636,-0.415,213.066,144.581,102.915,Normal,None
Back,-0.137746,-0.042966,152.278,5.789,979.367,144.901,113.716,Normal,None
Front,0.295087,-0.045624,194.484,37.363,107.177,126.965,112.957,Normal,None
Front,0.143841,0.048015,24.055,-7.793,637.414,147.267,115.996,Normal,None
Front,-0.266776,0.079767,188.568,15.59,490.319,109.077,111.732,Normal,None
Back,0.128604,-0.096827,25.795,32.977,373.191,125.5,106.412,Normal,None
Back,-0.128622,0.060996,180.225,26.9,771.801,134.284,102.826,Normal,None
Back,0.110357,0.065727,169.529,20.905,531.8,138.092,103.829,Normal,None
Back,0.073408,0.028166,89.175,9.571,67.843,157.965,111.847,Normal,None
Front,0.019864,-0.027877,58.465,23.881,763.274,158.668,106.462,Normal,None
Back,0.262508,0.019549,74.512,4.254,179.451,158.031,101.713,Normal,None
Back,-0.139544,0.084268,50.373,28.788,367.142,142.76,109.441,Normal,None
Front,-0.211716,0.099465,98.049,33.634,348.936,150.215,100.974,Normal,None
Back,0.036201,-0.003776,36.37,20.617,938.829,145.098,112.332,Normal,None
Front,3.6e-05,-0.049577,77.962,18.78,458.25,106.912,106.467,Normal,None
Front,0.196022,-0.035084,70.088,7.346,157.155,108.035,118.079,Normal,None
Back,-0.26605,-0.00937,114.802,30.764,706.744,132.234,115.744,Normal,None
Front,0.264858,-0.035181,31.467,33.071,798.038,127.557,112.113,Normal,None
Back,0.071107,0.05509,118.282,2.583,672.407,117.014,109.109,Normal,None
Front,0.035351,0.021901,22.391,15.325,491.821,153.739,111.144,Normal,None
Back,0.09491,-0.061299,186.144,37.385,730.99,102.397,111.288,Normal,None
Front,-0.056257,0.062143,120.703,16.474,832.288,130.071,107.362,Normal,None
Front,-0.28184,0.067727,35.021,39.664,257.902,144.229,116.185,Normal,None
Back,0.126259,0.064673,144.807,14.994,222.066,112.278,106.151,Normal,None
Back,0.216851,-5.7e-05,133.173,12.859,308.791,148.452,105.731,Normal,None
Front,-0.224609,0.02781,130.24,39.513,981.672,109.556,107.524,Normal,None
Back,0.009278,0.080713,44.616,-5.03,164.735,111.323,119.514,Normal,None
Front,0.152622,0.083909,113.883,39.961,855.385,114.706,101.557,Normal,None
Back,-0.15762,-0.0881,116.926,-6.351,550.873,112.702,102.997,Normal,None
Front,-0.014517,0.018651,180.733,37.072,943.307,111.206,104.025,Normal,None
Front,-0.003932,0.066305,198.577,22.641,339.218,121.069,107.972,Normal,None
Back,-0.296353,-0.066694,35.08,32.082,660.945,158.415,108.566,Normal,None
Front,-0.118713,-0.057274,157.609,-7.981,947.821,106.282,104.045,Normal,None
Front,-0.035651,0.053445,160.515,-6.65,163.803,105.461,108.439,Normal,None
Back,0.043503,-0.004805,94.68,25.251,612.81,101.142,104.67,Normal,None
Back,-0.159294,0.050407,176.594,7.907,535.996,103.438,112.304,Normal,None
Front,0.181287,0.04206,181.948,-5.225,105.24,151.336,107.363,Normal,None
Front,-0.221237,0.02542,43.908,2.751,243.808,124.61,110.247,Normal,None
Back,-0.084426,0.078831,189.31,1.511,29.817,126.643,109.288,Normal,None
Front,0.158163,-0.070654,45.694,38.506,558.891,151.712,111.406,Normal,None
Front,-0.140113,-0.086569,116.675,9.386,76.062,109.301,117.966,Normal,None
Front,-0.147482,0.076821,114.885,21.875,151.155,152.61,105.455,Normal,None
Front,0.045509,-0.039789,160.433,10.136,500.402,120.531,110.416,Normal,None
Front,-0.288988,-0.007315,45.332,-0.167,248.516,140.401,114.413,Normal,None
Back,-0.22598,0.043286,107.052,20.907,13.834,126.888,112.269,Normal,None
Front,-0.249185,0.083622,163.17,39.21,296.924,142.281,102.245,Normal,None
Back,0.03223,-0.018373,142.418,26.2,626.35,141.342,103.272,Normal,None
Back,0.021355,0.06638,116.436,30.18,942.031,121.109,105.657,Normal,None
Front,0.291073,0.098825,160.991,16.578,599.319,130.968,116.849,Normal,None
Front,0.121366,-0.08413,117.33,16.095,5.702,124.463,111.045,Normal,None
Back,-0.064767,-0.042155,175.991,29.617,107.62,150.151,112.028,Normal,None
Front,0.294956,0.017534,69.652,31.842,63.649,120.293,109.005,Normal,None
Front,0.096644,-0.029061,198.101,34.811,357.813,110.995,109.17,Normal,None
Back,-0.202703,0.07939,31.101,20.445,255.083,118.139,110.764,Normal,None
Back,-0.275352,0.044401,171.33,29.551,600.235,101.289,111.189,Normal,None
Front,0.179892,0.031033,171.773,37.156,792.524,132.609,106.147,Normal,None
Front,0.123225,0.028565,62.221,5.189,185.839,152.708,114.668,Normal,None
Back,-0.230357,0.064955,89.963,31.837,920.167,102.311,113.498,Normal,None
Back,-0.24152,0.091077,198.25,22.756,189.125,113.901,106.902,Normal,None
Back,0.096752,0.069819,170.391,23.352,802.713,122.574,100.214,Normal,None
Back,0.23955,0.070815,126.844,14.716,169.951,104.441,116.597,Normal,None
Front,-0.28569,0.080884,129.167,12.472,413.818,133.945,111.109,Normal,None
Back,-0.064879,0.008514,105.407,13.773,361.277,129.841,111.16,Normal,None
Front,-0.031178,0.077255,113.177,5.767,844.715,100.398,116.571,Normal,None
Front,-0.1024,-0.039818,128.664,36.837,229.422,115.373,106.959,Normal,None
Front,0.178781,-0.044821,189.133,-3.873,127.357,125.819,102.068,Normal,None
Back,0.273522,-0.008293,28.07,30.661,211.21,135.353,102.628,Normal,None
Back,-0.162375,-0.000757,128.682,33.673,948.539,128.039,101.458,Normal,None
Back,0.077557,0.075336,103.004,-2.044,898.563,145.913,103.406,Normal,None
Front,-0.170388,-0.07707,132.26,22.96,716.66,100.465,104.517,Normal,None
Front,0.125778,0.073327,133.516,38.267,934.747,151.252,111.116,Normal,None
Back,-0.260149,0.01536,102.516,30.064,175.847,121.749,104.591,Normal,None
Front,-0.20563,-0.063459,57.87,22.25,491.834,127.728,119.472,Normal,None
Back,0.229376,-0.076763,78.62,35.621,980.252,146.632,109.354,Normal,None
Front,0.12575,0.019039,131.302,28.099,930.176,148.216,117.985,Normal,None
Back,0.222611,-0.029945,192.918,-5.679,686.671,115.358,117.759,Normal,None
Front,-0.167495,0.063146,69.419,35.682,868.949,123.663,110.659,Normal,None
Front,-0.169364,0.041836,41.733,17.9,99.41,157.001,114.303,Normal,None
Front,0.072449,0.073723,105.487,7.64,83.363,158.279,100.244,Normal,None
Back,0.053922,0.076478,56.212,-0.27,932.718,101.935,108.589,Normal,None
Back,-0.146371,0.071621,124.833,21.777,745.045,131.941,111.591,Normal,None
Front,-0.024906,0.053369,185.881,-4.589,692.245,119.837,107.124,Normal,None
Back,0.002211,0.027615,176.876,28.751,130.97,103.531,110.566,Normal,None
Front,0.250671,-0.04648,105.246,9.895,971.084,125.597,100.917,Normal,None
Front,0.043558,-0.063517,149.106,21.067,253.795,133.483,116.647,Normal,None
Front,0.048981,-0.072009,44.623,-5.239,53.588,111.174,101.961,Normal,None
Back,0.021326,-0.087142,161.765,18.227,597.301,128.388,107.415,Normal,None
Front,0.04766,-0.024548,36.64,5.583,808.865,105.509,115.94,Normal,None
Front,-0.236882,0.055306,168.926,10.925,658.925,132.567,118.529,Normal,None
Front,-0.077685,0.00038,40.675,18.201,735.424,157.682,114.544,Normal,None
Back,0.091849,-0.053676,100.066,35.007,958.169,115.919,107.169,Normal,None
Front,0.238208,0.066916,67.122,3.513,542.785,118.879,107.838,Normal,None
Back,0.007059,0.00987,106.69,-7.099,42.499,101.338,117.521,Normal,None
Back,0.129024,-0.020797,74.217,15.891,988.822,100.238,104.72,Normal,None
Front,-0.160271,-0.092498,21.736,20.491,596.041,150.123,119.288,Normal,None
Back,-0.190685,-0.097975,36.121,17.571,40.39,146.087,113.158,Normal,None
Front,0.245667,0.006255,163.962,-7.126,368.485,142.022,100.666,Normal,None
Front,0.166205,0.04589,82.422,27.054,322.087,114.109,110.874,Normal,None
Back,-0.085262,0.024454,179.054,9.733,993.732,129.066,112.096,Normal,None
Front,-0.227542,0.06957,60.132,4.743,377.963,142.54,112.408,Normal,None
Front,-0.046931,0.036159,28.81,-9.636,344.126,144.435,111.62,Normal,None
Back,0.04034,-0.09975,126.164,17.517,326.598,145.116,111.386,Normal,None
Front,0.292936,0.083646,144.728,15.46,865.444,102.364,114.469,Normal,None
Front,-0.019864,-0.098843,192.163,38.679,112.121,112.443,106.978,Normal,None
Front,-0.222295,0.05742,83.392,39.969,263.557,109.846,114.051,Normal,None
Back,0.046368,0.053872,195.89,-7.635,962.095,126.065,107.756,Normal,None
Front,-0.104126,-0.032633,133.866,10.065,419.52,102.718,103.135,Normal,None
Back,0.078921,0.061233,60.645,24.789,920.084,153.356,111.064,Normal,None
Front,-0.045474,-0.052333,135.918,36.414,419.274,114.496,118.799,Normal,None
Back,-0.020013,0.031526,174.175,12.394,341.42,147.287,110.15,Normal,None
Back,0.21336,-0.049566,85.214,5.074,436.29,131.587,101.767,Normal,None
Back,-0.085288,-0.046885,152.61,17.715,57.131,133.519,116.819,Normal,None
Front,0.092112,0.015257,175.864,37.383,79.546,131.974,112.724,Normal,None
Front,0.189195,-0.085453,172.331,24.457,338.856,150.986,116.091,Normal,None
Front,-0.102505,0.034729,26.58,2.608,290.215,139.175,102.771,Normal,None
Back,-0.149408,0.05086,65.083,24.308,804.639,155.901,107.538,Normal,None
Front,0.168267,0.061004,24.134,23.105,720.035,135.239,112.47,Normal,None
Front,-0.296322,0.092206,147.885,1.588,509.087,145.784,116.587,Normal,None
Back,0.001607,0.01835,83.15,34.219,522.51,106.679,115.728,Normal,None
Back,-0.146295,0.059571,104.219,-7.503,186.554,133.536,115.491,Normal,None
Back,-0.096937,0.011351,68.44,30.415,195.97,158.463,118.892,Normal,None
Back,-0.285101,-0.051917,56.942,24.951,943.447,151.034,104.339,Normal,None
Back,0.006611,0.041605,93.543,32.763,339.373,123.978,109.683,Normal,None
Front,-0.236398,0.00736,64.003,-1.193,299.568,113.033,103.4,Normal,None
Back,0.062786,0.042456,150.624,16.922,292.547,141.896,111.815,Normal,None
Front,-0.086216,0.046774,134.425,25.139,816.099,108.178,100.988,Normal,None
Front,-0.027273,0.040683,32.949,-3.946,201.442,112.446,111.59,Normal,None
Front,0.091232,-0.035243,42.524,8.175,639.325,115.303,102.153,Normal,None
Back,-0.069094,-0.025357,182.649,-8.867,191.878,148.956,100.556,Normal,None
Back,0.214839,-0.036796,40.41,11.227,114.849,100.582,104.468,Normal,None
Back,0.027367,0.033573,20.324,38.508,213.402,150.452,105.334,Normal,None
Front,-0.18069,0.044956,31.365,36.692,348.178,154.957,112.051,Normal,None
Front,0.218656,0.025779,118.077,-7.455,32.151,110.3,109.694,Normal,None
Back,-0.192439,-0.072771,49.871,9.029,753.185,101.064,113.286,Normal,None
Front,0.265285,-0.006038,98.608,-0.09,450.757,111.978,118.61,Normal,None
Back,0.232568,-0.089199,68.994,27.987,55.067,126.046,106.954,Normal,None
Back,-0.220176,0.048942,196.502,13.547,915.955,108.764,115.937,Normal,None
Back,0.184023,-0.077766,49.451,-6.12,280.828,104.977,101.093,Normal,None
Back,0.027204,-0.068863,62.239,38.437,536.558,108.767,108.348,Normal,None
Front,-0.068305,-0.035531,55.682,11.786,153.891,110.957,104.582,Normal,None
Front,-0.130104,0.007724,123.895,9.072,530.814,122.08,108.428,Normal,None
Back,0.108947,0.023363,140.031,23.311,105.938,142.978,102.053,Normal,None
Back,0.120573,0.04157,194.889,6.492,233.456,145.971,112.448,Normal,None
Front,0.290114,-0.093486,29.841,33.091,837.918,134.62,115.989,Normal,None
Back,-0.150455,0.004802,102.236,-3.799,562.986,143.032,105.369,Normal,None
Front,0.283777,0.003381,51.97,28.177,233.404,159.983,105.706,Normal,None
Back,0.133406,0.044668,72.098,12.534,194.176,101.972,103.362,Normal,None
Back,-0.112534,-0.099087,148.142,18.898,79.797,140.133,118.188,Normal,None
Front,0.1865,0.023795,49.796,11.764,4.264,137.45,100.056,Normal,None
Back,-0.17583,-0.030129,144.877,38.512,440.367,126.253,109.222,Normal,None
Back,0.100714,-0.066179,87.129,32.587,690.907,133.547,100.218,Normal,None
Front,-0.044546,0.085678,80.98,8.225,161.645,158.434,110.036,Normal,None
Front,-0.100966,-0.04411,165.248,-4.884,324.91,158.643,102.249,Normal,None
Front,-0.059356,-0.095612,170.855,34.124,187.225,135.752,110.805,Normal,None
Back,-0.293218,0.012495,139.614,-7.222,201.248,136.711,106.681,Normal,None
Front,0.047812,0.080542,97.215,10.406,786.416,135.875,115.007,Normal,None
Front,0.001729,0.062979,100.334,37.626,274.017,117.186,116.482,Normal,None
Back,0.266176,-0.014673,107.356,32.592,939.391,141.178,105.789,Normal,None
Back,-0.212732,-0.087275,138.003,5.409,452.529,123.119,112.074,Normal,None
Front,-0.13776,0.039138,151.772,25.771,463.112,123.007,105.503,Normal,None
Back,-0.075849,-0.007184,183.15,15.907,695.83,105.491,100.773,Normal,None
Back,0.025254,-0.052208,151.067,30.533,938.814,106.933,116.789,Normal,None
Back,-0.077413,-0.096112,58.716,5.471,693.704,118.581,115.315,Normal,None
Back,0.103097,0.024975,139.342,15.614,120.002,130.386,119.529,Normal,None
Back,0.033865,0.058097,35.422,-4.504,924.596,112.821,119.261,Normal,None
Back,-0.249024,-0.003761,85.178,-9.139,633.746,130.75,106.012,Normal,None
Back,0.163419,-0.038751,70.359,39.811,198.639,155.238,116.578,Normal,None
Back,0.279501,-0.062126,172.886,21.252,177.971,140.819,118.027,Normal,None
Front,-0.238289,0.067132,160.372,5.376,871.352,138.311,112.548,Normal,None
Back,-0.279182,0.08637,27.018,22.046,381.598,103.617,103.523,Normal,None
Back,-0.298296,-0.020554,53.223,6.746,995.434,117.788,100.451,Normal,None
Front,-0.180855,-0.041791,99.505,-2.424,496.268,146.788,110.618,Normal,None
Back,0.133022,-0.054219,170.245,-7.231,36.547,130.732,101.986,Normal,None
Front,0.09527,0.041764,35.794,3.395,697.345,156.324,108.927,Normal,None
Front,0.06461,-0.056377,112.653,17.314,377.885,148.446,108.595,Normal,None
Front,0.27122,-0.043237,158.911,10.652,404.031,102.149,104.29,Normal,None
Back,-0.099425,0.072179,181.235,13.163,375.981,144.575,118.456,Normal,None
Back,-0.158378,0.01962,82.806,-8.922,487.796,151.408,110.256,Normal,None
Back,0.002209,0.01915,41.246,7.614,132.773,104.214,118.159,Normal,None
Back,0.028745,-0.010718,126.156,34.302,299.431,112.272,109.704,Normal,None
Back,0.245843,0.069477,74.738,13.502,932.99,147.545,106.612,Normal,None
Back,0.193339,-0.022987,41.974,8.844,952.714,148.687,108.063,Normal,None
Front,-0.015844,0.057968,163.632,11.087,358.199,141.018,100.635,Normal,None
Front,0.129067,-0.021885,198.295,20.353,370.486,107.699,118.293,Normal,None
Front,-0.149367,0.014706,44.72,-6.719,878.3,108.469,119.626,Normal,None
Back,0.006503,0.034805,147.475,9.054,840.715,132.321,107.191,Normal,None
Front,-0.026617,-0.062285,83.412,27.965,990.764,132.723,108.669,Normal,None
Back,-0.098109,-0.093245,128.667,39.483,110.017,126.697,115.877,Normal,None
Front,0.119918,-0.044218,146.951,1.067,463.764,159.274,100.197,Normal,None
Front,0.287776,0.021145,123.722,8.179,839.196,136.082,117.956,Normal,None
Front,0.128322,0.062921,132.248,21.327,331.976,119.13,107.825,Normal,None
Back,0.049987,-0.078747,73.415,13.88,739.162,110.998,108.608,Normal,None
Front,-0.085905,0.029622,81.391,17.519,77.524,152.436,103.39,Normal,None
Back,0.246015,-0.070421,41.403,2.317,860.562,111.043,119.575,Normal,None
Back,0.037181,0.06462,41.748,38.668,605.526,128.769,103.397,Normal,None
Back,-0.120762,-0.096446,187.203,9.821,550.507,120.587,108.79,Normal,None
Back,0.00326,-0.014144,49.609,29.626,573.524,116.418,113.774,Normal,None
Back,-0.092676,0.027695,50.757,39.728,96.372,139.012,119.498,Normal,None
Back,-0.246721,-0.056908,182.164,19.899,358.442,121.452,110.318,Normal,None
Front,-0.018306,0.066144,167.446,-3.314,973.825,158.266,106.395,Normal,None
Back,-0.210441,-0.005541,92.347,10.335,310.153,118.499,108.01,Normal,None
Back,-0.207711,0.03063,125.12,26.867,824.969,131.948,104.824,Normal,None
Back,-0.244721,0.071003,197.409,-9.715,656.965,120.7,114.805,Normal,None
Back,-0.166805,0.080906,147.99,29.313,201.892,102.372,116.465,Normal,None
Front,0.22941,0.005948,195.933,6.354,337.525,126.667,106.464,Normal,None
Back,0.207828,-0.025545,33.211,25.339,431.377,141.14,103.231,Normal,None
Back,-0.151755,0.045533,84.802,11.705,219.86,128.184,117.543,Normal,None
Front,-0.185584,0.076988,22.88,38.022,882.974,151.216,115.689,Normal,None
Front,-0.165909,0.044986,112.042,-4.572,699.051,109.824,104.127,Normal,None
Back,-0.245644,-0.008529,66.42,37.241,321.32,148.932,111.964,Normal,None
Front,0.050496,-0.010956,118.469,29.252,569.027,107.187,116.975,Normal,None
Front,-0.131926,-0.006192,63.734,5.373,967.46,133.099,117.375,Normal,None
Front,-0.051817,0.056093,70.697,18.933,917.744,126.043,118.28,Normal,None
Back,0.28261,-0.063439,37.147,5.341,325.502,106.506,102.398,Normal,None
Front,0.050413,-0.022275,106.527,27.003,219.399,144.626,105.02,Normal,None
Front,-0.273304,-0.059471,135.84,14.256,238.268,134.744,116.034,Normal,None
Front,-0.028163,0.09199,43.634,14.874,670.918,106.662,114.958,Normal,None
Back,-0.162803,0.049478,76.237,39.105,5.137,127.412,110.832,Normal,None
Front,-0.095765,0.001114,20.385,16.639,436.777,117.612,108.31,Normal,None
Back,0.283717,0.077369,80.714,19.255,200.368,111.032,116.502,Normal,None
Front,-0.180835,0.000374,190.339,-3.762,382.268,145.488,108.954,Normal,None
Front,0.036211,-0.030248,182.807,-4.885,605.546,102.564,103.003,Normal,None
Front,0.295158,-0.026949,50.58,32.738,19.694,136.028,117.452,Normal,None
Front,-0.189258,-0.017982,132.911,17.585,276.937,132.027,101.188,Normal,None
Front,-0.205006,0.008899,172.657,20.153,976.309,112.416,103.731,Normal,None
Back,0.210664,0.080902,52.668,-2.393,25.288,106.519,110.676,Normal,None
Front,-0.011856,-0.079154,129.174,17.605,478.012,140.985,111.531,Normal,None
Back,0.239965,0.086656,154.569,-0.768,584.151,122.401,110.431,Normal,None
Front,0.207388,0.027416,122.757,18.073,975.283,124.753,117.596,Normal,None
Back,0.028849,0.060257,45.268,5.705,503.437,112.139,119.665,Normal,None
Front,-0.167776,-0.095007,42.41,-8.405,429.794,154.998,103.162,Normal,None
Front,0.17208,-0.030561,100.896,13.365,981.804,100.922,115.677,Normal,None
Back,0.026194,0.059292,159.208,38.081,652.717,131.886,118.596,Normal,None
Front,-0.111697,-0.092559,35.363,37.083,80.266,100.583,106.583,Normal,None
Back,0.159352,-0.08616,117.7,14.424,942.906,100.905,115.972,Normal,None
Back,-0.171503,-0.075479,101.998,1.155,719.27,101.676,101.175,Normal,None
Back,-0.112787,-0.085169,109.413,20.831,579.643,138.34,114.25,Normal,None
Back,0.271267,-0.039624,138.58,8.228,517.531,159.782,107.722,Normal,None
Front,0.009953,0.045508,43.249,38.075,266.664,139.728,100.488,Normal,None
Back,-0.297184,-0.001386,189.535,25.604,7.857,152.761,109.464,Normal,None
Back,0.060871,0.073466,151.283,21.312,353.384,142.55,101.532,Normal,None
Front,0.157089,0.081255,37.237,30.494,996.037,153.785,108.744,Normal,None
Back,0.109599,0.073829,20.579,12.066,401.485,100.765,104.96,Normal,None
Front,0.229787,0.021198,56.836,3.869,811.25,142.249,116.963,Normal,None
Front,0.10943,0.010073,128.768,-6.559,312.006,122.492,110.008,Normal,None
Front,0.007987,-0.056173,159.494,22.277,186.96,144.77,107.637,Normal,None
Back,0.231812,0.025252,86.031,15.001,234.632,148.772,106.162,Normal,None
Back,0.190088,-0.043151,104.821,9.147,999.856,122.36,115.714,Normal,None
Back,0.096258,0.026438,95.74,9.258,320.452,123.41,117.395,Normal,None
Front,0.046925,-0.072603,112.519,7.987,491.558,154.885,102.804,Normal,None
Back,0.260778,-0.039321,184.858,6.622,874.332,102.792,111.197,Normal,None
Front,0.097106,-0.024248,152.007,39.51,578.091,132.167,114.264,Normal,None
Front,-0.255664,-0.086852,81.216,14.998,848.067,100.773,111.315,Normal,None
Front,0.134693,0.078816,85.907,8.907,39.594,135.822,116.504,Normal,None
Back,-0.222643,0.022259,66.593,25.021,625.903,134.339,111.062,Normal,None
Back,-0.225987,-0.056813,166.406,26.002,271.923,110.882,114.147,Normal,None
Front,0.133089,0.009508,90.95,23.19,612.856,102.849,109.26,Normal,None
Back,0.030677,-0.006036,162.74,-9.04,622.33,137.754,105.345,Normal,None
Back,-0.058083,0.073102,71.983,18.677,252.715,149.192,106.422,Normal,None
Front,0.040258,0.047684,62.799,-9.874,517.337,143.467,111.006,Normal,None
Back,0.163356,-0.077416,176.294,3.708,639.717,104.41,112.409,Normal,None
Back,0.187555,-0.077086,127.005,0.588,469.786,128.274,110.12,Normal,None
Back,0.277693,-0.004981,188.349,28.819,689.192,130.209,117.133,Normal,None
Front,0.04837,0.01155,170.983,23.781,188.757,105.933,117.879,Normal,None
Back,0.089708,-0.070417,194.714,24.471,981.924,138.036,113.095,Normal,None
Back,-0.166837,0.018068,81.083,25.056,145.224,153.664,113.169,Normal,None
Back,-0.069375,-0.006134,163.426,-6.526,210.549,108.05,111.233,Normal,None
Back,-0.210581,0.029078,115.689,-0.09,552.765,104.18,101.555,Normal,None
Back,0.163687,-0.058181,21.938,17.225,829.741,145.848,111.445,Normal,None
Front,-0.273959,0.021307,38.452,38.516,759.04,137.625,110.502,Normal,None
Front,-0.254081,0.096976,48.944,-0.922,998.636,147.231,117.971,Normal,None
Back,-0.004951,-0.075038,100.982,3.931,745.707,102.701,102.883,Normal,None
Front,-0.242777,0.090759,146.873,9.814,233.105,150.33,105.407,Normal,None
Front,-0.207787,0.035493,174.452,7.745,711.956,124.865,109.56,Normal,None
Front,-0.029847,-0.055771,196.699,16.439,148.766,109.256,109.851,Normal,None
Front,0.243879,-0.076219,28.229,17.343,651.96,145.182,119.088,Normal,None
Back,0.194995,0.004332,82.31,12.876,105.507,149.559,109.712,Normal,None
Back,0.098888,-0.066143,117.861,37.584,636.593,143.813,106.377,Normal,None
Front,-0.214315,-0.031244,73.133,31.116,265.983,124.183,102.651,Normal,None
Front,0.152202,-0.060142,124.817,-6.16,232.379,147.172,114.386,Normal,None
Back,0.224855,-0.092776,125.558,-2.221,963.393,105.128,115.845,Normal,None
Front,0.104379,-0.05983,66.703,2.936,835.393,112.496,111.015,Normal,None
Front,-0.29026,-0.020398,36.375,3.363,569.623,128.574,108.856,Normal,None
Back,-0.264127,-0.035536,51.811,32.805,580.976,137.009,111.899,Normal,None
Back,-0.026304,-0.067899,99.215,26.051,405.388,137.501,108.966,Normal,None
Front,-0.295166,0.052356,30.765,-0.899,611.637,131.231,105.025,Normal,None
Front,-0.248158,-0.005397,106.154,5.632,385.511,105.748,108.865,Normal,None
Back,-0.096131,0.000506,70.071,37.933,176.093,148.791,101.121,Normal,None
Front,-0.015105,0.027929,93.735,39.554,153.418,111.754,113.827,Normal,None
Front,-0.091745,0.06427,125.68,20.421,709.758,136.662,109.47,Normal,None
Back,0.099993,0.019872,29.472,36.162,753.931,134.369,101.539,Normal,None
Back,0.000901,0.00941,124.625,39.324,998.251,133.107,117.189,Normal,None
Back,0.272452,-0.022995,151.52,-4.616,76.409,118.811,102.709,Normal,None
Back,-0.23268,-0.023956,103.676,7.615,134.165,146.294,102.872,Normal,None
Front,0.149431,-0.033408,164.701,26.607,838.839,142.754,101.9,Normal,None
Front,-0.084799,0.000668,169.294,-0.229,557.465,157.495,101.526,Normal,None
Front,-0.206897,0.031633,53.894,25.535,379.786,106.14,105.068,Normal,None
Front,0.274713,0.028044,63.006,13.677,805.89,140.614,103.297,Normal,None
Back,-0.002565,0.00355,132.496,35.466,214.687,133.621,118.022,Normal,None
Front,-0.029241,0.012122,137.39,33.793,869.175,127.448,115.672,Normal,None
Front,0.146369,-0.031567,179.964,33.981,340.185,113.154,101.78,Normal,None
Front,0.190552,0.049987,66.147,-4.898,245.901,124.306,117.545,Normal,None
Front,-0.243336,0.054793,168.581,38.084,252.046,121.18,100.335,Normal,None
Front,-0.262622,-0.040773,181.293,-3.162,615.736,139.554,101.52,Normal,None
Front,-0.05851,-0.08568,125.822,6.524,398.306,113.21,109.906,Normal,None
Front,0.051229,-0.092623,82.998,-7.942,382.236,114.04,100.882,Normal,None
Back,-0.168811,-0.076356,116.634,4.193,763.601,146.182,105.672,Normal,None
Front,-0.259767,0.052003,20.198,28.201,146.179,117.102,103.335,Normal,None
Back,0.193036,-0.060958,142.287,36.319,472.652,101.128,110.484,Normal,None
Back,0.089841,0.074075,85.09,22.592,906.187,100.998,111.948,Normal,None
Back,-0.225295,0.029234,157.919,34.467,390.44,143.154,105.015,Normal,None
Front,-0.187321,0.044935,114.264,-2.736,688.732,143.058,108.631,Normal,None
Back,-0.004309,0.029622,55.775,15.658,143.421,153.078,109.744,Normal,None
Back,-0.082774,0.058586,171.579,21.241,434.651,156.243,116.273,Normal,None
Back,-0.02157,-0.092779,105.939,11.108,735.302,144.796,116.254,Normal,None
Front,-0.154747,0.09309,56.098,-1.74,366.537,110.68,106.684,Normal,None
Back,0.081446,0.033523,53.215,31.512,496.298,151.04,114.001,Normal,None
Front,0.194446,-0.070149,178.453,10.936,592.913,141.103,118.247,Normal,None
Front,0.245161,0.083276,86.235,-3.379,518.547,133.185,103.6,Normal,None
Back,0.084963,-0.036162,27.219,-8.855,719.605,105.729,111.923,Normal,None
Front,-0.145168,0.048704,56.475,12.796,755.861,114.181,111.922,Normal,None
Front,-0.061145,0.08909,92.744,18.802,743.928,137.042,105.258,Normal,None
Back,0.217723,0.027243,194.693,9.562,900.743,110.904,103.158,Normal,None
Front,0.270787,-0.051348,131.451,2.881,984.078,122.823,113.748,Normal,None
Back,0.075179,-0.015002,145.632,29.412,723.363,141.242,101.959,Normal,None
Front,-0.092879,0.036268,147.268,23.161,760.48,146.331,100.656,Normal,None
Front,0.18877,-0.069635,72.711,-9.389,87.984,149.225,112.116,Normal,None
Front,0.203367,-0.090637,83.816,-2.982,748.42,142.906,112.594,Normal,None
Back,-0.247548,-0.095223,162.374,33.519,866.176,141.004,111.717,Normal,None
Front,-0.299455,-0.00552,158.65,34.956,522.546,154.602,113.843,Normal,None
Back,0.211542,-0.08116,137.448,-6.092,472.911,152.872,110.75,Normal,None
Back,0.212523,0.033593,102.565,-5.76,136.562,127.591,102.694,Normal,None
Back,-0.201721,-0.027671,68.159,22.841,557.415,149.881,111.255,Normal,None
Back,0.104998,0.084628,38.459,25.63,478.48,106.519,119.511,Normal,None
Front,-0.152631,-0.045705,32.653,18.929,807.191,100.397,101.682,Normal,None
Front,-0.247642,-0.056012,129.837,21.684,987.811,124.268,106.931,Normal,None
Front,-0.09388,-0.000869,136.337,39.489,237.238,126.931,101.295,Normal,None
Front,-0.144152,0.010404,33.122,-6.361,655.048,125.286,101.877,Normal,None
Back,0.055138,-0.070329,99.931,8.733,790.467,120.564,109.769,Normal,None
Back,-0.13279,-0.0056,35.37,28.129,852.937,100.686,100.312,Normal,None
Back,-0.093105,-0.098514,133.026,24.794,919.997,116.294,104.163,Normal,None
Front,-0.098087,0.048185,180.078,29.319,752.559,143.475,101.834,Normal,None
Front,0.118712,-0.044998,88.9,21.395,275.44,157.986,116.304,Normal,None
Back,-0.202936,-0.026634,40.836,-2.935,847.08,132.712,114.204,Normal,None
Back,-0.255874,0.028935,76.034,-4.164,202.671,121.753,105.952,Normal,None
Back,0.198287,0.095496,66.709,-5.067,530.219,105.754,105.75,Normal,None
Back,0.121226,-0.021179,72.419,19.443,764.743,112.452,119.341,Normal,None
Back,0.04547,0.068754,99.56,0.383,376.319,134.865,115.669,Normal,None
Front,0.173996,-0.016942,63.224,4.955,459.362,102.26,102.364,Normal,None
Front,-0.188109,-0.097342,100.514,1.336,570.382,149.502,113.941,Normal,None
Back,-0.1227,-0.035889,155.62,31.291,584.633,139.716,115.39,Normal,None
Back,0.090134,0.046588,52.118,39.811,786.351,103.477,103.378,Normal,None
Back,-0.298519,-0.068753,124.317,-9.692,874.527,156.091,112.752,Normal,None
Front,-0.151037,0.031696,155.994,25.69,73.947,136.93,103.801,Normal,None
Back,0.277315,-0.021235,153.076,4.444,357.954,145.397,104.607,Normal,None
Back,0.075988,-0.097894,51.23,28.369,956.32,101.809,103.008,Normal,None
Front,0.103438,0.076408,152.71,25.484,463.549,159.162,119.475,Normal,None
Back,-0.005308,0.061681,175.118,28.518,767.865,146.535,113.229,Normal,None
Back,-0.097826,-0.07629,66.006,30.513,854.51,126.792,110.254,Normal,None
Back,0.199884,-0.050805,78.179,17.437,600.523,121.035,110.169,Normal,None
Front,-0.20536,0.098959,55.975,5.404,921.529,106.417,106.633,Normal,None
Back,0.004864,0.030609,120.892,-7.87,890.468,142.167,102.212,Normal,None
Front,-0.100645,-0.034416,76.417,17.704,496.505,115.359,103.652,Normal,None
Back,-0.143613,-0.097574,146.331,2.237,823.155,156.466,116.607,Normal,None
Back,-0.205448,-0.081232,119.565,39.081,213.24,137.404,115.068,Normal,None
Front,-0.172756,-0.000226,177.454,25.14,387.989,133.362,112.524,Normal,None
Front,0.215147,-0.005026,88.369,-3.639,707.368,141.862,106.209,Normal,None
Back,-0.257428,-0.005523,70.44,14.833,724.825,159.024,118.058,Normal,None
Front,0.222416,0.093588,20.067,19.498,28.441,115.336,117.855,Normal,None
Front,0.083085,-0.079838,36.138,15.699,573.11,149.858,109.476,Normal,None
Back,0.07524,0.011587,181.75,4.822,3.632,125.653,111.33,Normal,None
Front,0.115992,0.046589,39.595,6.277,522.706,138.423,115.213,Normal,None
Back,0.000756,-0.045994,138.972,7.107,909.33,116.88,106.282,Normal,None
Back,0.068062,0.006808,20.474,2.171,217.84,154.843,115.876,Normal,None
Front,0.010193,-0.040805,121.69,19.102,87.621,146.0,102.112,Normal,None
Back,-0.180703,-0.003808,65.505,10.319,793.573,114.041,118.455,Normal,None
Back,-0.268697,0.011091,65.565,20.187,902.559,148.335,108.415,Normal,None
Front,0.029138,-0.008423,60.043,-7.059,431.359,134.792,119.916,Normal,None
Back,-0.155251,-0.093047,97.576,-6.13,773.387,137.397,115.715,Normal,None
Back,-0.142485,0.085348,139.093,29.524,150.551,135.543,101.827,Normal,None
Front,-0.24659,-0.067991,133.926,8.229,874.651,104.494,101.791,Normal,None
Front,-0.004683,0.025477,105.285,16.298,152.019,130.842,100.735,Normal,None
Front,0.25949,0.090368,137.649,20.499,485.912,108.904,115.752,Normal,None
Front,-0.288935,-0.022497,102.047,14.338,659.675,149.611,111.835,Normal,None
Back,0.138332,-0.043347,30.348,-0.488,658.528,155.866,108.469,Normal,None
Front,0.163746,0.080555,89.503,36.474,84.951,118.405,102.684,Normal,None
Back,0.04572,-0.002683,24.231,8.199,806.529,142.65,108.232,Normal,None
Front,0.157339,-0.049336,23.118,5.078,447.404,112.838,115.616,Normal,None
Front,-0.112207,0.084492,23.278,-8.144,936.097,124.651,112.055,Normal,None
Front,0.292627,0.09747,73.494,13.464,993.281,110.878,110.749,Normal,None
Back,0.040159,0.080519,43.66,27.893,144.761,140.504,104.817,Normal,None
Front,-0.082967,0.039111,66.546,10.696,390.564,156.633,116.89,Normal,None
Front,0.00393,0.020692,153.784,20.618,274.96,128.643,113.591,Normal,None
Front,0.275903,0.084887,190.167,39.717,963.221,127.042,111.006,Normal,None
Back,0.004483,-0.040962,108.906,26.148,314.325,105.724,100.553,Normal,None
Front,-0.089994,0.097363,137.623,-5.608,361.431,154.812,109.031,Normal,None
Back,0.210476,-0.063007,81.623,38.003,833.812,149.591,106.255,Normal,None
Back,-0.219552,0.04627,68.772,11.277,34.237,114.554,119.372,Normal,None
Front,0.264503,-0.083434,154.198,7.676,670.285,147.589,108.313,Normal,None
Front,0.012896,0.0245,78.578,27.884,29.635,131.781,107.291,Normal,None
Back,0.152815,0.050622,63.444,16.837,354.117,120.283,110.279,Normal,None
Back,-0.005226,0.074566,40.701,17.637,430.404,114.621,106.818,Normal,None
Back,-0.065152,0.097165,72.537,14.132,132.408,114.69,103.283,Normal,None
Front,0.140133,0.057808,74.3,28.639,985.446,154.156,117.707,Normal,None
Back,-0.174758,-0.088476,37.328,-9.789,99.343,155.153,104.585,Normal,None
Back,0.186521,-0.089084,62.514,22.938,186.413,147.668,112.566,Normal,None
Back,-0.076312,-0.049093,185.253,26.288,909.0,114.893,106.525,Normal,None
Back,-0.281772,-0.091695,43.234,-4.462,135.608,128.997,118.193,Normal,None
Back,0.111101,-0.065515,102.7,27.4,834.226,122.322,116.314,Normal,None
Front,-0.228794,-0.028106,167.362,22.775,34.82,147.73,107.351,Normal,None
Front,-0.054869,-0.04687,181.247,28.403,435.703,119.444,119.711,Normal,None
Back,-0.066459,-0.090431,172.236,13.742,261.355,108.538,110.997,Normal,None
Front,0.162783,0.057683,135.179,27.41,619.293,112.88,102.361,Normal,None
Back,-0.02486,-0.088152,142.676,33.538,752.393,155.555,117.32,Normal,None
Back,0.140012,0.031168,31.191,34.041,713.22,151.552,109.614,Normal,None
Back,-0.149369,-0.03688,144.704,21.958,333.361,123.997,105.789,Normal,None
Front,-0.119439,0.030539,143.635,23.214,831.233,147.738,105.131,Normal,None
Front,-0.059072,0.083306,36.71,38.192,549.399,104.036,101.067,Normal,None
Front,0.159287,0.095156,77.599,-1.697,446.741,117.08,108.688,Normal,None
Back,-0.138846,-0.074096,165.175,13.194,269.905,103.364,109.628,Normal,None
Front,-0.194966,-0.07958,181.111,-5.639,879.789,118.095,106.302,Normal,None
Back,-0.287837,0.071271,99.703,13.339,668.58,140.36,116.452,Normal,None
Back,-0.23848,0.028824,196.807,26.06,907.245,157.785,117.142,Normal,None
Back,0.203731,0.064754,22.855,28.987,522.957,132.224,113.252,Normal,None
Back,0.177332,0.031307,196.874,-9.141,551.911,127.546,110.498,Normal,None
Front,-0.006975,-0.006102,96.296,30.148,531.196,151.274,102.893,Normal,None
Back,0.278073,-0.024033,22.795,21.617,45.582,136.292,100.705,Normal,None
Front,0.125689,0.070298,114.534,-3.976,580.699,151.2,110.322,Normal,None
Back,0.234731,0.072948,177.376,10.762,205.043,159.401,106.302,Normal,None
Back,0.195068,0.091936,48.03,-7.443,671.424,137.755,103.126,Normal,None
Front,0.243814,0.090618,31.218,6.03,531.614,120.072,106.984,Normal,None
Front,0.208503,0.097113,28.649,-9.429,482.772,127.931,108.068,Normal,None
Front,-0.180074,0.096022,36.69,13.805,465.862,139.19,116.257,Normal,None
Back,-0.153456,0.057909,25.359,6.729,67.371,122.668,108.841,Normal,None
Front,-0.254183,-0.095863,164.776,23.848,157.206,123.61,106.918,Normal,None
Back,-0.11434,0.060397,55.523,15.447,290.245,112.369,112.698,Normal,None
Back,0.198584,-0.068342,57.864,30.772,536.79,112.684,118.735,Normal,None
Back,0.199808,-0.015837,106.173,20.283,696.909,146.97,107.867,Normal,None
Back,-0.108819,0.088265,41.074,-1.37,523.905,158.47,108.849,Normal,None
Back,0.2278,0.06495,52.431,17.786,206.02,147.988,119.223,Normal,None
Back,-0.103202,0.051221,165.047,3.157,988.092,126.411,108.324,Normal,None
Front,-0.15015,-0.083973,145.1,-5.683,364.983,111.458,106.513,Normal,None
Back,0.213962,-0.046482,72.568,16.112,346.735,116.976,106.491,Normal,None
Back,-0.114854,0.045507,181.759,30.038,177.199,105.707,114.243,Normal,None
Front,0.018035,-0.067817,129.408,-2.538,140.74,135.333,117.143,Normal,None
Front,0.110395,-0.099839,104.516,30.627,676.399,141.013,117.137,Normal,None
Back,0.010862,-0.030048,76.029,1.668,245.563,104.279,102.539,Normal,None
Front,0.100447,0.067605,192.8,23.612,675.088,153.572,103.549,Normal,None
Front,-0.147673,0.019386,36.861,33.891,236.099,108.757,114.901,Normal,None
Back,-0.038434,-0.006203,112.733,-3.104,268.966,137.307,103.307,Normal,None
Back,0.226896,-0.01371,59.756,12.222,377.831,112.584,118.179,Normal,None
Back,0.298346,0.007951,179.556,-1.864,536.392,140.432,119.317,Normal,None
Back,-0.032772,-0.068238,53.609,35.465,861.353,138.261,117.941,Normal,None
Back,-0.009466,-0.040389,140.026,0.86,256.802,121.531,101.577,Normal,None
Back,0.18277,0.083334,161.413,16.061,463.602,102.79,118.477,Normal,None
Back,0.259484,-0.058403,123.898,32.329,136.633,119.797,114.727,Normal,None
Back,-0.271382,-0.096786,100.831,6.84,539.967,127.919,106.663,Normal,None
Back,-0.170026,-0.064716,175.834,27.115,329.344,154.175,111.238,Normal,None
Front,-0.079035,-0.075948,171.415,7.665,766.252,137.603,112.068,Normal,None
Front,-0.170713,0.023499,76.614,39.019,901.07,135.739,109.263,Normal,None
Back,0.111449,0.044673,195.097,-8.697,747.459,132.995,105.338,Normal,None
Front,-0.086324,-0.048997,54.204,12.808,630.936,112.312,101.859,Normal,None
Back,-0.231817,0.035202,56.433,32.89,554.72,142.777,109.501,Normal,None
Front,-0.010144,0.042994,83.666,39.602,465.941,140.273,103.639,Normal,None
Back,-0.022539,-0.082925,160.83,30.5,133.929,102.499,111.688,Normal,None
Back,0.085999,0.057264,192.981,15.063,261.746,111.771,118.16,Normal,None
Back,0.229418,0.055856,79.478,32.104,859.812,146.726,119.308,Normal,None
Back,0.131757,-0.046274,196.746,7.028,923.584,145.143,114.98,Normal,None
Front,-0.289706,0.083644,181.765,2.482,804.21,110.962,104.807,Normal,None
Front,0.249603,-0.048752,28.461,-3.82,12.689,127.344,103.827,Normal,None
Back,0.140902,-0.042693,32.469,-1.256,587.252,117.267,119.789,Normal,None
Front,0.101386,-0.033936,193.324,20.616,610.637,119.423,112.404,Normal,None
Front,-0.189331,0.029928,191.464,38.3,996.024,143.428,105.328,Normal,None
Front,-0.237679,0.068152,147.977,28.431,916.028,127.202,103.906,Normal,None
Back,-0.283488,0.002984,130.875,31.911,269.271,149.781,119.089,Normal,None
Back,-0.061133,-0.018671,133.77,24.045,536.452,111.506,103.343,Normal,None
Back,-0.11916,0.056927,92.966,16.494,491.555,109.211,119.086,Normal,None
Front,0.046055,-0.095164,164.229,0.719,878.097,140.444,108.754,Normal,None
Back,-0.267118,-0.085623,104.561,24.834,514.795,135.164,109.031,Normal,None
Front,-0.237843,-0.065956,166.575,6.332,813.963,120.239,102.188,Normal,None
Front,0.295906,-0.00036,166.476,10.334,168.662,144.805,118.601,Normal,None
Back,-0.136607,0.092573,92.807,35.475,893.825,133.065,106.16,Normal,None
Back,0.119479,-0.070798,152.686,-5.841,752.748,104.574,105.059,Normal,None
Back,-0.292929,-0.011574,53.667,13.43,252.856,150.162,112.46,Normal,None
Front,0.127269,-0.075837,99.145,37.64,195.905,121.608,104.593,Normal,None
Back,0.214591,0.057426,29.524,1.229,256.917,152.637,100.091,Normal,None
Back,0.177751,0.023675,154.193,-7.105,225.024,150.143,101.762,Normal,None
Front,0.012847,-0.018641,126.201,36.617,311.797,129.89,102.758,Normal,None
Front,0.143258,-0.012022,113.581,4.558,563.366,123.717,106.594,Normal,None
Back,0.117052,-0.030058,83.961,14.752,801.214,117.674,110.097,Normal,None
Front,-0.110096,-0.009696,178.615,18.465,90.705,153.089,107.343,Normal,None
Back,0.0571,0.005145,124.457,13.055,394.684,106.509,102.945,Normal,None
Back,-0.102633,0.074622,124.631,22.574,732.546,158.18,107.468,Normal,None
Front,-0.180716,0.07698,59.355,0.04,994.11,142.936,107.703,Normal,None
Front,-0.005723,-0.045269,69.985,-4.247,354.391,159.574,114.25,Normal,None
Back,-0.064403,0.009938,57.961,18.954,466.873,106.065,111.537,Normal,None
Front,0.22043,0.02838,163.516,17.827,463.006,104.437,119.72,Normal,None
Front,0.299598,0.047541,55.904,35.739,573.937,132.73,118.519,Normal,None
Back,-0.171679,0.016906,167.419,37.263,310.638,130.488,112.532,Normal,None
Front,-0.236082,-0.035246,115.194,30.203,571.196,134.03,111.383,Normal,None
Back,0.189675,-0.00139,136.436,24.091,379.996,101.865,106.288,Normal,None
Back,-0.244936,0.08725,178.347,38.882,597.971,158.696,105.41,Normal,None
Front,0.064231,0.02948,91.628,3.262,264.638,107.868,109.831,Normal,None
Back,0.202797,0.028189,21.986,35.175,762.888,148.182,114.11,Normal,None
Back,0.033675,-0.022979,83.114,26.601,786.164,141.942,105.734,Normal,None
Back,-0.181778,0.057833,131.504,33.821,394.107,110.77,101.674,Normal,None
Back,-0.171106,-0.029282,62.838,27.006,367.303,123.24,101.317,Normal,None
Front,0.107554,-0.02642,130.546,1.041,41.428,111.399,119.641,Normal,None
Front,-0.213644,0.052062,112.918,23.853,204.801,148.042,111.041,Normal,None
Back,-0.009492,0.062391,104.904,10.475,489.21,137.969,119.992,Normal,None
Front,-0.090715,0.002693,133.336,37.674,646.811,142.147,101.242,Normal,None
Back,-0.142719,-0.018449,145.792,7.039,593.606,127.659,107.708,Normal,None
Back,-0.145187,-0.039952,124.783,-0.289,978.101,112.43,101.962,Normal,None
Back,0.288846,-0.045747,108.924,35.887,465.423,125.182,119.722,Normal,None
Back,0.235006,0.035651,86.678,-8.303,367.684,142.48,107.237,Normal,None
Back,-0.281475,-0.077358,156.253,32.59,420.665,120.834,115.012,Normal,None
Front,-0.173671,0.031998,88.357,10.154,586.5,147.173,111.221,Normal,None
Back,0.236505,-0.073828,190.592,34.652,83.193,151.001,110.939,Normal,None
Back,0.135391,-0.049482,192.298,22.096,522.017,144.768,106.658,Normal,None
Front,0.007154,-0.064594,35.914,32.488,452.655,129.907,100.644,Normal,None
Back,-0.233708,-0.089136,143.912,17.105,97.467,121.522,102.877,Normal,None
Back,-0.2728,-0.072552,109.969,12.731,998.452,121.888,109.201,Normal,None
Back,0.268902,-0.063056,54.737,18.031,828.886,116.992,112.0,Normal,None
Front,-0.215399,0.042171,68.825,0.549,462.471,124.126,108.719,Normal,None
Front,-0.068172,0.043248,125.345,17.677,599.671,149.879,112.331,Normal,None
Back,-0.032156,-0.004067,22.038,14.631,864.773,156.581,110.757,Normal,None
Back,-0.033465,0.089617,47.884,15.63,657.211,146.908,107.132,Normal,None
Front,0.126912,0.093599,64.468,12.695,445.179,148.2,105.185,Normal,None
Back,0.067012,-0.021255,163.711,19.904,473.324,106.335,102.234,Normal,None
Front,0.250357,-0.072355,152.917,14.719,301.76,150.707,111.261,Normal,None
Back,-0.244979,-0.096668,48.326,-3.245,393.683,104.745,107.127,Normal,None
Back,0.023606,0.067359,131.587,23.264,863.283,117.833,109.629,Normal,None
Back,0.142156,-0.053786,148.155,31.861,543.268,155.595,110.048,Normal,None
Front,-0.137959,0.091883,113.109,33.272,769.491,113.784,118.58,Normal,None
Front,-0.0158,0.088661,103.362,23.773,612.769,134.255,113.664,Normal,None
Back,-0.180973,-0.098656,135.592,-8.025,675.575,143.981,103.056,Normal,None
Front,-0.159438,-0.029389,117.064,25.874,958.21,110.678,116.453,Normal,None
Front,0.009357,0.02399,54.196,33.967,427.96,142.601,118.425,Normal,None
Back,0.1609,0.088334,177.357,-5.107,116.876,152.376,106.331,Normal,None
Back,-0.014455,0.012184,153.502,39.236,47.902,112.037,108.204,Normal,None
Front,-0.011372,-0.026186,39.345,32.429,685.364,124.116,114.923,Normal,None
Front,-0.239536,-0.030249,95.319,18.084,194.389,119.348,111.868,Normal,None
Front,-0.243001,0.054646,26.822,-8.121,370.049,143.421,107.891,Normal,None
Front,0.276468,0.096172,169.557,-6.935,165.04,104.638,118.99,Normal,None
Back,0.262084,0.014044,177.823,31.03,464.579,103.08,116.869,Normal,None
Back,-0.266188,0.004842,141.115,-5.557,446.217,158.453,100.16,Normal,None
Front,0.263574,-0.052122,150.88,-0.02,851.706,150.524,100.746,Normal,None
Back,0.012994,-0.03629,161.1,26.817,207.018,144.749,115.468,Normal,None
Back,-0.223536,0.014431,141.383,39.305,73.734,133.408,117.78,Normal,None
Front,-0.074562,-0.099293,109.991,-9.968,17.395,148.096,113.014,Normal,None
Back,0.101596,0.039313,75.099,38.258,16.427,138.792,117.78,Normal,None
Back,-0.129297,-0.084358,28.207,24.655,910.503,111.573,104.236,Normal,None
Front,-0.110482,-0.0937,145.337,-7.58,658.974,147.998,100.132,Normal,None
Front,-0.28998,-0.038846,140.354,-4.077,512.412,133.309,106.329,Normal,None
Back,-0.271144,-0.095406,190.799,1.409,941.527,133.506,104.942,Normal,None
Back,0.034836,0.09995,36.68,-6.293,163.506,111.98,102.644,Normal,None
Back,-0.019603,0.075126,133.21,-1.526,824.465,130.494,106.116,Normal,None
Front,-0.094004,-0.092014,196.617,25.323,344.758,134.34,118.14,Normal,None
Back,-0.116846,-0.031001,110.9,2.979,32.339,141.29,102.674,Normal,None
Back,0.28333,-0.050031,82.899,24.488,635.975,105.988,116.011,Normal,None
Back,0.167578,-0.099433,132.357,4.006,649.37,153.39,100.702,Normal,None
Front,-0.171415,-0.043699,121.784,-0.016,678.135,154.731,114.769,Normal,None
Front,0.081693,-0.082864,58.728,-3.9,875.67,134.65,118.848,Normal,None
Front,0.244092,0.087439,193.299,14.469,183.65,158.804,114.955,Normal,None
Back,0.122395,-0.06923,148.112,38.625,683.13,152.935,101.541,Normal,None
Back,-0.081553,0.057477,148.492,-2.258,682.678,156.471,102.784,Normal,None
Front,0.071387,-0.019768,63.26,-5.768,235.853,100.748,113.527,Normal,None
Back,0.106188,0.024289,23.02,38.838,444.183,129.108,115.957,Normal,None
Back,0.102551,0.086234,101.989,27.637,963.521,130.584,100.36,Normal,None
Front,-0.098985,-0.073907,81.95,11.527,657.145,116.367,111.746,Normal,None
Front,-0.01633,0.098709,177.276,15.161,505.207,122.282,112.497,Normal,None
Back,-0.298066,0.072474,171.073,34.057,209.782,106.695,104.304,Normal,None
Back,-0.186092,-0.049753,28.66,-9.982,500.965,104.815,117.982,Normal,None
Front,-0.212814,-0.0671,159.278,-7.472,868.271,134.98,117.919,Normal,None
Back,0.145563,-0.051871,85.324,12.062,737.829,152.337,107.914,Normal,None
Back,0.186492,0.068123,105.615,30.348,872.909,132.914,111.263,Normal,None
Front,0.230321,0.053089,55.506,-6.006,415.861,115.518,104.524,Normal,None
Back,0.030316,-0.091675,157.749,3.385,17.999,151.713,115.009,Normal,None
Back,0.198147,-0.088785,115.8,0.466,846.895,133.379,101.174,Normal,None
Front,-0.007451,-0.045069,21.979,17.013,690.141,116.042,110.54,Normal,None
Back,-0.20533,0.084778,119.561,2.668,295.437,141.029,112.361,Normal,None
Back,0.131004,0.070852,36.675,4.32,533.552,104.399,110.859,Normal,None
Front,0.168882,-0.032863,115.48,-6.67,901.151,109.598,117.414,Normal,None
Front,-0.187562,0.057269,120.87,38.787,367.221,103.244,118.519,Normal,None
Back,0.14607,0.002168,42.711,-1.804,134.393,159.825,103.292,Normal,None
Back,-0.252751,0.013323,118.343,19.406,759.863,108.155,108.792,Normal,None
Front,0.233885,0.003581,97.065,9.048,980.221,115.57,104.785,Normal,None
Back,-0.290203,0.072271,100.589,22.793,725.551,106.402,103.692,Normal,None
Front,-0.032272,0.083298,102.027,27.822,198.081,151.68,119.72,Normal,None
Back,0.172873,-0.002776,82.226,18.01,834.287,129.29,110.969,Normal,None
Back,0.234803,-0.071348,126.275,1.194,883.929,103.258,114.386,Normal,None
Front,-0.186429,0.062688,101.482,23.223,421.659,150.269,105.469,Normal,None
Back,0.012378,-0.071705,103.185,-9.841,686.398,124.972,109.749,Normal,None
Back,-0.292872,-0.069201,171.741,2.529,181.685,126.286,100.485,Normal,None
Back,0.251876,-0.020784,72.117,14.866,359.386,138.625,100.133,Normal,None
Front,-0.001191,-0.001368,178.562,34.702,369.342,101.168,119.777,Normal,None
Front,-0.06179,0.086428,112.352,-2.808,796.029,134.202,101.644,Normal,None
Back,-0.069219,-0.089499,85.875,21.854,148.077,127.191,114.766,Normal,None
Front,0.065017,-0.070553,53.337,3.236,993.917,145.794,113.519,Normal,None
Back,0.132582,-0.07605,90.169,13.919,79.443,106.74,105.452,Normal,None
Front,-0.154703,-0.006303,38.163,-2.558,954.5,151.719,107.943,Normal,None
Back,0.051968,-0.024005,191.883,25.67,937.356,100.369,102.338,Normal,None
Front,-0.08839,0.039452,90.946,33.387,102.653,110.931,112.835,Normal,None
Back,0.083639,-0.060296,184.481,37.791,277.761,129.469,105.119,Normal,None
Back,0.229393,-0.056871,196.845,13.536,555.569,142.776,106.483,Normal,None
Front,-0.241333,0.015101,86.959,-9.527,486.356,109.563,118.935,Normal,None
Back,0.126689,-0.083191,82.574,21.313,863.581,125.915,100.248,Normal,None
Front,0.292386,-0.022303,40.002,22.359,131.887,139.252,108.67,Normal,None
Back,0.26764,-0.030541,199.292,-9.106,9.889,142.276,116.489,Normal,None
Back,0.214376,-0.049114,93.584,-6.572,364.305,117.651,101.263,Normal,None
Front,0.004127,0.003454,118.935,4.405,474.692,156.863,118.758,Normal,None
Front,0.0791,-0.004255,177.696,31.767,658.545,134.864,104.212,Normal,None
Front,0.122801,-0.048809,53.194,35.124,379.514,132.213,110.422,Normal,None
Front,0.13825,-0.026976,125.233,-8.98,394.724,159.346,118.523,Normal,None
Front,-0.151755,-0.063712,191.128,31.193,740.674,108.441,103.351,Normal,None
Front,-0.245878,0.027232,44.984,0.095,391.24,146.046,102.715,Normal,None
Front,-0.260332,0.065936,104.125,19.509,236.201,118.625,104.567,Normal,None
Front,0.140139,-0.005337,21.689,25.159,467.39,159.48,104.743,Normal,None
Front,0.171166,-0.047251,195.783,11.652,484.11,143.035,118.951,Normal,None
Back,0.197662,-0.073959,150.464,14.137,779.239,121.13,100.799,Normal,None
Front,-0.224408,-0.041453,185.357,26.477,197.802,154.308,114.571,Normal,None
Front,0.039376,-0.041849,159.073,31.918,940.851,115.903,110.077,Normal,None
Front,-0.050969,-0.077533,160.307,20.376,222.901,134.432,118.177,Normal,None
Front,0.073237,0.027524,61.37,6.12,542.022,101.417,100.19,Normal,None
Back,0.093408,0.071082,144.22,39.585,937.537,121.783,115.565,Normal,None
Back,0.24469,0.029674,77.93,13.026,110.089,139.347,109.624,Normal,None
Front,0.044102,0.03336,28.448,2.545,802.269,144.218,118.115,Normal,None
Back,-0.053626,0.065914,198.751,-8.237,166.396,145.432,104.365,Normal,None
Back,-0.071677,0.052442,49.123,2.19,146.818,106.381,113.107,Normal,None
Front,0.043532,0.000547,111.18,33.911,451.926,128.563,118.395,Normal,None
Back,0.141132,-0.033307,40.836,9.064,779.724,109.089,111.504,Normal,None
Front,0.278626,-0.08637,151.49,30.067,128.36,122.011,115.453,Normal,None
Back,0.05578,-0.092299,31.722,15.401,278.907,128.715,109.41,Normal,None
Front,0.130372,-0.080867,21.733,12.972,541.781,139.613,103.42,Normal,None
Back,0.227063,0.032691,81.923,24.297,201.688,108.364,113.108,Normal,None
Front,0.093909,0.094133,122.179,20.98,553.914,131.811,117.293,Normal,None
Front,-0.072659,0.062112,191.993,26.838,994.264,156.438,106.937,Normal,None
Front,0.15643,0.073862,28.7,32.875,253.994,133.427,118.52,Normal,None
Back,-0.233056,-0.086437,135.778,-8.839,185.515,137.785,114.414,Normal,None
Front,0.140145,-0.080511,62.757,-6.119,195.793,119.199,109.03,Normal,None
Back,0.202081,-0.011501,85.995,23.85,949.32,149.619,116.215,Normal,None
Front,-0.025808,-0.06666,146.319,9.853,511.715,109.75,110.261,Normal,None
Back,0.181372,-0.085099,148.316,-4.284,142.38,105.183,108.063,Normal,None
Front,-0.256477,0.093273,94.671,9.381,809.824,147.986,115.442,Normal,None
Front,-0.205692,0.071042,67.005,14.449,430.122,159.713,117.68,Normal,None
Front,-0.050581,0.092862,86.005,29.369,120.926,146.166,102.264,Normal,None
Front,0.23818,0.061457,191.623,0.293,605.397,146.568,118.091,Normal,None
Back,-0.269312,-0.005014,170.165,-4.765,323.57,139.223,105.096,Normal,None
Front,-0.197982,0.060148,49.194,26.004,766.924,135.958,102.043,Normal,None
Back,0.269679,0.082165,74.474,25.767,129.239,124.217,106.02,Normal,None
Front,-0.121061,-0.057009,80.858,13.731,341.219,118.283,108.238,Normal,None
Front,-0.026283,0.034202,162.472,9.918,218.686,128.489,114.781,Normal,None
Back,-0.01912,0.040889,197.265,33.319,116.555,153.978,118.994,Normal,None
Front,0.198088,0.070505,171.383,1.699,872.868,156.018,104.43,Normal,None
Front,-0.019662,-0.076619,58.403,11.593,293.956,118.472,108.18,Normal,None
Front,-0.114181,0.085148,130.676,1.221,737.287,113.704,100.196,Normal,None
Front,-0.039357,0.036404,110.391,32.09,536.345,139.395,114.699,Normal,None
Front,0.08789,0.08141,74.817,18.114,10.846,132.402,101.47,Normal,None
Front,0.292667,0.095983,50.336,36.495,508.708,112.863,103.967,Normal,None
Back,0.120606,0.012387,177.51,19.896,950.506,151.637,101.646,Normal,None
Front,0.075019,-0.024385,77.26,6.132,728.897,120.391,112.597,Normal,None
Back,-0.196226,0.05315,45.036,17.166,117.763,116.227,104.384,Normal,None
Front,0.096451,0.031323,115.857,33.909,517.689,157.924,112.489,Normal,None
Front,-0.093885,-0.078144,110.797,38.43,418.027,122.628,113.096,Normal,None
Front,-0.290236,0.022693,41.947,2.005,363.246,142.167,107.883,Normal,None
Back,-0.008089,0.071537,108.233,15.274,967.348,125.329,110.706,Normal,None
Front,0.123777,-0.05819,43.314,23.387,923.999,144.108,110.768,Normal,None
Back,0.219357,0.025126,124.844,34.425,773.703,120.376,100.306,Normal,None
Back,0.024406,-0.059546,49.518,-6.957,559.99,155.446,116.237,Normal,None
Back,-0.298123,0.089866,180.241,23.068,899.646,110.499,112.915,Normal,None
Back,0.162048,-0.040998,132.016,31.993,814.095,133.687,112.627,Normal,None
Back,-0.213691,0.023878,143.827,17.748,992.434,130.759,114.622,Normal,None
Back,0.110529,-0.063392,119.663,32.503,349.636,137.289,116.308,Normal,None
Back,0.023714,-0.000967,171.065,16.329,651.046,148.902,111.062,Normal,None
Front,-0.179758,-0.097701,120.906,29.081,194.027,105.432,106.239,Normal,None
Front,-0.224013,0.020736,58.689,21.369,460.389,156.266,107.699,Normal,None
Back,-0.175452,-0.053184,111.094,1.641,108.467,112.644,111.998,Normal,None
Back,0.189422,0.001653,78.624,21.695,673.741,127.656,118.489,Normal,None
Back,-0.270019,0.028895,109.863,9.311,759.19,134.129,109.741,Normal,None
Front,-0.279831,-0.016517,83.63,24.007,69.026,105.079,107.42,Normal,None
Back,-0.065449,-0.061139,54.896,1.572,251.844,106.473,109.214,Normal,None
Back,-0.205538,0.031749,92.123,22.304,898.573,127.872,112.684,Normal,None
Back,0.294601,0.096297,111.396,20.373,969.297,111.395,102.088,Normal,None
Back,-0.268569,-0.015562,24.352,37.945,205.038,148.491,119.939,Normal,None
Front,-0.214846,0.068937,167.925,33.5,418.017,122.882,103.623,Normal,None
Back,0.246606,-0.077811,196.684,23.081,298.06,158.283,107.342,Normal,None
Front,0.195209,0.063,25.474,8.284,62.646,133.671,112.793,Normal,None
Back,-0.209612,-0.077869,83.518,23.365,861.639,114.107,114.715,Normal,None
Back,0.283078,-0.07824,88.771,36.15,590.659,158.53,117.664,Normal,None
Front,0.208806,0.028424,181.65,33.539,989.958,125.862,110.801,Normal,None
Back,0.034169,-0.094074,194.233,0.551,444.017,109.51,114.833,Normal,None
Front,0.133957,0.064647,198.011,12.401,693.137,114.195,113.306,Normal,None
Front,-0.147562,0.039753,58.897,6.02,920.518,158.344,111.839,Normal,None
Back,0.034191,0.095894,162.606,17.418,123.426,110.986,100.833,Normal,None
Back,0.070332,0.067317,143.294,26.844,992.484,119.42,111.278,Normal,None
Front,-0.216028,0.026407,148.193,-8.448,805.964,113.636,104.995,Normal,None
Back,0.187533,-0.014752,175.614,10.733,576.061,158.872,112.901,Normal,None
Back,0.214466,0.008942,154.01,2.265,92.529,115.891,101.994,Normal,None
Front,-0.08408,-0.028256,147.626,38.74,159.683,144.661,108.917,Normal,None
Back,0.131437,-0.007239,194.707,-0.842,756.937,109.638,115.519,Normal,None
Front,0.212717,-0.079031,140.907,10.101,705.881,124.455,113.602,Normal,None
Front,0.021299,-0.052309,169.669,4.853,745.498,143.168,118.171,Normal,None
Front,0.136989,-0.083806,31.932,39.116,234.201,157.93,104.841,Normal,None
Front,-0.249979,-0.009685,93.876,21.847,175.538,123.656,104.259,Normal,None
Front,0.090593,-0.092445,179.802,18.081,47.178,153.244,116.383,Normal,None
Front,-0.106211,0.070386,100.844,14.039,662.952,154.102,114.911,Normal,None
Front,0.19266,0.055351,36.745,-2.84,541.219,140.923,119.458,Normal,None
Front,0.232339,-0.009574,77.083,1.404,255.126,112.482,110.098,Normal,None
Front,-0.019898,0.071194,78.996,38.642,468.172,148.085,101.156,Normal,None
Back,0.126301,0.046065,28.947,38.075,690.48,124.278,105.69,Normal,None
Back,-0.285855,-0.068646,28.53,23.411,293.139,111.629,119.055,Normal,None
Front,0.189593,-0.047808,114.854,26.243,227.056,103.453,110.088,Normal,None
Back,0.262398,-0.016535,188.115,16.225,328.201,120.295,115.521,Normal,None
Back,0.089521,0.099271,110.177,22.313,898.323,130.413,107.168,Normal,None
Back,0.233252,0.049487,45.219,13.967,875.318,116.639,112.897,Normal,None
Back,0.091796,-0.065386,119.623,0.599,799.544,144.919,100.524,Normal,None
Back,-0.2856,-0.055146,50.526,37.152,67.762,104.751,119.942,Normal,None
Back,-0.204186,-0.014786,86.579,-0.746,544.801,121.109,109.471,Normal,None
Back,-0.297567,-0.075814,78.821,35.527,230.457,135.145,109.772,Normal,None
Back,0.078664,0.054388,67.698,38.995,965.996,102.71,109.876,Normal,None
Back,0.116427,0.084142,132.721,-4.539,889.583,104.916,115.235,Normal,None
Back,-0.293526,0.028854,37.043,-1.256,292.13,147.084,102.457,Normal,None
Back,0.161569,-0.07955,186.18,20.868,820.907,122.72,107.042,Normal,None
Front,-0.117345,-0.002399,169.094,30.73,832.464,121.03,115.242,Normal,None
Back,0.290636,-0.03887,34.089,39.34,582.269,141.239,108.152,Normal,None
Front,-0.273727,-0.011296,192.27,7.151,913.47,117.799,118.474,Normal,None
Back,0.164067,0.064572,181.609,13.881,635.715,131.666,107.078,Normal,None
Front,0.04509,-0.070787,21.236,38.5,461.432,138.903,109.335,Normal,None
Back,-0.115935,0.028997,110.972,35.942,523.702,106.827,107.965,Normal,None
Back,-0.159437,0.097521,173.157,-8.3,601.821,115.661,109.364,Normal,None
Front,-0.283182,0.098851,193.444,9.644,979.033,156.209,109.308,Normal,None
Front,-0.121491,0.006725,79.045,-9.065,97.009,114.254,117.186,Normal,None
Back,-0.099239,0.091344,33.774,30.046,705.196,146.184,106.8,Normal,None
Front,-0.055391,-0.084748,70.178,27.974,204.434,135.343,101.209,Normal,None
Back,0.103491,-0.05767,168.38,38.349,408.793,112.276,104.879,Normal,None
Front,-0.140539,-0.06063,89.197,3.631,748.714,142.728,113.237,Normal,None
Back,0.237701,-0.082904,153.461,3.87,463.01,121.345,108.162,Normal,None
Front,0.293313,0.055012,192.118,27.362,164.374,143.897,101.631,Normal,None
Front,-0.114411,0.047916,192.234,-4.228,45.655,154.16,115.592,Normal,None
Front,-0.021431,0.019819,115.557,35.172,27.862,116.18,114.627,Normal,None
Front,0.044091,-0.039039,47.615,18.374,673.733,138.095,113.458,Normal,None
Front,-0.049524,-0.01711,151.96,12.275,407.553,124.411,104.805,Normal,None
Back,-0.292106,-0.068191,91.8,13.285,602.896,140.417,102.102,Normal,None
Back,-0.21028,0.005394,125.621,-0.971,130.648,159.006,111.742,Normal,None
Front,0.10816,-0.034077,121.459,36.943,823.038,131.452,110.188,Normal,None
Front,-0.024734,0.057836,94.103,12.699,629.732,108.793,107.365,Normal,None
Back,0.075183,0.028639,118.678,15.148,103.471,116.917,116.218,Normal,None
Front,0.288999,0.050392,56.879,36.096,437.153,108.691,100.85,Normal,None
Front,-0.278435,-0.062797,54.317,-4.045,649.968,122.787,116.765,Normal,None
Front,-0.226982,-0.082312,102.862,-0.67,905.814,144.655,103.443,Normal,None
Back,0.187237,-0.087511,30.581,37.583,748.575,143.371,115.608,Normal,None
Back,-0.276731,-0.00829,154.271,0.848,516.902,158.164,105.955,Normal,None
Back,-0.244466,0.044815,111.47,-8.87,237.515,146.101,115.583,Normal,None
Front,0.245986,0.095927,178.588,35.7,85.706,100.711,112.462,Normal,None
Back,-0.041606,-0.030119,46.862,6.41,879.222,143.533,118.537,Normal,None
Front,-0.0741,-0.007119,88.149,1.17,946.187,146.369,104.872,Normal,None
Front,-0.166212,-0.007416,42.905,1.895,719.535,102.97,101.494,Normal,None
Front,0.176715,0.095461,91.76,33.704,738.352,109.7,103.045,Normal,None
Back,0.1341,-0.064096,157.517,21.522,820.197,104.282,114.258,Normal,None
Back,-0.058573,0.063593,114.041,10.632,473.855,146.765,108.805,Normal,None
Front,-0.274677,0.097999,159.168,33.6,410.073,128.302,119.42,Normal,None
Front,-0.085963,0.063807,22.377,-0.25,135.971,131.846,107.091,Normal,None
Back,0.185898,0.048225,35.242,10.271,89.517,111.366,109.512,Normal,None
Back,-0.194632,-0.041876,132.9,31.697,56.168,109.218,111.243,Normal,None
Front,-0.146924,0.07498,152.007,-9.481,296.194,128.979,101.535,Normal,None
Back,0.11078,-0.056478,48.171,34.971,293.934,156.217,118.493,Normal,None
Back,-0.007971,0.019365,169.429,38.604,963.453,133.488,115.332,Normal,None
Back,-0.150151,0.070432,88.243,-4.055,533.981,145.708,105.514,Normal,None
Front,-0.19304,0.039781,35.892,18.783,276.136,102.983,107.968,Normal,None
Back,-0.185418,0.009559,151.667,0.597,139.256,123.689,105.898,Normal,None
Front,-0.153262,0.033156,176.403,30.056,677.596,148.616,116.378,Normal,None
Front,-0.028336,0.030429,100.071,14.45,459.999,133.114,113.829,Normal,None
Front,-0.181959,0.071586,115.761,27.604,549.685,126.286,100.367,Normal,None
Front,0.266174,0.055193,35.765,17.535,736.925,158.513,100.986,Normal,None
Front,0.075927,-0.065652,128.539,25.388,401.892,116.905,104.172,Normal,None
Back,0.143895,-0.076838,192.589,26.171,739.172,126.524,110.177,Normal,None
Back,-0.048576,0.001019,119.314,33.665,284.973,125.057,108.381,Normal,None
Front,0.120407,0.075788,82.929,20.743,580.702,102.006,112.639,Normal,None
Front,-0.097658,0.098015,140.241,0.187,209.149,155.447,119.187,Normal,None
Front,-0.15862,-0.069729,67.928,16.416,353.099,155.278,105.518,Normal,None
Back,-0.143818,0.024373,138.475,-2.453,629.926,115.769,102.445,Normal,None
Back,0.237825,0.090944,99.467,6.846,709.096,147.085,117.723,Normal,None
Back,-0.249775,-0.021685,155.468,-5.209,853.119,127.413,112.366,Normal,None
Front,-0.159941,-0.081905,180.319,16.156,871.29,104.893,111.062,Normal,None
Back,-0.158723,-0.05775,139.586,12.083,553.878,108.403,102.436,Normal,None
Front,0.208083,0.070212,165.131,-6.736,793.021,116.93,109.134,Normal,None
Back,-0.035245,0.035196,59.999,-8.427,440.301,104.362,117.195,Normal,None
Front,0.096552,-0.00151,93.158,38.282,524.394,101.341,107.043,Normal,None
Back,0.290426,-0.003898,115.729,4.546,522.781,137.978,103.057,Normal,None
Front,-0.269372,-0.055976,193.317,8.751,847.608,111.26,100.984,Normal,None
Front,0.224073,0.037236,99.295,-5.071,394.012,153.837,106.658,Normal,None
Back,0.246772,-0.059773,32.283,24.636,958.217,153.784,115.846,Normal,None
Front,-0.123979,-0.073662,33.062,36.793,215.077,152.23,106.779,Normal,None
Front,0.236511,-0.06409,59.59,23.135,747.596,120.176,115.32,Normal,None
Front,0.057202,0.028874,169.005,-2.436,463.096,107.458,113.807,Normal,None
Front,0.186472,-0.063345,44.611,5.548,78.376,158.478,107.293,Normal,None
Front,-0.228927,0.020279,118.666,-4.29,396.908,148.077,102.184,Normal,None
Front,0.220016,0.034838,61.946,33.643,440.27,117.773,116.639,Normal,None
Front,0.01664,0.013615,104.597,-2.636,831.667,116.736,103.375,Normal,None
Back,0.054936,-0.063817,135.969,10.677,236.001,101.234,107.513,Normal,None
Front,0.152385,-0.017511,88.181,-3.672,199.515,142.77,109.777,Normal,None
Back,0.122709,0.075956,153.589,35.056,732.845,147.526,111.642,Normal,None
Back,0.147572,0.074064,114.836,7.352,417.138,138.161,118.047,Normal,None
Front,0.155433,0.004887,193.688,11.543,445.214,136.271,117.787,Normal,None
Front,-0.279207,-0.051834,170.888,25.352,611.641,153.005,116.493,Normal,None
Back,-0.173194,0.030412,30.269,28.951,29.646,110.742,106.78,Normal,None
Front,0.151143,0.080215,101.959,12.003,184.429,123.423,119.034,Normal,None
Front,-0.101122,-0.073322,129.51,21.3,978.504,128.493,104.838,Normal,None
Back,0.166656,0.051584,114.162,-5.847,478.404,110.519,102.432,Normal,None
Back,-0.148232,0.0813,30.193,-9.157,663.939,111.476,117.066,Normal,None
Front,-0.022258,0.035947,22.304,30.635,503.47,129.325,102.89,Normal,None
Front,0.051108,0.017832,142.916,3.112,184.584,113.385,114.073,Normal,None
Front,-0.257007,0.053134,129.965,13.467,556.314,114.278,107.16,Normal,None
Front,-0.194868,0.058558,184.871,-0.801,798.531,143.719,100.511,Normal,None
Back,-0.08711,-0.085348,143.708,14.661,833.391,102.478,114.552,Normal,None
Front,0.000319,-0.084276,45.233,-6.572,934.157,144.265,107.141,Normal,None
Back,-0.153369,-0.091756,132.165,4.698,900.809,110.525,118.892,Normal,None
Back,0.220093,0.017776,75.245,-0.043,679.319,110.149,117.42,Normal,None
Back,-0.157272,-0.087867,95.783,-5.45,195.097,116.677,117.069,Normal,None
Back,-0.154783,0.030289,132.429,13.067,512.131,114.106,112.765,Normal,None
Front,-0.039024,-0.093721,173.107,-5.647,810.351,122.018,111.998,Normal,None
Front,-0.243609,-0.012471,25.554,13.052,795.401,143.239,119.343,Normal,None
Back,0.002092,-0.022426,139.724,39.044,508.386,116.865,107.267,Normal,None
Front,-0.024267,0.087673,124.824,30.84,551.334,100.974,116.681,Normal,None
Back,0.25152,0.00512,42.159,36.853,43.597,110.707,101.601,Normal,None
Back,-0.140381,0.011561,120.895,1.501,694.755,118.25,106.456,Normal,None
Back,-0.073314,-0.037211,136.192,23.369,33.777,153.31,111.436,Normal,None
Back,0.254599,-0.025385,140.48,25.147,147.237,108.042,102.39,Normal,None
Front,0.179766,0.078616,38.502,23.037,408.447,132.068,114.182,Normal,None
Front,0.18554,0.063605,158.009,16.592,298.254,137.434,118.147,Normal,None
Front,-0.186155,-0.067779,92.321,17.46,148.511,100.598,115.797,Normal,None
Back,-0.040074,0.086803,92.261,38.236,878.269,101.605,112.91,Normal,None
Front,-0.211729,-0.015024,153.417,-9.692,419.893,123.779,112.486,Normal,None
Back,0.075982,-0.080353,31.345,17.964,686.323,126.079,116.229,Normal,None
Front,-0.028619,-0.04607,87.735,24.881,563.64,113.151,116.508,Normal,None
Front,0.020821,-0.097537,91.863,7.708,821.334,150.594,110.534,Normal,None
Front,0.114019,0.050506,30.606,33.603,914.39,141.902,102.122,Normal,None
Front,-0.052488,-0.041622,92.303,22.164,317.021,150.215,118.036,Normal,None
Back,-0.207611,-0.081875,51.988,39.748,230.457,139.556,117.808,Normal,None
Back,-0.103094,0.064404,146.597,3.209,946.897,101.865,105.327,Normal,None
Back,0.177274,-0.050668,192.795,11.055,200.028,145.397,117.497,Normal,None
Front,-0.239077,0.078621,40.609,38.977,476.877,130.505,102.042,Normal,None
Back,0.13257,0.019672,179.215,38.928,692.911,150.612,107.701,Normal,None
Front,-0.249919,0.01425,137.786,19.31,554.132,109.856,107.762,Normal,None
Back,-0.282919,-0.083697,164.983,7.911,669.71,129.353,101.542,Normal,None
Back,-0.171703,-0.040273,58.483,24.171,905.846,118.499,109.264,Normal,None
Back,0.213895,-0.023389,187.125,27.306,832.474,130.361,112.433,Normal,None
Back,0.265111,-0.068395,110.374,39.103,485.941,121.93,118.497,Normal,None
Front,-0.204706,0.057375,161.471,-9.947,369.938,115.062,102.986,Normal,None
Back,0.283145,-0.079407,33.982,25.021,565.935,147.518,110.554,Normal,None
Back,-0.234162,-0.06275,167.304,20.742,497.617,145.302,105.178,Normal,None
Back,0.053685,-0.024251,123.434,8.963,957.909,105.465,108.346,Normal,None
Back,0.277729,0.051563,29.082,7.523,86.28,157.862,109.426,Normal,None
Front,0.15011,-0.046073,54.641,35.213,27.705,141.511,102.301,Normal,None
Back,-0.214384,0.020562,154.045,30.932,804.044,107.351,119.722,Normal,None
Back,0.165762,0.077097,123.693,26.38,448.406,138.826,104.942,Normal,None
Back,-0.114515,0.064669,58.793,6.256,501.358,123.082,102.554,Normal,None
Front,0.134718,0.097238,196.035,-1.142,199.96,112.183,105.534,Normal,None
Front,-0.091575,-0.082483,199.22,2.844,863.316,132.028,117.152,Normal,None
Back,-0.148031,0.008184,89.875,-3.378,60.597,147.171,115.364,Normal,None
Back,0.025994,-0.086411,36.955,-1.607,773.873,159.59,104.157,Normal,None
Front,0.269534,0.019209,40.386,29.308,742.374,148.371,103.829,Normal,None
Front,-0.10328,-0.076629,122.569,28.173,292.319,130.566,108.33,Normal,None
Front,-0.04406,-0.076542,31.382,22.472,916.508,129.091,110.352,Normal,None
Front,0.289837,-0.075882,90.86,11.424,763.12,132.629,107.393,Normal,None
Front,-0.0835,0.024514,139.666,5.78,118.664,111.597,107.537,Normal,None
Back,-0.076765,-0.031761,76.844,-0.589,55.111,134.227,119.643,Normal,None
Front,0.11906,0.035842,179.159,2.289,76.282,138.218,112.846,Normal,None
Front,-0.17963,0.016323,135.74,24.977,353.543,159.734,106.35,Normal,None
Front,-0.150448,-0.04836,187.594,22.397,542.561,108.957,106.643,Normal,None
Front,-0.20214,0.07767,43.308,11.4,76.355,150.095,114.347,Normal,None
Back,-0.183884,-0.088404,141.694,31.718,709.366,100.652,114.106,Normal,None
Back,-0.040856,-0.047778,191.312,39.421,607.747,142.559,109.688,Normal,None
Back,-0.088221,-0.09992,163.729,23.054,721.645,111.946,119.504,Normal,None
Back,0.181134,0.032351,157.231,9.493,757.728,119.291,112.412,Normal,None
Front,0.13866,0.071857,160.544,29.739,443.819,135.629,112.688,Normal,None
Back,0.190546,0.058267,177.723,31.821,379.389,113.118,111.0,Normal,None
Front,-0.077214,0.038826,85.611,39.574,937.437,129.949,115.125,Normal,None
Front,-0.002273,0.046825,187.799,29.075,437.758,139.51,105.539,Normal,None
Front,0.237974,0.096777,192.386,31.58,232.208,147.673,109.866,Normal,None
Front,-0.039474,0.059384,163.935,-9.556,824.168,137.687,110.357,Normal,None
Back,-0.095581,-0.085564,169.09,-2.572,560.858,154.185,111.7,Normal,None
Back,-0.282915,-0.02676,84.415,11.861,742.641,139.704,104.507,Normal,None
Front,0.055374,-0.03506,178.449,18.985,158.399,144.129,106.041,Normal,None
Front,0.218529,-0.033837,161.458,-4.062,934.782,115.627,102.825,Normal,None
Back,0.037537,-0.063947,175.718,30.846,23.942,108.036,104.611,Normal,None
Front,0.090356,0.000316,127.97,-0.39,680.086,140.136,102.111,Normal,None
Front,-0.21634,-0.073897,75.225,2.877,448.108,124.233,103.441,Normal,None
Back,-0.131124,-0.014028,135.159,2.468,887.639,159.33,119.405,Normal,None
Front,-0.251282,0.027344,83.085,18.274,414.362,125.088,107.318,Normal,None
Front,0.288396,0.064182,198.869,8.184,115.757,141.822,118.14,Normal,None
Back,0.278193,-0.04977,33.409,-2.231,805.119,159.708,102.58,Normal,None
Back,0.181243,0.084342,107.158,34.647,898.559,144.43,107.568,Normal,None
Front,-0.2918,-0.026518,125.65,1.598,14.8,136.747,119.569,Normal,None
Back,-0.099536,0.008046,50.199,32.028,590.18,115.068,115.772,Normal,None
Back,0.263427,-0.054327,126.401,-3.244,988.701,137.117,107.092,Normal,None
Back,-0.149392,-0.063485,35.752,-2.605,451.796,154.469,104.158,Normal,None
Front,-0.034483,-0.08068,162.486,27.624,863.096,151.047,111.491,Normal,None
Back,-0.142103,-0.089019,64.776,-5.128,818.275,141.529,103.297,Normal,None
Back,-0.28169,-0.024269,150.663,8.81,997.361,112.518,107.52,Normal,None
Back,0.160582,0.065071,100.31,1.776,430.376,144.889,106.129,Normal,None
Back,-0.15854,-0.073962,155.111,10.864,573.899,134.094,103.321,Normal,None
Front,0.269697,0.067803,139.358,9.904,422.191,101.645,110.906,Normal,None
Front,0.196486,-0.078058,139.202,22.236,6.204,100.762,109.056,Normal,None
Front,-0.256083,-0.025819,158.648,-1.291,584.263,132.422,102.983,Normal,None
Back,-0.255327,-0.009371,33.759,2.181,530.906,115.696,118.509,Normal,None
Back,-0.23331,0.024849,198.705,35.454,20.48,152.176,106.3,Normal,None
Front,0.041305,-0.084683,107.218,-2.478,116.705,126.637,115.733,Normal,None
Front,-0.009389,-0.025376,28.832,-4.85,756.77,143.827,106.175,Normal,None
Front,0.105417,-0.087443,36.467,17.041,601.527,135.268,100.655,Normal,None
Front,0.248055,0.048655,173.03,7.753,550.933,106.748,114.642,Normal,None
Back,0.019928,0.004127,91.453,20.528,576.445,140.675,112.188,Normal,None
Front,-0.17244,0.022823,90.682,34.989,626.453,157.604,107.482,Normal,None
Front,-0.151091,0.067392,62.37,-9.085,167.575,123.729,103.488,Normal,None
Front,-0.17567,0.001491,82.85,35.595,192.554,155.588,110.98,Normal,None
Back,0.209535,0.011269,138.42,32.793,352.516,112.915,103.719,Normal,None
Back,-0.161709,0.041062,40.698,20.089,333.804,148.759,114.387,Normal,None
Front,0.239589,0.051819,50.565,-7.826,763.369,154.68,112.719,Normal,None
Back,-0.241568,-0.03939,130.915,37.761,51.723,119.286,110.809,Normal,None
Front,-0.279704,0.011466,32.587,31.222,412.351,147.965,108.158,Normal,None
Back,0.295898,0.098912,149.351,26.921,611.819,146.675,100.627,Normal,None
Front,-0.126746,0.034309,113.682,19.446,668.086,157.489,109.64,Normal,None
Back,0.005434,-0.077398,98.219,7.597,924.62,105.412,100.204,Normal,None
Front,0.175224,0.033569,124.83,-3.786,906.166,129.561,113.991,Normal,None
Back,-0.214474,-0.066854,82.816,14.719,660.385,128.834,117.356,Normal,None
Back,0.026916,0.085717,80.685,-1.792,477.921,122.722,110.482,Normal,None
Front,-0.152136,0.039571,86.57,32.024,871.702,143.006,101.346,Normal,None
Back,0.251558,-0.07199,156.534,-5.227,220.421,107.397,109.332,Normal,None
Back,0.034556,-0.072326,45.569,25.942,957.101,154.342,119.769,Normal,None
Back,0.285588,0.093327,112.113,26.188,513.423,113.214,116.115,Normal,None
Front,0.21593,0.006434,51.468,6.508,663.445,146.054,111.841,Normal,None
Front,-0.062243,-0.044726,27.637,31.527,668.513,129.674,110.022,Normal,None
Back,-0.232299,0.046232,193.926,-9.484,243.007,145.575,102.945,Normal,None
Front,-0.092863,-0.021235,81.908,-8.926,963.587,128.235,100.337,Normal,None
Back,-0.165737,-0.097194,21.119,-0.456,448.386,113.693,105.816,Normal,None
Front,0.039287,-0.064442,164.516,-6.461,91.554,115.887,102.309,Normal,None
Back,-0.034681,0.043392,55.196,23.808,174.718,131.043,112.902,Normal,None
Front,-0.235949,0.023401,97.953,-4.863,217.352,110.764,103.428,Normal,None
Back,0.070351,0.054303,45.943,22.903,832.695,104.231,105.352,Normal,None
Front,0.065945,-0.043079,159.684,10.457,136.616,157.549,115.546,Normal,None
Back,0.086695,0.035303,24.222,19.983,935.135,148.294,117.989,Normal,None
Front,-0.153594,0.036415,138.892,27.578,379.261,151.518,110.74,Normal,None
Front,0.109519,-0.083404,186.164,12.378,257.417,106.734,106.344,Normal,None
Back,0.012731,0.004836,171.161,15.202,683.693,153.49,104.017,Normal,None
Front,0.080244,-0.087572,69.864,30.083,377.99,105.343,102.777,Normal,None
Front,-0.021222,-0.031625,41.551,30.364,374.74,111.005,118.707,Normal,None
Front,0.126709,-0.016959,90.477,9.811,356.215,109.341,105.21,Normal,None
Front,-0.00464,0.059146,60.048,10.778,997.244,109.521,101.54,Normal,None
Front,0.065569,0.021193,104.216,29.083,123.086,100.223,101.519,Normal,None
Back,0.203123,0.089083,98.003,18.35,852.852,136.785,118.828,Normal,None
Front,0.129254,0.04908,111.689,11.653,642.405,124.143,104.744,Normal,None
Front,-0.137023,0.025263,141.195,11.586,378.05,128.929,109.151,Normal,None
Back,0.188773,-0.083623,106.537,-0.985,175.506,108.545,112.048,Normal,None
Back,-0.034948,0.00408,55.445,6.06,410.585,148.491,117.683,Normal,None
Back,-0.025984,0.037077,26.488,-4.233,347.653,151.163,111.577,Normal,None
Front,-0.037019,0.048111,169.409,22.795,819.441,113.703,107.111,Normal,None
Back,0.24079,-0.014293,44.756,25.803,814.207,153.976,117.063,Normal,None
Front,0.002467,0.021478,192.784,32.614,4.582,123.138,107.115,Normal,None
Back,0.01649,-0.074898,54.452,21.287,788.241,135.967,102.902,Normal,None
Back,-0.024949,0.056847,34.198,-3.24,527.695,139.792,116.665,Normal,None
Back,0.15065,0.052868,102.67,34.035,313.368,115.481,104.776,Normal,None
Back,-0.176496,0.07079,71.899,27.793,575.59,148.578,107.693,Normal,None
Back,-0.145672,0.030532,152.489,17.41,746.739,114.448,110.789,Normal,None
Back,0.013341,0.006064,47.757,-2.744,546.725,123.597,109.721,Normal,None
Front,-0.078875,0.03063,195.72,0.978,251.521,150.914,117.511,Normal,None
Back,0.207623,-0.052767,126.559,-5.574,772.166,134.363,109.007,Normal,None
Front,-0.282004,0.041702,189.625,-7.031,659.293,143.282,103.173,Normal,None
Back,-0.230991,0.094292,28.411,13.929,625.597,106.316,110.029,Normal,None
Back,0.235575,-0.053631,195.675,16.724,35.0,159.228,118.948,Normal,None
Front,-0.040924,-0.099898,25.098,31.128,955.414,101.421,117.54,Normal,None
Front,0.002166,0.051685,81.135,25.963,484.054,100.033,104.996,Normal,None
Front,-0.022719,-0.022613,24.952,35.239,850.688,128.597,104.436,Normal,None
Front,0.19827,0.06096,166.801,24.488,934.925,134.316,117.197,Normal,None
Front,-0.039652,0.089404,89.157,19.701,462.113,101.709,111.402,Normal,None
Front,-0.286755,0.095172,104.368,23.867,755.752,146.935,100.014,Normal,None
Back,0.27775,-0.041587,24.423,19.699,38.305,148.644,114.241,Normal,None
Front,-0.208983,0.024057,180.66,6.728,405.851,138.027,105.139,Normal,None
Front,0.045728,-0.00702,165.019,-6.514,595.228,105.716,108.14,Normal,None
Front,-0.192732,0.052932,195.117,29.222,778.869,123.852,102.663,Normal,None
Back,-0.11356,0.073621,191.185,34.913,595.66,116.506,115.361,Normal,None
Back,-0.222178,-0.094626,40.378,-2.666,505.085,157.31,113.802,Normal,None
Front,-0.201413,-0.068371,76.164,-1.205,253.228,147.167,119.718,Normal,None
Front,0.184417,-0.016331,169.32,36.199,514.663,128.488,113.401,Normal,None
Back,-0.050848,0.086311,70.776,0.96,883.903,125.464,110.337,Normal,None
Front,-0.12486,0.089923,174.97,15.229,48.835,125.911,106.828,Normal,None
Front,-0.003404,-0.046876,93.626,0.042,210.646,129.397,112.815,Normal,None
Back,-0.117412,0.08752,81.353,-4.182,947.799,100.831,101.661,Normal,None
Front,0.08307,0.05001,101.609,9.352,584.153,109.761,106.384,Normal,None
Back,-0.046839,0.027714,187.963,23.497,494.28,141.659,110.823,Normal,None
Front,-0.115892,0.061922,38.581,16.158,510.292,136.844,111.094,Normal,None
Back,0.244429,-0.065747,120.551,24.855,651.772,117.143,119.595,Normal,None
Back,0.118788,-0.090424,197.145,6.018,521.07,150.962,113.889,Normal,None
Front,0.022571,0.004574,97.663,-4.01,884.395,146.756,112.731,Normal,None
Back,0.267943,0.093028,187.371,19.659,551.151,146.896,107.156,Normal,None
Back,0.246908,0.066431,194.913,37.229,360.467,152.2,104.881,Normal,None
Front,0.206949,-0.069845,24.657,24.241,126.314,154.929,112.307,Normal,None
Back,0.02029,-0.069391,112.866,23.254,814.587,116.985,108.552,Normal,None
Back,0.226115,0.029399,82.363,20.139,502.108,104.419,114.271,Normal,None
Back,-0.197661,-0.006735,192.573,-1.469,713.769,134.155,102.97,Normal,None
Back,-0.120887,-0.097219,165.777,27.669,658.131,125.245,112.21,Normal,None
Back,-0.13937,-0.091237,182.577,29.732,401.732,156.629,115.307,Normal,None
Front,-0.295036,0.019942,191.622,-8.789,137.123,156.072,103.954,Normal,None
Front,0.266999,-0.019507,64.981,13.657,397.533,141.306,113.659,Normal,None
Back,-0.221007,-0.046757,112.762,-2.268,431.856,110.068,108.477,Normal,None
Front,0.196096,-0.037186,137.661,-3.457,468.107,159.919,106.457,Normal,None
Front,0.217382,0.021934,50.997,31.98,17.365,154.477,101.789,Normal,None
Front,0.138212,0.06939,165.579,27.012,82.655,152.387,116.578,Normal,None
Front,-0.244814,0.007175,102.813,19.189,923.625,157.724,111.854,Normal,None
Front,0.109521,0.089934,98.69,31.382,993.761,114.275,101.043,Normal,None
Back,0.239275,0.020893,24.045,28.0,613.541,138.511,111.672,Normal,None
Front,0.080782,0.05915,171.139,3.451,264.266,156.45,102.855,Normal,None
Front,-0.268459,0.066698,140.43,-5.502,64.832,127.033,109.768,Normal,None
Front,-0.263755,0.026626,127.384,-8.758,219.303,131.266,100.761,Normal,None
Front,0.088096,0.015165,196.094,4.128,200.346,142.38,103.07,Normal,None
Back,-0.175458,0.063578,173.896,-1.4,463.636,126.538,112.494,Normal,None
Front,-0.02721,0.020541,143.903,10.629,143.515,130.413,107.897,Normal,None
Back,0.187575,-0.013935,28.801,3.004,762.726,111.5,115.333,Normal,None
Front,0.076635,-0.077243,38.055,38.138,968.823,154.057,110.195,Normal,None
Front,0.282916,-0.026097,186.096,5.767,586.029,146.022,110.647,Normal,None
Front,0.290478,-0.036179,52.705,19.491,573.933,138.932,119.111,Normal,None
Back,0.151657,0.09174,55.874,37.039,163.729,152.302,117.953,Normal,None
Front,-0.147769,-0.080464,185.293,9.229,611.594,133.451,104.0,Normal,None
Back,-0.210082,0.030515,70.973,10.468,187.703,156.368,108.283,Normal,None
Back,-0.141164,0.017275,133.831,-0.382,838.891,120.185,109.034,Normal,None
Front,0.241802,0.066836,56.39,14.367,599.264,116.07,104.465,Normal,None
Back,-0.260523,-0.016937,98.157,20.861,807.022,128.043,110.355,Normal,None
Front,-0.25296,0.066548,79.127,14.329,11.072,145.61,117.875,Normal,None
Back,0.165389,-0.069715,58.16,10.516,518.921,115.365,106.07,Normal,None
Front,0.100371,0.059757,78.653,15.201,637.721,104.563,100.373,Normal,None
Back,-0.023316,-0.064847,135.996,-9.312,672.522,145.926,114.495,Normal,None
Front,-0.232786,0.038424,90.774,15.261,617.973,122.399,117.31,Normal,None
Back,0.274607,-0.03029,164.601,11.217,246.882,105.298,112.109,Normal,None
Back,-0.072885,0.091893,35.198,35.223,894.655,104.098,114.044,Normal,None
Back,-0.160549,0.097954,152.941,34.391,954.541,159.675,106.561,Normal,None
Front,-0.079283,0.02496,121.798,9.436,908.402,100.836,118.886,Normal,None
Back,-0.191182,-0.028943,129.423,2.091,4.239,114.431,117.568,Normal,None
Front,0.030349,0.076245,99.347,37.799,27.97,146.753,105.303,Normal,None
Back,-0.112672,0.030931,94.905,8.022,222.457,116.734,107.824,Normal,None
Front,-0.126939,0.060971,106.706,11.303,289.771,130.994,105.458,Normal,None
Front,0.151828,0.031582,53.232,17.54,438.179,120.439,110.413,Normal,None
Back,-0.290294,0.024999,48.436,39.638,82.878,150.496,119.176,Normal,None
Back,0.294669,-0.091192,194.595,14.539,656.376,138.486,115.272,Normal,None
Front,0.095839,-0.040254,177.704,8.386,95.563,144.241,105.665,Normal,None
Back,-0.012823,-0.006334,120.549,8.29,778.793,105.226,104.312,Normal,None
Front,-0.274156,-0.00882,115.05,2.965,54.077,104.378,105.776,Normal,None
Front,0.185095,-0.063346,41.521,37.375,121.281,134.974,117.626,Normal,None
Front,-0.161723,-0.05024,82.55,20.532,231.173,106.209,109.662,Normal,None
Front,0.189105,0.05457,26.47,26.606,694.416,124.056,103.361,Normal,None
Front,0.048082,0.093086,113.04,3.69,212.87,112.651,108.871,Normal,None
Back,0.241972,-0.050073,192.789,11.134,237.016,110.103,105.23,Normal,None
Back,-0.279191,-0.058913,107.459,-5.294,781.39,108.432,115.611,Normal,None
Front,0.221794,-0.084324,105.022,19.423,189.164,140.293,114.991,Normal,None
Front,-0.251873,0.076345,182.937,24.899,759.606,154.566,110.178,Normal,None
Back,-0.265851,-0.001613,107.342,0.469,387.869,133.791,113.817,Normal,None
Back,-0.19938,-0.037669,107.892,13.471,803.756,109.924,111.107,Normal,None
Back,0.298979,-0.049794,84.652,33.791,831.786,119.851,106.17,Normal,None
Front,0.223239,0.076854,37.942,22.8,985.27,144.075,111.097,Normal,None
Front,-0.083409,9.8e-05,150.346,11.715,730.505,117.903,115.669,Normal,None
Back,0.046584,0.063623,70.465,39.343,569.331,131.774,112.214,Normal,None
Back,-0.225088,-0.040367,158.855,25.997,889.527,157.884,113.748,Normal,None
Front,-0.068538,0.03027,143.936,34.893,387.998,152.094,106.664,Normal,None
Back,0.193643,0.048262,46.219,-7.639,405.071,137.717,100.41,Normal,None
Front,-0.056656,0.088424,55.648,-7.888,946.192,122.62,104.908,Normal,None
Back,-0.166227,-0.035366,143.861,28.468,541.727,108.267,116.368,Normal,None
Back,-0.267673,0.089803,123.611,-6.143,310.385,130.581,102.663,Normal,None
Back,0.020038,-0.080954,67.166,17.355,854.402,117.332,110.799,Normal,None
Back,0.070748,-0.021558,21.644,32.345,751.761,113.295,110.939,Normal,None
Back,-0.185659,-0.024554,166.623,1.708,740.47,106.805,102.532,Normal,None
Back,-0.174105,-0.099278,26.421,36.717,277.525,115.242,110.805,Normal,None
Back,0.015613,0.098641,47.913,22.951,652.521,142.244,102.582,Normal,None
Back,-0.062335,-0.012809,73.956,38.883,896.298,122.857,114.531,Normal,None
Back,-0.111447,0.090885,80.477,20.995,366.056,108.243,108.845,Normal,None
Front,0.243148,-0.003444,92.407,-6.27,673.448,153.284,105.531,Normal,None
Front,0.04917,-0.010419,123.805,14.823,837.543,126.399,103.699,Normal,None
Back,-0.160125,0.098816,40.742,-0.53,192.098,130.504,116.646,Normal,None
Front,-0.144204,0.05996,118.323,28.4,91.258,151.226,115.745,Normal,None
Back,-0.067678,0.034275,68.091,21.556,444.19,120.425,116.717,Normal,None
Front,0.249914,-0.044413,42.634,26.577,847.452,158.14,105.678,Normal,None
Back,0.01137,0.087412,180.373,-8.396,286.45,109.501,105.61,Normal,None
Back,-0.288754,-0.062062,104.826,-4.303,230.733,107.941,106.056,Normal,None
Back,-0.180794,-0.032299,199.688,31.226,955.986,119.955,107.513,Normal,None
Front,-0.154588,0.053163,124.896,10.606,827.19,136.782,116.992,Normal,None
Back,-0.176266,-0.019953,160.614,9.219,363.845,129.745,101.311,Normal,None
Back,-0.17196,-0.033158,168.812,34.885,490.36,133.406,117.231,Normal,None
Front,0.100323,0.032616,77.294,-9.725,992.031,151.344,101.007,Normal,None
Back,0.291777,0.060793,71.975,25.642,577.609,146.408,118.952,Normal,None
Front,0.075333,0.072793,188.508,-7.267,224.037,113.642,103.845,Normal,None
Back,0.246504,-0.086426,178.395,23.82,410.888,115.685,106.499,Normal,None
Back,0.106103,-0.056487,103.059,23.455,754.663,137.573,110.145,Normal,None
Back,-0.072445,-0.025955,180.635,1.196,555.445,150.862,111.029,Normal,None
Front,0.172505,-0.07076,190.537,21.867,744.908,148.121,112.496,Normal,None
Front,-0.180305,-0.074,122.005,35.053,82.437,140.185,113.488,Normal,None
Front,0.131436,-0.074772,147.629,24.448,186.313,132.56,105.071,Normal,None
Front,-0.053081,0.048472,96.831,22.13,349.36,158.956,105.005,Normal,None
Front,0.014222,-0.035911,199.594,30.292,974.242,131.569,112.785,Normal,None
Front,0.148668,0.000395,75.364,20.164,610.997,100.928,115.876,Normal,None
Front,-0.20504,0.071021,141.58,3.926,323.215,123.28,107.541,Normal,None
Front,-0.267015,0.056861,131.154,-2.375,449.049,108.464,100.751,Normal,None
Back,0.203919,0.065109,136.855,34.861,146.861,128.165,113.335,Normal,None
Back,-0.015419,-0.022218,134.711,7.124,728.624,131.828,106.483,Normal,None
Front,-0.276597,0.099039,120.303,17.155,952.163,118.913,101.637,Normal,None
Back,0.060099,-0.034402,121.087,16.435,279.896,113.664,111.69,Normal,None
Back,-0.172582,-0.052312,58.83,26.1,571.642,129.937,110.901,Normal,None
Front,0.208986,0.050037,77.035,23.32,404.753,109.691,113.531,Normal,None
Front,0.025218,0.051894,192.722,26.059,364.087,155.831,101.569,Normal,None
Front,-0.13158,0.068014,59.34,16.23,296.427,155.018,110.431,Normal,None
Back,-0.128886,0.014345,164.443,35.798,534.436,145.473,115.706,Normal,None
Front,0.240628,0.0866,67.916,-4.186,368.461,116.019,115.167,Normal,None
Front,-0.217527,0.065552,188.146,-7.839,596.249,136.499,101.043,Normal,None
Back,0.181505,-0.0111,157.321,35.586,75.236,154.308,116.237,Normal,None
Back,-0.238981,-0.006684,191.729,17.718,410.427,147.473,118.37,Normal,None
Back,-0.100793,0.036003,167.495,-2.598,716.773,149.128,104.415,Normal,None
Front,-0.245991,0.053071,116.331,-3.383,752.532,159.309,118.788,Normal,None
Back,0.06918,-0.049352,156.669,19.407,580.003,113.26,119.367,Normal,None
Front,-0.190372,-0.069812,162.789,27.97,185.779,126.279,114.468,Normal,None
Front,0.267046,0.093198,125.493,20.234,748.629,149.187,115.947,Normal,None
Back,0.211765,0.045821,91.697,15.382,464.659,157.117,110.667,Normal,None
Back,-0.165962,-0.090701,137.912,13.148,474.242,108.919,108.897,Normal,None
Back,-0.226267,0.033954,109.462,-2.917,934.467,137.221,115.048,Normal,None
Front,-0.15759,-0.075467,73.827,2.814,965.176,146.073,105.998,Normal,None
Front,0.299688,-0.097696,80.515,30.729,96.114,109.586,116.67,Normal,None
Front,0.005967,0.078662,35.823,0.896,648.055,131.812,115.058,Normal,None
Front,-0.224654,0.057026,171.284,-9.549,922.286,156.231,118.989,Normal,None
Front,-0.141662,0.073627,91.327,35.533,6.206,138.23,116.626,Normal,None
Back,-0.276704,0.005888,133.621,35.302,715.909,102.226,111.806,Normal,None
Front,-0.138567,0.064328,54.352,26.355,184.959,158.752,117.375,Normal,None
Back,-0.076105,-0.025436,155.642,-8.842,10.564,126.248,114.991,Normal,None
Front,-0.037693,0.023475,102.552,24.893,404.257,151.427,103.699,Normal,None
Front,0.059454,-0.055621,187.543,-4.772,124.408,138.999,105.076,Normal,None
Front,0.056923,0.088083,96.788,9.818,244.567,139.113,118.8,Normal,None
Front,0.194519,-0.070257,55.69,39.019,848.486,108.603,115.354,Normal,None
Back,-0.290265,0.054978,65.43,10.374,717.823,105.964,115.373,Normal,None
Back,0.27662,0.058529,98.817,20.966,470.453,101.407,107.659,Normal,None
Front,0.203432,-0.037085,24.574,38.422,439.921,116.461,111.355,Normal,None
Back,0.2444,-0.028828,183.357,-4.348,764.234,148.375,118.839,Normal,None
Back,0.103686,0.092804,66.057,13.717,404.181,145.184,106.622,Normal,None
Front,0.029958,0.067086,65.246,-0.501,400.207,115.829,100.667,Normal,None
Front,0.068718,0.074341,136.698,23.284,987.147,137.445,118.262,Normal,None
Front,-0.087596,0.023961,100.592,26.535,224.431,132.382,104.585,Normal,None
Back,-0.010253,-0.077189,80.798,26.5,639.839,122.72,101.097,Normal,None
Front,0.259956,-0.026779,153.308,22.666,325.249,108.696,103.741,Normal,None
Front,-0.063152,0.083106,182.645,10.163,765.329,158.695,102.933,Normal,None
Back,0.242164,-0.066828,37.483,14.402,592.87,144.544,108.861,Normal,None
Front,0.081208,-0.086857,32.188,-9.309,312.535,147.434,104.753,Normal,None
Front,-0.032203,0.043629,152.744,20.532,269.127,114.446,102.086,Normal,None
Back,0.177626,-0.089479,177.043,10.707,481.383,120.208,110.675,Normal,None
Front,0.195456,-0.056467,46.474,-4.85,868.336,101.456,101.989,Normal,None
Front,-0.104649,-0.014473,31.349,23.461,975.089,100.984,101.88,Normal,None
Front,-0.042796,-0.060044,144.863,33.622,507.669,150.022,104.668,Normal,None
Front,-0.22222,-0.010848,131.855,-4.11,720.765,130.224,104.176,Normal,None
Back,-0.299572,0.07613,169.817,33.476,794.329,137.099,119.931,Normal,None
Back,0.229567,-0.048713,183.824,25.668,717.652,124.398,100.404,Normal,None
Front,-0.155018,-0.013229,148.177,0.613,878.401,109.335,103.19,Normal,None
Back,-0.1431,-0.025775,72.445,30.095,102.179,129.528,105.739,Normal,None
Back,-0.043039,-0.038312,173.608,26.667,839.042,136.136,102.208,Normal,None
Front,0.287655,-0.089913,135.99,16.736,204.594,140.646,118.79,Normal,None
Back,-0.215179,-0.003532,124.458,35.208,384.537,144.666,102.689,Normal,None
Front,-0.021721,-0.084172,197.427,37.766,910.02,112.796,104.616,Normal,None
Back,-0.160966,-0.082756,120.408,-1.459,245.358,123.128,106.126,Normal,None
Front,-0.157214,0.006175,94.345,20.85,499.285,156.895,110.569,Normal,None
Front,0.123137,0.06328,195.256,28.15,106.762,142.619,111.793,Normal,None
Back,0.033362,0.020322,20.016,6.244,862.455,119.477,108.288,Normal,None
Back,0.175185,0.000696,143.412,19.853,203.012,143.112,106.33,Normal,None
Back,-0.1563,-0.06368,37.395,-5.547,263.352,135.044,117.043,Normal,None
Back,0.242374,-0.009016,194.8,15.36,120.239,129.382,109.584,Normal,None
Front,-0.132756,0.045277,55.464,7.525,672.424,127.538,105.176,Normal,None
Back,-0.089666,0.016507,167.952,39.582,959.267,120.489,100.917,Normal,None
Front,0.163881,0.028073,118.829,14.88,928.641,109.023,108.948,Normal,None
Back,-0.056312,-0.050311,82.215,20.159,147.709,129.914,118.732,Normal,None
Front,-0.008628,0.046992,162.233,24.072,9.789,145.836,112.532,Normal,None
Front,0.177324,0.001313,28.521,20.507,914.191,107.874,112.973,Normal,None
Front,-0.09278,-0.047197,34.729,20.898,564.553,133.531,115.245,Normal,None
Back,-0.197352,-0.053998,91.307,-6.658,361.879,143.981,101.991,Normal,None
Front,0.118875,-0.013623,99.791,34.644,114.49,142.406,106.725,Normal,None
Back,-0.241555,0.007549,138.792,-3.449,587.271,143.485,113.972,Normal,None
Back,-0.213862,-0.027869,139.98,0.076,558.028,156.82,114.334,Normal,None
Front,0.034088,-0.068275,173.308,11.749,32.43,113.361,118.122,Normal,None
Back,0.205187,0.035039,141.46,28.463,529.011,142.072,114.979,Normal,None
Front,0.023329,-0.047385,48.37,24.832,335.031,119.594,118.943,Normal,None
Back,-0.019834,0.074318,97.002,-1.725,101.278,112.16,117.181,Normal,None
Front,0.267252,-0.078499,75.5,29.551,987.848,153.658,105.37,Normal,None
Back,-0.184877,0.080372,129.464,32.674,556.516,157.483,109.635,Normal,None
Front,-0.09692,0.021325,145.801,27.652,778.18,138.347,110.703,Normal,None
Back,0.179108,0.082719,82.638,1.037,833.548,132.338,115.806,Normal,None
Front,-0.053434,0.059217,175.008,6.593,620.393,139.112,105.658,Normal,None
Back,-0.133996,0.022451,152.127,0.376,367.491,147.489,108.259,Normal,None
Front,-0.088555,-0.072331,24.282,-5.09,785.683,109.26,103.112,Normal,None
Back,-0.146579,-0.018695,191.729,14.251,773.904,152.078,107.341,Normal,None
Front,-0.070107,0.014576,26.121,8.039,39.436,125.566,111.033,Normal,None
Front,0.110738,-0.003625,117.866,20.137,842.282,120.878,108.412,Normal,None
Front,0.133854,-0.065921,83.025,11.99,284.49,155.945,111.94,Normal,None
Front,-0.201905,0.031564,33.377,21.122,74.072,142.524,117.497,Normal,None
Back,-0.286484,-0.029814,67.762,1.433,375.234,144.928,111.691,Normal,None
Back,-0.07664,0.034803,71.677,21.742,673.19,156.226,114.749,Normal,None
Front,-0.171256,0.020489,145.831,37.365,187.446,131.808,114.63,Normal,None
Back,-0.215382,-0.066029,81.289,25.085,122.772,135.835,118.077,Normal,None
Front,0.14204,0.078805,74.734,-1.111,710.102,137.02,111.297,Normal,None
Front,-0.276714,-0.000209,61.275,22.15,24.853,153.246,111.35,Normal,None
Front,-0.274795,0.098695,105.044,38.547,473.393,132.099,102.24,Normal,None
Back,0.179787,-0.020584,81.387,-9.586,668.909,142.978,117.516,Normal,None
Back,-0.0536,0.030342,78.712,28.6,266.985,140.276,105.166,Normal,None
Back,0.03216,0.048651,72.21,24.317,846.195,138.593,104.431,Normal,None
Front,-0.13473,-0.034399,146.352,12.588,524.163,151.487,110.498,Normal,None
Front,0.237531,-0.049037,136.97,25.618,819.49,109.778,101.304,Normal,None
Front,-0.23207,0.088336,103.016,33.907,248.454,151.507,119.76,Normal,None
Back,-0.111874,0.002442,112.424,12.082,734.571,157.13,100.215,Normal,None
Back,-0.112701,0.087256,129.811,39.041,141.468,105.627,108.383,Normal,None
Front,-0.237624,0.031566,115.569,22.867,203.288,139.013,112.916,Normal,None
Front,-0.185852,0.056205,188.352,38.046,790.844,106.471,106.105,Normal,None
Front,0.143372,0.008415,74.306,11.553,817.471,124.52,102.26,Normal,None
Back,0.219729,0.057018,163.776,-6.621,411.801,138.014,103.863,Normal,None
Front,0.182925,-0.097072,40.076,2.305,910.708,117.62,118.36,Normal,None
Back,-0.081061,0.053833,84.922,13.806,436.379,130.395,107.228,Normal,None
Back,-0.010605,-0.039236,58.001,4.068,284.094,134.335,115.643,Normal,None
Front,0.075937,-0.001985,184.1,9.974,866.99,137.58,116.717,Normal,None
Back,-0.248118,-0.063027,187.455,-5.411,439.246,152.45,102.624,Normal,None
Front,0.248686,0.075635,126.26,1.833,666.256,114.098,119.185,Normal,None
Back,0.232111,0.048642,118.442,6.6,376.351,120.852,109.832,Normal,None
Front,-0.241226,0.052325,118.84,33.674,137.1,143.72,111.899,Normal,None
Back,-0.101145,-0.089147,79.936,13.001,711.362,125.671,118.725,Normal,None
Front,0.248979,-0.007631,54.552,11.309,539.179,131.036,110.113,Normal,None
Front,-0.124689,0.028061,52.452,7.155,73.595,148.553,109.978,Normal,None
Back,-0.167661,0.002625,86.661,33.131,986.203,156.651,101.169,Normal,None
Front,-0.044318,-0.061728,197.843,37.388,295.475,154.799,105.291,Normal,None
Front,-0.129302,0.083402,24.861,-1.111,483.079,106.908,107.053,Normal,None
Front,0.257323,-0.080413,85.215,9.159,469.833,151.251,106.054,Normal,None
Back,0.118104,-0.099775,159.488,26.351,376.973,149.517,113.915,Normal,None
Back,0.038697,-0.08537,128.067,24.388,427.245,121.276,104.716,Normal,None
Front,-0.271192,0.002595,95.976,17.209,17.414,114.365,111.092,Normal,None
Front,0.128396,-0.044403,136.633,10.426,593.21,140.952,114.511,Normal,None
Back,0.203649,-0.073635,35.631,-8.52,157.046,126.859,107.164,Normal,None
Back,-0.179614,0.02083,143.915,21.28,781.729,110.65,115.834,Normal,None
Front,-0.081727,0.038793,132.521,3.591,652.941,126.736,107.261,Normal,None
Back,0.264913,-0.04551,65.271,-8.463,480.789,129.517,102.564,Normal,None
Back,0.010885,0.007343,115.569,23.919,520.693,121.249,104.92,Normal,None
Front,-0.147047,-0.007384,101.237,-5.133,921.373,123.132,109.062,Normal,None
Back,0.049344,0.067593,50.517,-3.83,997.258,102.977,111.682,Normal,None
Front,0.056876,-0.000384,142.338,-3.876,180.008,155.749,101.659,Normal,None
Back,-0.103433,-0.089701,43.658,9.598,586.433,156.351,110.05,Normal,None
Back,0.067464,0.033649,57.196,29.821,236.968,151.64,104.02,Normal,None
Front,0.065382,0.033291,86.121,-0.049,594.259,145.237,101.547,Normal,None
Back,0.243342,0.06768,96.721,37.012,614.175,145.498,100.567,Normal,None
Front,-0.14127,0.029475,60.724,5.363,269.909,145.226,117.159,Normal,None
Back,0.238796,0.042944,114.355,-7.073,212.925,112.336,105.742,Normal,None
Back,0.192843,0.073296,159.617,33.497,196.604,125.527,112.71,Normal,None
Front,-0.026185,0.065048,120.445,-9.656,660.188,104.677,107.132,Normal,None
Front,-0.049065,0.048261,99.767,37.106,30.61,106.228,100.444,Normal,None
Back,-0.245881,0.058072,104.008,-8.775,362.944,150.898,119.027,Normal,None
Front,-0.173945,0.090762,70.511,-7.302,122.804,122.755,103.593,Normal,None
Back,0.060809,-0.096256,47.176,3.819,344.413,138.778,108.297,Normal,None
Front,0.23866,0.066461,152.867,5.073,504.339,121.816,109.284,Normal,None
Front,0.213735,0.037085,129.984,21.584,925.887,143.949,101.136,Normal,None
Back,-0.245084,-0.032149,134.278,8.447,788.017,111.766,104.045,Normal,None
Back,0.234172,-0.006254,125.299,-4.075,227.987,131.551,117.976,Normal,None
Front,-0.107784,-0.007266,152.526,-1.198,60.149,158.305,107.579,Normal,None
Back,-0.186665,-0.067005,61.553,17.365,133.649,114.687,107.802,Normal,None
Back,0.012799,0.011039,144.218,20.7,647.077,143.756,104.348,Normal,None
Back,-0.163374,-0.079979,80.377,36.592,511.012,146.678,115.517,Normal,None
Front,0.299029,-0.076333,175.701,-9.708,691.105,106.541,116.367,Normal,None
Front,0.15835,-0.080777,43.761,31.283,919.567,139.82,101.34,Normal,None
Front,0.059824,-0.009683,151.486,19.583,475.128,140.414,118.445,Normal,None
Front,0.027438,-0.010046,149.47,-2.919,987.724,129.108,100.462,Normal,None
Back,-0.140462,-0.097081,199.325,34.593,789.062,122.991,109.811,Normal,None
Back,0.125112,-0.017613,87.893,0.526,979.345,132.59,116.168,Normal,None
Back,0.212375,0.054289,166.854,33.748,214.867,139.841,116.85,Normal,None
Back,-0.27149,-0.03976,185.538,8.798,123.382,141.836,105.165,Normal,None
Back,-0.099609,-0.058578,114.176,8.712,137.24,126.047,115.725,Normal,None
Front,-0.12032,0.097351,103.085,24.186,908.393,131.147,117.689,Normal,None
Back,0.158335,0.062606,113.526,17.721,641.996,116.899,107.741,Normal,None
Front,0.204571,-0.045369,172.134,2.015,697.552,114.288,116.461,Normal,None
Back,0.03636,-0.042006,132.292,27.199,54.843,143.605,114.778,Normal,None
Front,-0.191804,0.080384,22.989,11.562,54.011,139.618,104.533,Normal,None
Back,-0.278191,-0.050334,39.619,14.97,513.637,128.893,109.462,Normal,None
Back,0.117492,0.045573,106.737,7.146,570.431,119.274,114.212,Normal,None
Back,-0.027998,0.037993,136.842,24.998,358.972,150.92,117.767,Normal,None
Back,0.295582,-0.095233,193.276,24.908,914.407,133.27,116.092,Normal,None
Back,0.053435,-0.011412,64.331,24.832,149.32,150.79,100.188,Normal,None
Back,-0.202645,0.026391,108.991,21.915,80.63,147.65,108.572,Normal,None
Back,-0.273119,-0.069382,136.906,-3.415,14.039,142.227,103.959,Normal,None
Back,-0.023196,-0.006258,57.464,5.059,836.457,126.906,105.315,Normal,None
Front,-0.0685,0.039875,32.757,10.687,319.786,114.186,100.034,Normal,None
Front,0.040319,-0.097059,119.935,3.166,106.834,157.767,111.8,Normal,None
Back,0.028311,0.029247,93.774,36.658,983.265,129.867,111.249,Normal,None
Back,0.128913,0.074991,124.162,13.15,479.72,144.494,108.001,Normal,None
Back,0.082999,0.094748,75.714,33.56,94.026,126.92,109.116,Normal,None
Back,0.093188,-0.095425,133.304,5.925,772.291,120.397,119.027,Normal,None
Front,0.067679,0.013769,42.65,36.783,819.662,140.671,107.888,Normal,None
Back,0.04602,0.057094,69.817,20.752,215.312,129.261,102.426,Normal,None
Front,0.006228,-0.068624,186.129,21.353,649.328,121.588,119.797,Normal,None
Front,-0.028013,-0.052453,43.206,10.244,507.549,155.422,109.256,Normal,None
Back,-0.217668,0.043612,78.594,25.574,765.667,124.601,116.014,Normal,None
Back,0.142788,0.058572,120.365,26.574,810.686,140.225,107.433,Normal,None
Front,0.113269,0.06355,196.572,4.701,959.162,118.52,100.682,Normal,None
Front,0.091692,0.031386,138.244,3.464,275.621,151.398,101.404,Normal,None
Back,-0.206438,0.081935,146.722,0.145,214.462,138.942,107.201,Normal,None
Back,0.174619,0.021226,182.152,-9.702,345.578,138.164,116.056,Normal,None
Back,-0.276407,-0.01772,123.743,7.247,494.405,131.189,108.656,Normal,None
Back,0.166391,-0.094813,105.705,-7.849,857.202,135.177,117.723,Normal,None
Front,-0.02294,0.06994,162.614,-3.189,293.811,148.096,115.373,Normal,None
Front,0.034102,-0.021305,27.71,13.19,851.552,145.339,104.923,Normal,None
Back,-0.249812,0.038166,26.474,26.092,440.241,159.201,113.303,Normal,None
Back,-0.07111,0.002917,122.624,16.823,928.443,133.882,116.207,Normal,None
Front,0.156279,0.045404,123.519,15.699,454.923,145.558,106.657,Normal,None
Front,0.00205,-0.037484,40.507,29.542,326.856,135.032,119.225,Normal,None
Back,0.053498,-0.036141,138.759,-1.0,244.358,118.835,106.803,Normal,None
Back,0.191014,0.095533,103.127,19.542,182.111,122.861,101.622,Normal,None
Back,-0.075556,-0.017118,110.596,28.989,152.405,101.025,107.086,Normal,None
Front,0.258811,-0.061387,21.469,5.993,603.962,108.175,119.983,Normal,None
Back,-0.117334,0.014204,41.1,39.308,432.494,127.272,104.679,Normal,None
Front,-0.111277,0.088542,44.938,20.937,605.612,130.122,108.27,Normal,None
Back,-0.022616,0.084302,171.526,22.812,167.41,146.496,106.314,Normal,None
Back,-0.19324,0.087756,126.844,16.084,26.797,101.846,101.896,Normal,None
Back,0.149928,-0.076312,95.03,11.245,820.902,127.465,113.315,Normal,None
Front,-0.114235,-0.067316,31.42,36.104,251.464,100.493,101.095,Normal,None
Back,0.030941,0.083279,86.722,7.753,434.408,134.124,117.956,Normal,None
Front,-0.226562,-0.046114,48.049,8.875,361.965,116.217,102.13,Normal,None
Back,0.065008,-0.089368,104.443,15.484,324.191,155.649,112.461,Normal,None
Front,0.269092,-0.010284,68.597,16.469,149.516,146.839,102.43,Normal,None
Front,0.183646,-0.058573,42.858,6.725,176.755,149.987,102.169,Normal,None
Back,0.286096,0.062481,65.12,15.931,443.081,144.351,116.711,Normal,None
Back,0.002378,0.074791,111.826,33.381,518.342,127.067,118.051,Normal,None
Back,0.059678,0.091241,80.853,4.386,844.709,128.997,105.391,Normal,None
Front,0.139279,0.032338,190.601,37.521,953.888,108.74,115.895,Normal,None
Back,0.040555,0.03537,198.969,15.028,97.544,110.015,117.427,Normal,None
Front,0.247402,0.029667,175.967,-8.309,794.445,107.262,106.498,Normal,None
Back,-0.173165,0.082104,21.563,11.44,767.586,144.484,105.098,Normal,None
Back,-0.091537,0.073693,196.654,17.673,414.838,146.362,106.746,Normal,None
Front,-0.155935,0.007833,92.321,7.556,635.347,128.187,107.381,Normal,None
Front,0.063425,0.092897,112.872,4.718,285.964,100.197,107.861,Normal,None
Back,0.199964,-0.068299,64.686,23.601,749.297,140.922,100.67,Normal,None
Back,-0.035904,0.070954,181.918,24.891,403.008,100.468,106.039,Normal,None
Front,0.137159,0.07948,174.743,28.545,769.434,109.184,102.225,Normal,None
Back,0.213385,0.032085,20.844,26.231,858.955,127.325,114.995,Normal,None
Back,0.056376,0.083897,125.368,13.797,82.939,103.798,119.162,Normal,None
Back,0.269472,0.047327,167.55,-5.902,702.58,135.017,109.826,Normal,None
Back,-0.234093,-0.025882,186.312,32.046,662.867,157.618,103.51,Normal,None
Back,0.125521,-0.022811,29.969,22.336,314.467,138.554,118.074,Normal,None
Back,0.001506,0.085652,73.521,35.075,973.396,129.78,114.115,Normal,None
Front,0.126064,-0.090892,188.775,-7.87,324.57,117.298,115.654,Normal,None
Back,-0.1246,0.042973,45.25,9.617,21.844,118.233,105.757,Normal,None
Back,-0.297037,-0.000584,47.426,6.719,859.685,149.847,101.216,Normal,None
Front,0.29258,-0.048783,25.387,-7.518,474.291,134.958,108.038,Normal,None
Back,0.207406,0.038711,125.054,17.473,676.69,136.801,110.661,Normal,None
Front,0.246873,-0.008888,68.506,-7.435,25.356,125.36,110.66,Normal,None
Front,-0.266387,0.044596,64.076,-7.29,58.316,112.931,104.549,Normal,None
Back,-0.108877,0.023594,179.011,27.606,417.589,149.838,108.719,Normal,None
Back,-0.053479,0.077214,160.444,26.737,367.834,112.821,110.094,Normal,None
Front,0.087104,-0.005764,94.32,8.347,148.773,156.716,118.714,Normal,None
Front,-0.155348,-0.069403,28.536,19.718,713.823,157.013,102.436,Normal,None
Back,-0.297459,-0.008474,189.358,-8.07,508.975,149.59,109.412,Normal,None
Front,-0.136484,0.058924,153.685,-6.864,231.58,125.935,119.53,Normal,None
Front,0.148898,0.015907,51.674,20.816,437.145,114.001,116.625,Normal,None
Front,0.278713,0.011322,136.083,26.483,762.144,107.694,119.611,Normal,None
Back,-0.274602,0.061124,94.692,25.73,400.28,120.758,116.659,Normal,None
Back,-0.261189,-0.094216,34.028,-2.702,40.004,148.535,106.215,Normal,None
Back,0.239251,-0.022946,68.835,24.904,646.944,125.123,114.017,Normal,None
Back,0.062689,-0.042931,101.284,5.201,149.257,150.869,112.128,Normal,None
Front,0.052515,-0.046072,181.64,-0.906,577.202,123.762,119.575,Normal,None
Front,0.022908,-0.027183,40.5,-6.361,303.775,143.278,102.466,Normal,None
Front,-0.253741,0.059293,147.63,27.371,765.219,120.541,113.835,Normal,None
Back,-0.085345,0.095397,84.085,24.649,6.719,125.664,113.814,Normal,None
Back,-0.239124,-0.036399,28.103,33.617,761.959,103.115,117.306,Normal,None
Back,-0.07025,0.082725,62.527,1.575,129.254,144.869,102.16,Normal,None
Front,-0.07323,0.018597,124.623,-4.076,116.472,133.276,116.34,Normal,None
Back,-0.144751,0.016959,169.569,13.302,790.042,157.914,113.127,Normal,None
Back,-0.2394,-0.095412,29.016,18.33,638.172,134.285,114.525,Normal,None
Back,0.289342,-0.045459,133.932,15.82,912.916,150.307,108.044,Normal,None
Back,0.214258,0.085139,96.858,23.771,225.734,120.8,111.517,Normal,None
Front,-0.000137,-0.052728,149.299,-0.027,436.141,132.463,101.797,Normal,None
Back,-0.276912,0.053166,98.753,37.51,346.246,101.985,110.878,Normal,None
Front,0.145308,0.004566,86.096,-2.257,731.293,157.933,109.241,Normal,None
Front,0.14906,-0.08754,163.902,36.504,162.157,117.725,107.87,Normal,None
Front,0.050938,-0.03211,74.024,15.78,763.865,123.952,109.649,Normal,None
Front,-0.198359,0.079694,26.72,-6.542,429.258,105.829,106.112,Normal,None
Front,-0.00542,0.027064,130.517,-6.955,26.82,121.894,114.776,Normal,None
Back,-0.005376,-0.01139,95.298,26.801,487.276,150.891,109.841,Normal,None
Back,0.260495,-0.065398,186.376,0.798,37.439,133.25,108.938,Normal,None
Back,-0.26476,0.069563,133.966,10.78,461.784,155.891,109.346,Normal,None
Front,-0.272254,0.089418,136.732,29.453,439.664,119.998,101.534,Normal,None
Front,0.141072,0.048968,84.999,-2.541,936.874,107.48,102.99,Normal,None
Front,-0.041039,-0.019833,48.915,39.461,892.233,145.977,114.093,Normal,None
Front,-0.050586,-0.02948,107.281,19.385,785.149,102.626,119.513,Normal,None
Front,-0.067598,-0.040581,167.84,32.243,307.163,135.135,116.191,Normal,None
Front,-0.059346,0.097007,188.154,37.579,143.899,155.878,109.038,Normal,None
Back,0.179428,0.031804,189.586,21.749,88.077,127.758,115.11,Normal,None
Back,-0.235509,0.064797,83.221,10.462,255.707,101.185,119.596,Normal,None
Back,-0.153895,-0.04389,35.068,1.508,171.322,128.564,113.552,Normal,None
Back,-0.162483,-0.016555,195.34,23.965,761.728,159.166,104.531,Normal,None
Back,-0.086745,0.054005,143.985,0.098,924.292,158.507,104.6,Normal,None
Front,-0.118663,0.081557,27.195,39.817,494.097,141.501,102.853,Normal,None
Back,-0.117446,-0.01537,175.787,34.719,29.91,109.739,106.797,Normal,None
Front,-0.018906,-0.069377,29.218,11.333,200.633,142.232,109.146,Normal,None
Back,-0.28967,-0.084357,37.796,-3.01,615.693,113.734,111.275,Normal,None
Front,0.284591,-0.007296,140.835,34.924,129.45,157.809,118.136,Normal,None
Back,0.131396,-0.087381,52.464,0.769,116.635,140.166,111.07,Normal,None
Back,-0.054626,-0.08827,41.366,-2.383,371.265,123.665,118.563,Normal,None
Back,0.184854,-0.032126,29.824,36.258,731.262,154.642,102.845,Normal,None
Front,-0.036318,0.075882,59.089,4.152,348.189,138.669,119.793,Normal,None
Back,-0.170331,-0.007397,94.235,1.356,120.784,153.47,116.89,Normal,None
Front,0.056031,-0.067169,33.298,15.344,929.736,149.294,106.255,Normal,None
Front,0.07197,0.00291,191.88,19.236,918.555,143.599,119.654,Normal,None
Back,-0.052938,0.06633,47.698,30.859,487.641,144.401,115.612,Normal,None
Back,-0.036545,-0.086767,126.603,12.006,288.093,151.95,105.099,Normal,None
Back,-0.106402,-0.00428,81.613,28.065,298.107,155.396,119.527,Normal,None
Front,-0.16414,-0.068145,184.273,15.482,589.846,101.955,116.059,Normal,None
Front,0.241005,0.01871,66.661,37.278,397.831,156.061,110.653,Normal,None
Back,-0.255902,-0.067033,192.464,9.456,592.111,117.177,116.982,Normal,None
Front,0.141979,-0.003464,30.359,-2.475,381.502,110.512,114.548,Normal,None
Front,0.277691,-0.040996,53.035,-2.23,662.191,100.106,116.859,Normal,None
Front,0.072352,-0.001598,154.544,-8.857,51.625,122.853,112.846,Normal,None
Back,0.056878,-0.094814,150.903,28.051,300.938,153.024,114.168,Normal,None
Back,-0.201811,0.004421,145.416,27.315,134.956,140.0,116.998,Normal,None
Back,0.038964,-0.006431,98.709,-5.062,34.439,123.337,105.393,Normal,None
Front,-0.289539,0.039858,61.457,4.635,542.582,155.653,118.946,Normal,None
Back,0.074503,-0.09832,95.76,-3.687,735.284,143.934,119.649,Normal,None
Back,-0.035548,-0.037575,187.731,33.907,552.567,102.374,110.551,Normal,None
Back,0.092007,0.072953,177.677,30.728,91.24,119.586,111.336,Normal,None
Front,-0.287441,-0.066957,74.575,-5.933,744.515,104.818,117.175,Normal,None
Front,0.082272,-0.053415,98.662,12.951,133.026,121.64,118.667,Normal,None
Front,-1.3e-05,-0.027149,22.808,-7.069,87.448,123.617,119.527,Normal,None
Back,-0.083451,-0.05601,145.617,4.972,996.534,138.315,110.386,Normal,None
Back,-0.203442,-0.059673,195.213,15.499,314.513,146.149,109.334,Normal,None
Front,0.14872,0.039823,132.797,35.522,201.574,112.258,116.622,Normal,None
Back,-0.101853,-0.046406,169.596,37.18,845.063,125.056,118.776,Normal,None
Front,-0.108314,-0.005891,138.199,13.023,692.568,150.073,107.383,Normal,None
Back,-0.013765,0.051539,112.415,-4.673,446.407,151.995,115.181,Normal,None
Front,0.007161,-0.097079,174.789,36.098,266.233,157.134,100.728,Normal,None
Back,0.27731,0.000241,22.881,20.554,580.572,113.629,108.062,Normal,None
Back,0.071622,0.007735,140.851,28.186,608.323,107.485,103.633,Normal,None
Back,-0.226783,-0.066749,106.166,30.932,494.8,106.957,116.036,Normal,None
Front,-0.062145,-0.051664,196.186,26.073,867.621,105.873,116.113,Normal,None
Back,-0.217635,0.09825,150.179,5.789,241.784,102.283,108.068,Normal,None
Back,-0.063233,0.096934,148.705,20.204,620.179,118.416,110.319,Normal,None
Front,-0.220149,-0.011269,52.222,0.953,948.396,122.596,117.607,Normal,None
Front,0.148643,0.054233,77.026,31.515,757.51,141.936,102.873,Normal,None
Back,-0.134046,0.006327,73.252,-3.121,176.887,136.728,101.988,Normal,None
Back,-0.292046,0.076722,53.468,17.686,477.154,104.852,106.415,Normal,None
Front,-0.098202,-0.04244,152.226,25.195,35.203,155.054,107.333,Normal,None
Front,0.064517,-0.085006,50.544,31.351,865.03,113.47,106.409,Normal,None
Back,0.061861,-0.084112,133.752,20.119,103.413,149.188,109.195,Normal,None
Back,0.217598,-0.087037,81.143,0.342,180.455,124.268,118.081,Normal,None
Back,-0.178246,0.066232,59.229,21.24,329.416,118.239,117.538,Normal,None
Front,0.211813,-0.003515,56.011,-4.04,230.517,159.576,110.451,Normal,None
Back,-0.295857,-0.083366,175.278,34.136,418.209,117.393,116.607,Normal,None
Front,-0.264133,-0.057251,49.853,21.74,569.792,129.723,113.769,Normal,None
Front,-0.085591,0.042412,55.845,33.748,737.704,139.834,105.776,Normal,None
Front,-0.084312,-0.000556,178.345,34.565,561.376,147.786,119.945,Normal,None
Front,0.187649,-0.027486,87.052,0.179,269.695,153.389,107.275,Normal,None
Front,-0.240488,0.001942,20.343,39.426,406.631,146.775,109.594,Normal,None
Front,-0.220464,-0.076598,181.67,16.765,136.467,139.99,114.48,Normal,None
Back,-0.033786,0.019714,139.262,5.965,893.165,104.879,108.271,Normal,None
Back,-0.223183,-0.071619,127.156,35.538,175.856,157.708,113.556,Normal,None
Back,-0.107577,-0.012055,82.69,14.86,606.255,108.256,101.662,Normal,None
Back,-0.028845,-0.078846,183.09,30.795,482.967,127.514,115.461,Normal,None
Front,-0.052119,-0.020313,183.958,32.795,71.113,103.759,105.315,Normal,None
Back,0.283359,0.031438,180.731,14.17,239.912,153.375,117.491,Normal,None
Front,0.089193,0.027436,166.988,-9.06,851.747,143.82,116.801,Normal,None
Front,0.010089,-0.009765,92.392,-5.134,544.274,156.399,107.737,Normal,None
Front,-0.236908,0.04509,53.654,-1.034,135.074,103.501,105.114,Normal,None
Back,-0.08101,0.047896,147.087,35.749,45.649,145.686,115.387,Normal,None
Back,-0.239879,-0.004297,41.098,27.776,328.874,117.583,107.187,Normal,None
Front,-0.151421,0.018352,54.073,34.079,275.438,128.637,119.734,Normal,None
Front,-0.186291,0.099747,57.617,15.044,930.334,116.929,118.741,Normal,None
Back,0.234685,0.058836,155.696,13.909,344.252,107.081,114.46,Normal,None
Back,0.199791,-0.076453,65.73,12.64,585.39,140.671,118.545,Normal,None
Front,0.214782,-0.075046,74.683,-2.383,14.347,157.343,110.694,Normal,None
Back,0.126998,0.00385,35.658,2.825,857.307,139.978,103.183,Normal,None
Back,0.060641,0.064739,156.092,36.467,911.67,140.103,100.7,Normal,None
Front,0.145673,0.02638,66.133,37.468,282.97,138.596,109.858,Normal,None
Front,-0.218237,0.075162,197.187,23.203,76.033,114.055,107.59,Normal,None
Back,0.235199,-0.030553,75.834,-0.762,42.966,128.211,105.061,Normal,None
Back,-0.087992,0.026936,38.114,18.297,741.491,116.34,112.062,Normal,None
Front,-0.064956,0.039939,110.556,-6.981,694.049,113.228,118.882,Normal,None
Back,-0.208987,-0.071004,105.996,35.364,211.7,107.053,100.114,Normal,None
Back,0.193969,0.022816,135.417,14.413,103.169,103.713,119.699,Normal,None
Back,0.272551,-0.009728,36.53,32.838,898.58,142.89,110.8,Normal,None
Back,0.018608,-0.09693,133.535,-7.743,633.864,113.212,108.773,Normal,None
Front,-0.029386,-0.087468,160.544,28.897,558.947,113.783,113.151,Normal,None
Front,0.27201,0.071418,107.366,30.849,858.418,150.88,112.91,Normal,None
Front,0.178523,-0.004192,59.589,-2.864,498.279,116.136,102.701,Normal,None
Back,0.1835,0.060703,68.363,26.566,421.322,140.868,101.721,Normal,None
Front,0.20023,-0.088327,37.449,-6.52,848.246,127.512,106.613,Normal,None
Back,-0.141384,-0.028357,123.652,-8.488,228.385,155.266,109.069,Normal,None
Front,-0.231444,0.002449,172.746,3.952,722.461,109.01,109.198,Normal,None
Back,-0.120698,0.060802,140.996,5.779,834.892,134.017,105.567,Normal,None
Front,0.178105,-0.008223,155.071,36.448,667.048,143.604,109.316,Normal,None
Back,0.063401,0.074909,156.166,15.585,268.63,159.832,106.421,Normal,None
Front,0.170912,0.042333,69.862,32.863,740.679,145.653,104.237,Normal,None
Front,-0.139103,-0.045508,72.077,36.136,778.265,155.891,116.281,Normal,None
Back,-0.008184,0.001514,168.429,-9.338,230.386,132.731,107.674,Normal,None
Back,-0.234676,-0.017474,150.796,-0.726,10.32,153.615,107.549,Normal,None
Front,0.194362,0.053331,131.952,33.376,792.15,131.34,112.153,Normal,None
Back,-0.211748,-0.000866,187.181,25.481,739.901,119.357,103.428,Normal,None
Front,-0.169222,0.023537,155.44,30.4,808.854,115.779,109.793,Normal,None
Back,0.008502,-0.081098,192.253,17.164,154.005,121.011,107.716,Normal,None
Front,-0.138222,-0.078296,158.999,-5.47,224.135,117.293,110.013,Normal,None
Front,-0.173678,-0.043788,49.558,-6.095,758.656,118.293,109.915,Normal,None
Back,-0.232173,-0.049937,100.608,22.619,660.985,116.203,100.149,Normal,None
Front,-0.151694,-0.012077,43.289,37.16,362.6,137.838,108.086,Normal,None
Front,-0.011444,0.057826,165.996,22.349,366.315,151.262,111.679,Normal,None
Front,0.061693,-0.034253,169.7,-9.475,250.942,137.43,107.339,Normal,None
Back,-0.213638,-0.035231,175.515,11.558,19.94,125.25,113.696,Normal,None
Front,0.285198,0.087455,90.84,23.891,824.734,111.499,112.616,Normal,None
Front,-0.274825,-0.02072,164.853,21.29,406.378,133.813,117.805,Normal,None
Front,0.036221,-0.066152,54.329,-1.024,373.208,104.991,113.572,Normal,None
Back,0.154583,0.025548,111.653,30.228,486.462,107.661,112.927,Normal,None
Front,-0.009112,-0.080831,88.219,1.424,531.428,125.599,115.986,Normal,None
Back,0.277288,0.001636,142.081,5.48,62.482,118.339,109.995,Normal,None
Front,0.050375,0.089716,165.995,6.453,582.885,129.757,101.109,Normal,None
Front,-0.044306,0.070258,126.673,20.122,607.349,113.084,101.111,Normal,None
Back,-0.050023,0.040236,54.473,-1.473,614.151,131.574,106.271,Normal,None
Back,-0.064698,0.033633,182.759,33.094,24.765,122.755,111.952,Normal,None
Back,0.143374,-0.036337,49.239,19.85,155.682,136.146,104.85,Normal,None
Front,0.064762,-0.043667,45.8,10.073,874.945,139.267,111.447,Normal,None
Front,-0.159353,-0.045674,113.846,34.043,985.029,148.643,115.918,Normal,None
Front,0.177504,-0.097493,123.608,18.433,419.158,119.891,109.117,Normal,None
Back,-0.089698,-0.060632,77.196,16.47,593.447,137.727,112.325,Normal,None
Back,-0.149472,-0.064177,169.465,-1.283,200.311,123.835,115.714,Normal,None
Back,0.297751,-0.021115,121.022,38.0,566.324,150.509,119.312,Normal,None
Back,-0.054228,-0.036804,157.694,-9.655,363.33,130.812,101.714,Normal,None
Back,0.052009,-0.084323,49.925,-3.911,163.476,152.477,104.239,Normal,None
Front,-0.037482,-0.02536,27.255,-8.372,44.976,140.12,116.425,Normal,None
Back,0.058331,0.001042,68.631,10.54,296.999,143.441,118.118,Normal,None
Front,0.025954,0.00723,198.996,10.178,555.836,131.287,101.51,Normal,None
Front,0.150347,-0.05621,183.013,23.197,970.64,116.201,115.569,Normal,None
Back,0.099023,-0.025719,20.271,13.527,205.388,152.006,101.768,Normal,None
Front,0.278227,0.020513,131.525,32.914,148.86,108.284,104.63,Normal,None
Front,-0.284391,0.015971,137.468,21.58,158.193,128.708,109.38,Normal,None
Front,-0.241942,0.043216,146.635,6.185,16.359,150.004,101.08,Normal,None
Front,0.062135,0.081297,110.034,26.662,940.03,122.595,115.183,Normal,None
Back,0.091018,0.031259,120.17,-4.567,576.372,102.128,105.63,Normal,None
Back,-0.218144,0.052817,175.496,-2.182,24.861,112.727,106.25,Normal,None
Back,0.082499,0.025331,53.06,-6.37,394.243,142.111,114.745,Normal,None
Back,0.179132,0.04764,125.854,22.61,619.658,116.777,104.623,Normal,None
Back,0.160394,-0.068773,95.128,37.982,903.763,133.418,119.788,Normal,None
Back,-0.187185,-0.035132,65.851,-1.05,952.331,113.316,101.342,Normal,None
Front,0.000837,-0.020281,195.426,12.291,494.413,149.255,119.258,Normal,None
Back,-0.012817,-0.060864,77.008,31.98,879.765,101.362,111.589,Normal,None
Front,-0.170529,-0.028729,56.91,37.244,436.009,111.653,110.696,Normal,None
Back,0.099936,-0.065434,55.635,31.281,85.94,128.684,111.081,Normal,None
Front,0.068986,-0.077865,26.503,4.081,844.617,100.87,104.179,Normal,None
Back,0.125115,0.032727,128.963,20.78,146.622,153.312,117.219,Normal,None
Back,-0.110426,0.043966,33.187,23.075,181.724,108.233,102.882,Normal,None
Front,0.24662,-0.097901,99.442,35.385,587.369,105.408,109.74,Normal,None
Back,0.236889,0.03229,159.941,21.623,68.941,109.324,103.455,Normal,None
Back,-0.292865,-0.063042,75.552,-5.09,545.615,116.725,119.228,Normal,None
Back,-0.117646,-0.099854,60.623,2.242,617.774,101.925,116.859,Normal,None
Back,0.244147,0.081765,162.369,11.378,923.651,118.157,103.096,Normal,None
Front,0.091954,-0.020671,117.062,25.892,269.095,156.396,101.09,Normal,None
Front,0.0773,0.0163,129.494,35.266,222.227,100.52,102.444,Normal,None
Back,0.189806,-0.072809,65.567,24.825,223.265,132.782,102.979,Normal,None
Front,-0.209398,-0.042442,28.283,-1.787,192.153,147.668,109.985,Normal,None
Front,-0.051837,-0.078307,62.452,2.14,135.88,120.979,105.529,Normal,None
Front,-0.27587,-0.017293,126.795,-7.759,929.996,125.337,110.612,Normal,None
Back,-0.1644,-0.038069,114.895,6.33,201.309,104.38,102.36,Normal,None
Front,0.029704,0.073237,136.521,16.838,657.827,157.811,114.563,Normal,None
Front,0.26384,-0.045375,55.004,32.07,360.523,113.38,100.831,Normal,None
Back,-0.081272,0.084743,139.714,0.016,889.777,149.487,107.504,Normal,None
Back,-0.051991,0.033056,159.638,27.157,283.243,129.906,107.848,Normal,None
Front,-0.225611,-0.057622,95.328,38.536,138.595,100.837,108.392,Normal,None
Front,0.222883,-0.054868,20.703,-8.734,459.869,123.243,106.363,Normal,None
Back,-0.104006,-0.062953,153.207,9.376,421.197,141.034,108.202,Normal,None
Back,0.070531,0.040004,106.819,1.866,498.031,134.698,107.027,Normal,None
Front,0.010686,-0.057142,132.379,11.966,600.271,108.206,114.398,Normal,None
Back,0.083023,0.084609,123.74,3.951,31.374,109.322,116.246,Normal,None
Front,-0.0133,-0.094742,115.244,32.923,364.059,146.997,101.768,Normal,None
Front,-0.185761,0.048375,125.038,24.899,784.546,103.519,119.659,Normal,None
Front,-0.265701,-0.057379,171.714,-6.403,129.223,110.434,104.918,Normal,None
Back,-0.093598,0.035367,33.971,19.042,488.561,157.332,115.292,Normal,None
Front,-0.125911,-0.042863,111.804,26.552,485.372,134.825,119.287,Normal,None
Front,0.091172,-0.023978,28.148,20.223,50.069,100.084,115.256,Normal,None
Front,0.066574,-0.067477,124.952,6.867,512.848,143.015,108.24,Normal,None
Back,0.118524,0.093242,65.542,-6.84,399.681,152.99,118.291,Normal,None
Back,-0.030774,0.082141,23.094,20.508,102.623,153.325,117.611,Normal,None
Front,0.212501,0.000555,190.48,10.628,37.816,121.252,119.681,Normal,None
Back,0.146559,-0.04984,76.758,29.082,913.407,140.527,106.66,Normal,None
Back,0.113434,0.002927,177.044,32.051,600.846,109.668,109.613,Normal,None
Back,-0.232545,-0.039563,198.366,30.215,84.795,111.858,105.818,Normal,None
Front,-0.045352,0.097801,135.974,35.33,283.999,149.649,115.615,Normal,None
Front,-0.122054,0.012451,61.125,-4.313,689.56,103.448,112.078,Normal,None
Front,-0.098226,-0.00222,28.875,28.821,258.285,141.06,114.529,Normal,None
Back,0.035893,0.059057,107.794,0.59,473.759,123.813,102.638,Normal,None
Back,-0.14901,-0.0894,184.526,18.271,872.027,129.717,105.068,Normal,None
Front,0.160364,0.082505,141.424,9.565,819.85,131.313,117.676,Normal,None
Back,0.286227,0.032926,58.874,32.656,190.926,114.057,109.316,Normal,None
Front,-0.066113,-0.073358,156.533,-1.097,892.156,156.339,107.932,Normal,None
Front,-0.193033,-0.071287,81.342,9.31,25.506,135.415,114.621,Normal,None
Front,0.202112,-0.026534,112.645,4.542,968.89,103.715,107.567,Normal,None
Back,-0.006059,-0.019998,195.318,8.454,937.467,158.175,119.117,Normal,None
Front,0.177926,-0.018424,72.423,9.09,889.939,127.975,100.454,Normal,None
Front,-0.273339,-0.028424,56.936,-6.431,39.755,152.583,104.357,Normal,None
Back,0.082247,-0.034467,147.0,19.281,817.67,154.164,105.146,Normal,None
Back,-0.127375,0.057118,153.342,33.47,426.304,114.425,118.543,Normal,None
Back,0.070611,0.012889,109.325,-1.952,233.555,112.735,105.644,Normal,None
Front,0.291572,-0.028125,189.253,-5.327,86.122,127.6,113.362,Normal,None
Back,0.14455,-0.040206,119.617,4.662,961.256,149.523,109.742,Normal,None
Front,0.240882,-0.001514,97.829,29.397,301.137,103.459,108.346,Normal,None
Back,-0.239151,-0.009417,76.044,16.352,379.057,112.615,111.062,Normal,None
Front,-0.270237,-0.028282,109.392,29.591,132.392,149.356,111.781,Normal,None
Back,-0.023356,0.007026,54.929,31.505,465.692,113.659,115.889,Normal,None
Back,-0.156818,-0.054573,176.353,-4.264,979.392,116.455,109.534,Normal,None
Back,-0.047029,-0.040051,177.71,28.786,557.037,154.964,115.471,Normal,None
Front,-0.214547,0.056572,100.069,-7.14,264.596,114.579,101.483,Normal,None
Back,-0.241859,-0.03806,54.296,34.141,989.272,139.132,109.038,Normal,None
Front,0.267309,-0.058068,144.357,32.394,363.108,101.406,118.557,Normal,None
Front,-0.256372,-0.009432,163.735,6.278,270.716,128.485,104.484,Normal,None
Front,0.01035,-0.00921,122.881,33.257,177.889,117.246,119.261,Normal,None
Front,-0.007844,0.029847,125.199,21.885,973.456,111.51,112.301,Normal,None
Back,-0.070104,0.046154,51.825,-1.403,321.725,102.86,105.219,Normal,None
Back,0.293259,-0.09059,39.714,-5.021,93.333,146.446,117.248,Normal,None
Front,-0.054481,-0.041869,69.342,3.192,779.078,121.9,118.054,Normal,None
Back,-0.26792,0.025805,170.405,-7.495,908.841,100.899,100.904,Normal,None
Front,-0.294114,-0.021193,191.013,28.358,705.73,139.908,110.529,Normal,None
Back,0.293044,0.081402,112.604,38.475,474.359,116.342,108.007,Normal,None
Back,0.061009,-0.038379,26.685,5.809,953.71,135.631,112.738,Normal,None
Back,-0.123039,0.005341,173.726,16.226,942.505,144.743,117.325,Normal,None
Back,0.018277,-0.091814,151.765,-0.788,524.722,140.158,101.861,Normal,None
Front,-0.215392,0.077927,165.26,14.586,323.032,154.781,104.487,Normal,None
Front,0.175071,0.062637,64.277,29.174,829.142,116.965,103.466,Normal,None
Back,-0.191946,0.036412,91.195,4.703,405.396,137.532,109.23,Normal,None
Back,-0.17365,0.082992,138.241,-6.069,980.932,155.108,108.464,Normal,None
Back,0.13301,-0.001486,164.105,12.414,274.376,148.973,102.961,Normal,None
Back,0.012671,0.06984,78.299,19.432,905.337,114.265,108.729,Normal,None
Front,-0.175172,0.044713,105.665,-4.123,215.302,140.797,107.571,Normal,None
Back,0.184656,-0.082933,102.492,5.247,973.091,100.892,117.079,Normal,None
Back,-0.012058,0.00687,143.522,7.52,373.184,111.148,105.258,Normal,None
Front,-0.020221,0.021136,194.946,13.623,615.109,143.837,104.997,Normal,None
Front,-0.066052,0.043039,62.362,6.593,150.79,148.529,105.859,Normal,None
Back,0.164192,-0.050573,171.782,6.937,48.817,148.08,106.19,Normal,None
Front,0.096146,0.028121,186.784,29.765,222.311,133.76,110.149,Normal,None
Back,-0.036832,-0.028553,102.754,18.466,136.476,132.19,119.32,Normal,None
Front,0.136001,-0.051283,140.887,6.66,131.7,152.162,109.555,Normal,None
Back,0.27478,-0.015454,194.954,32.767,648.708,110.707,115.925,Normal,None
Front,0.021799,-0.082401,38.877,-4.93,806.976,129.589,107.485,Normal,None
Front,0.234064,0.029317,130.497,30.062,209.126,130.045,109.562,Normal,None
Back,0.140123,-0.027935,128.121,3.922,291.399,126.195,104.06,Normal,None
Front,-0.170269,0.082252,172.855,-8.147,657.132,142.132,108.025,Normal,None
Back,0.223434,0.065926,111.873,8.948,706.113,146.047,106.226,Normal,None
Back,0.210618,0.084876,97.838,11.365,86.599,107.945,102.475,Normal,None
Front,0.010631,-0.038289,74.094,-2.053,907.845,119.019,105.031,Normal,None
Front,0.263384,-0.069019,188.222,-2.369,339.213,145.623,118.044,Normal,None
Back,-0.106065,0.094148,123.83,15.654,918.495,135.446,118.989,Normal,None
Front,0.059334,0.079068,183.604,8.583,331.416,131.043,100.922,Normal,None
Back,0.235929,0.085652,197.109,38.456,895.693,109.671,113.069,Normal,None
Back,-0.210342,0.083512,61.701,29.006,231.907,117.034,117.849,Normal,None
Front,0.111987,0.005095,161.179,26.238,631.448,123.007,103.82,Normal,None
Front,-0.016784,0.005449,136.775,24.348,540.582,135.756,111.708,Normal,None
Front,-0.25691,-0.049148,70.405,2.848,923.65,113.566,110.56,Normal,None
Back,-0.274272,-0.081234,162.86,-9.03,205.962,122.925,116.477,Normal,None
Front,-0.205303,-0.042867,111.826,32.66,457.257,123.559,102.981,Normal,None
Front,0.044995,-0.069627,30.526,39.798,352.806,138.671,101.179,Normal,None
Front,-0.006751,-0.033032,89.488,38.502,517.177,143.757,109.786,Normal,None
Back,0.109728,0.019727,51.038,32.116,753.99,112.402,101.343,Normal,None
Front,0.219033,-0.073492,93.425,28.749,668.675,106.661,106.867,Normal,None
Back,0.161071,0.066586,195.491,-7.332,247.368,117.514,103.458,Normal,None
Front,-0.037824,-0.003758,199.622,22.954,413.988,115.969,115.016,Normal,None
Back,0.285829,0.063428,180.464,12.0,314.775,136.108,110.953,Normal,None
Back,0.223082,0.092823,42.153,23.366,617.024,117.883,101.6,Normal,None
Back,0.020395,0.051673,49.659,6.765,656.85,138.327,110.876,Normal,None
Back,0.293512,0.06593,61.018,1.363,492.308,119.381,119.275,Normal,None
Front,-0.064047,-0.081489,70.355,28.212,851.669,117.254,114.609,Normal,None
Back,-0.217535,0.009038,49.984,1.602,79.788,157.017,111.196,Normal,None
Front,0.065977,-0.024843,92.924,11.43,729.259,117.603,118.705,Normal,None
Back,0.228973,-0.02565,83.83,6.934,704.189,145.373,115.972,Normal,None
Front,-0.177258,-0.034951,31.141,-3.399,707.99,107.112,114.316,Normal,None
Front,0.181191,-0.047095,164.492,32.157,99.895,109.862,114.165,Normal,None
Front,-0.105202,-0.096297,142.188,21.074,198.243,105.845,115.91,Normal,None
Back,-0.157118,0.057719,136.816,34.917,785.5,132.715,104.882,Normal,None
Back,0.068204,-0.098201,53.702,9.539,725.94,121.587,105.41,Normal,None
Front,0.24636,-0.022367,168.565,12.712,305.713,125.584,114.952,Normal,None
Front,0.068169,-0.046393,165.634,2.193,149.953,155.341,114.685,Normal,None
Back,-0.070189,-0.055436,118.966,-9.299,908.286,120.893,108.945,Normal,None
Front,0.271416,0.085949,24.685,32.178,626.32,103.271,108.625,Normal,None
Front,0.168468,0.041407,64.742,34.505,233.141,146.512,119.907,Normal,None
Front,-0.075513,0.037251,21.708,-3.94,367.673,100.241,113.303,Normal,None
Back,0.1626,0.075747,110.047,8.834,781.741,155.537,104.309,Normal,None
Back,-0.03102,0.006272,169.629,11.562,861.944,107.524,104.357,Normal,None
Front,-0.067625,0.038496,174.415,-8.609,666.312,111.034,108.795,Normal,None
Front,0.150435,0.054031,119.74,2.78,440.774,107.015,104.875,Normal,None
Front,-0.270375,0.062226,188.772,-0.896,449.035,108.314,100.273,Normal,None
Front,-0.125472,-0.099852,60.153,21.859,201.202,118.253,118.997,Normal,None
Front,-0.160969,0.096062,146.194,-0.016,642.632,114.051,103.851,Normal,None
Back,0.126039,0.013579,105.076,3.54,115.294,138.632,104.777,Normal,None
Back,-0.082001,0.022981,143.241,0.252,171.158,106.563,107.494,Normal,None
Back,0.120073,-0.042337,64.78,0.754,269.457,123.005,117.619,Normal,None
Front,-0.276482,0.032178,185.989,14.639,62.486,125.925,114.933,Normal,None
Front,-0.130203,-0.077506,135.937,12.645,448.03,125.807,116.128,Normal,None
Front,-0.25777,-0.098922,35.345,16.566,398.686,110.645,114.993,Normal,None
Front,-0.046578,0.06058,151.96,-5.81,704.776,154.24,117.204,Normal,None
Front,0.221692,-0.09399,36.388,-3.218,997.963,122.751,119.317,Normal,None
Front,-0.274081,0.095308,179.838,7.987,61.579,147.077,112.397,Normal,None
Back,-0.280493,0.066296,139.059,28.096,638.792,135.241,106.114,Normal,None
Back,0.197756,-0.095674,81.269,15.325,561.365,104.104,112.517,Normal,None
Front,0.153686,-0.019648,182.104,12.41,832.489,139.624,115.831,Normal,None
Front,0.024875,-0.010748,104.596,-5.796,624.4,110.196,115.33,Normal,None
Front,0.277783,-0.071212,77.278,23.717,408.575,151.079,117.677,Normal,None
Back,0.267332,-0.005431,159.746,-9.891,952.623,149.206,109.312,Normal,None
Front,0.008064,0.09315,178.816,38.985,32.919,147.553,100.272,Normal,None
Back,-0.048055,0.060532,39.675,30.33,676.564,153.845,108.092,Normal,None
Back,0.199089,-0.074968,172.329,39.728,343.343,126.886,119.135,Normal,None
Back,0.112979,0.037714,92.96,3.411,513.933,141.044,113.902,Normal,None
Back,0.037535,0.048113,114.723,29.178,920.586,137.381,105.526,Normal,None
Front,-0.283574,0.098731,45.054,8.606,262.578,123.037,116.811,Normal,None
Front,0.221246,0.06879,189.958,9.636,381.1,123.61,100.736,Normal,None
Back,0.006901,-0.059582,87.524,26.87,496.19,143.222,110.542,Normal,None
Back,0.08475,-0.095995,87.745,6.754,379.093,102.823,117.748,Normal,None
Back,-0.16766,0.074125,192.437,36.83,99.766,150.811,116.457,Normal,None
Back,0.028493,-0.062053,186.606,8.649,364.571,144.438,101.48,Normal,None
Front,0.06319,-0.033997,184.353,1.934,823.05,128.21,105.962,Normal,None
Back,-0.145507,-0.026658,140.117,19.646,66.162,154.126,105.929,Normal,None
Front,0.05136,-0.079118,68.012,29.961,419.083,142.001,103.19,Normal,None
Front,0.162752,-0.052899,138.468,21.904,814.205,104.629,111.33,Normal,None
Back,0.092552,-0.092485,29.273,31.037,685.204,105.327,108.879,Normal,None
Back,-0.107651,0.079882,138.874,24.774,697.442,158.322,117.35,Normal,None
Front,-0.243671,-0.095845,167.673,35.579,268.662,136.714,101.344,Normal,None
Front,-0.202343,0.074139,124.22,30.783,277.364,132.395,101.818,Normal,None
Front,-0.026215,-0.026002,74.244,17.921,583.671,108.088,106.36,Normal,None
Front,0.097269,-0.091182,185.285,5.093,13.995,157.203,102.865,Normal,None
Back,-0.21109,-0.051771,45.464,38.689,804.74,140.242,113.093,Normal,None
Front,-0.062315,0.048469,159.091,29.309,447.245,128.331,116.2,Normal,None
Front,-0.142803,-0.090419,108.412,3.184,651.314,156.991,105.9,Normal,None
Front,-0.088613,-0.035646,62.385,39.092,661.35,133.768,110.62,Normal,None
Back,0.089003,-0.084867,95.854,3.846,336.454,155.872,117.395,Normal,None
Front,0.055201,0.023904,153.537,-6.872,364.325,126.397,114.437,Normal,None
Front,0.251857,-0.054325,37.067,-2.26,793.838,157.252,115.421,Normal,None
Front,-0.252955,-0.01688,134.688,21.034,461.249,143.643,101.031,Normal,None
Front,0.015469,-0.090272,32.631,2.066,84.386,146.238,106.22,Normal,None
Front,-0.075847,-0.053426,176.06,16.694,53.583,103.713,106.294,Normal,None
Back,-0.014278,-0.027681,160.963,37.609,210.344,138.331,102.542,Normal,None
Back,0.099787,-0.034982,65.208,28.859,127.085,130.036,101.529,Normal,None
Front,0.267161,0.020348,178.419,32.925,611.08,106.65,107.767,Normal,None
Back,0.286655,0.019596,107.158,-4.161,792.005,147.049,119.114,Normal,None
Back,-0.169433,0.065446,158.938,18.93,956.269,125.15,103.008,Normal,None
Back,0.163564,-0.090326,52.162,15.165,568.265,136.066,109.895,Normal,None
Front,-0.112845,0.009591,140.989,-1.497,837.665,102.582,100.563,Normal,None
Front,0.259438,-0.077323,61.695,-7.517,48.573,140.231,111.107,Normal,None
Back,-0.045752,-0.079586,104.618,-5.462,711.144,153.97,104.443,Normal,None
Back,0.214323,0.053429,30.334,33.331,430.879,114.542,108.493,Normal,None
Front,-0.058438,-0.027587,166.166,37.86,295.27,112.895,119.868,Normal,None
Front,-0.068153,-0.004079,142.179,18.947,209.794,100.724,107.049,Normal,None
Back,0.267811,0.013996,180.456,22.987,994.303,134.254,109.984,Normal,None
Back,-0.177073,-0.091691,156.224,34.878,629.916,138.838,102.204,Normal,None
Back,-0.242835,0.072605,155.261,3.488,537.115,124.969,118.162,Normal,None
Front,-0.278015,0.077304,98.42,25.941,583.984,153.604,101.345,Normal,None
Back,0.0754,-0.017504,55.522,-0.942,27.517,143.539,116.891,Normal,None
Back,3e-05,-0.061339,82.999,12.511,501.206,103.626,114.086,Normal,None
Front,0.059622,-0.080375,123.511,-5.697,616.216,156.68,118.053,Normal,None
Back,-0.16401,-0.033992,191.144,-7.329,418.909,129.17,113.732,Normal,None
Front,-0.150353,-0.067205,38.838,22.926,132.188,116.09,107.862,Normal,None
Front,0.021871,0.055923,58.166,23.971,32.309,102.519,119.999,Normal,None
Back,0.184443,0.033651,182.328,14.213,668.56,143.288,118.233,Normal,None
Back,-0.121495,-0.07533,117.999,10.548,861.764,154.915,112.265,Normal,None
Back,0.089667,-0.028588,77.925,-2.63,560.958,153.074,106.155,Normal,None
Front,0.198238,-0.035224,119.216,21.72,133.715,124.245,106.171,Normal,None
Front,-0.184625,0.028234,25.813,29.298,198.383,141.492,111.608,Normal,None
Front,0.01796,0.049559,107.678,37.132,58.989,146.28,102.371,Normal,None
Front,-0.225652,0.080507,126.982,33.917,796.155,158.864,109.53,Normal,None
Back,-0.048633,0.068315,141.594,13.682,995.449,105.711,112.73,Normal,None
Front,-0.076585,-0.090539,80.117,30.148,139.562,158.054,114.642,Normal,None
Front,0.22791,0.015528,171.949,11.38,869.033,152.354,106.841,Normal,None
Back,-0.218507,-0.051482,88.181,7.645,315.653,151.705,110.848,Normal,None
Back,-0.17651,0.045926,95.681,34.942,955.801,118.163,117.925,Normal,None
Back,-0.220633,0.056974,104.361,25.918,16.348,158.565,114.448,Normal,None
Back,-0.092273,0.03692,198.862,-2.606,26.361,112.495,101.6,Normal,None
Back,0.259332,-0.016738,22.477,28.319,936.78,109.339,116.668,Normal,None
Front,0.279184,0.029275,67.931,18.201,907.676,103.525,117.852,Normal,None
Front,-0.079262,-0.081772,189.524,28.231,765.283,104.605,103.194,Normal,None
Front,-0.20603,-0.058727,51.086,33.23,562.836,138.058,101.213,Normal,None
Front,-0.173136,0.093451,197.814,18.901,177.001,155.997,104.511,Normal,None
Back,0.0137,-0.048437,93.331,-8.709,768.094,110.21,118.079,Normal,None
Front,-0.277084,-0.011905,36.708,27.647,720.909,131.88,101.279,Normal,None
Back,0.224687,0.019455,133.893,27.066,652.048,138.074,116.722,Normal,None
Back,-0.154537,0.083851,120.243,24.87,804.801,129.049,104.471,Normal,None
Front,0.297715,0.080695,139.6,23.768,940.741,124.341,100.093,Normal,None
Back,-0.137744,-0.079225,92.815,19.117,249.551,109.893,116.819,Normal,None
Back,-0.236532,-0.027216,162.767,25.518,959.693,124.961,101.842,Normal,None
Front,0.185358,0.009072,103.479,19.837,157.803,132.133,112.314,Normal,None
Back,-0.184591,-0.024366,24.559,30.205,360.831,109.379,102.149,Normal,None
Front,-0.070882,0.031886,59.251,-0.462,919.302,110.49,108.117,Normal,None
Front,-0.027431,-0.026663,135.916,-5.355,97.268,118.49,108.273,Normal,None
Front,-0.211082,-0.091595,196.579,21.561,981.653,108.22,105.284,Normal,None
Front,-0.178587,-0.074033,199.649,22.179,15.142,113.948,100.191,Normal,None
Back,-0.037211,0.076242,89.742,29.367,627.21,105.605,119.462,Normal,None
Back,0.033516,0.08708,32.348,22.651,758.691,151.107,109.46,Normal,None
Back,0.050479,-0.030908,41.406,-8.076,956.677,141.218,105.373,Normal,None
Back,0.243725,-0.04053,50.959,3.675,731.187,131.828,119.129,Normal,None
Back,0.11932,0.088693,22.287,16.807,616.533,116.467,118.351,Normal,None
Front,-0.004433,-0.010197,139.764,24.561,317.175,141.686,104.833,Normal,None
Back,-0.085808,-0.048815,55.495,0.71,963.767,149.353,104.499,Normal,None
Back,0.180625,0.0275,109.592,24.368,953.888,104.388,113.137,Normal,None
Front,0.066618,-0.084886,163.875,21.85,772.272,127.818,111.166,Normal,None
Back,0.130821,0.081364,120.639,13.253,584.161,150.4,116.095,Normal,None
Front,-0.173624,-0.00712,180.127,32.461,89.315,120.052,119.642,Normal,None
Back,-0.034343,-0.050612,182.669,39.419,687.49,142.749,111.906,Normal,None
Back,-0.214999,0.053563,163.298,16.969,248.588,155.819,104.68,Normal,None
Back,0.230603,-0.033238,189.605,5.168,554.213,145.668,116.539,Normal,None
Front,0.144523,0.030517,140.039,24.028,920.08,112.321,105.13,Normal,None
Front,-0.248657,0.035124,181.551,28.715,678.186,156.094,104.615,Normal,None
Front,-0.095081,-0.066593,36.023,-2.675,85.565,117.287,117.313,Normal,None
Front,-0.047225,0.029116,54.018,14.881,679.52,145.649,117.596,Normal,None
Front,0.025129,-0.024235,64.939,0.365,561.809,157.719,115.261,Normal,None
Front,0.182093,0.049359,60.32,11.444,293.329,155.538,106.046,Normal,None
Front,0.290594,-0.038668,106.657,37.096,47.042,156.782,114.86,Normal,None
Back,0.09128,0.067607,50.214,3.288,306.367,105.1,100.332,Normal,None
Front,-0.020252,0.007684,124.49,17.877,601.886,112.906,114.826,Normal,None
Back,-0.18227,-0.043825,173.898,9.382,31.623,151.496,114.925,Normal,None
Front,0.164962,-0.035659,90.643,-1.37,167.946,114.773,113.408,Normal,None
Back,0.173974,0.077758,182.034,0.156,915.483,136.86,103.014,Normal,None
Front,0.223346,0.091065,177.466,39.831,937.382,141.114,106.65,Normal,None
Front,0.150466,0.084411,160.711,-4.372,451.418,100.762,107.957,Normal,None
Front,0.265635,0.037217,191.17,27.978,817.105,130.258,110.815,Normal,None
Front,-0.097071,-0.04784,136.981,37.5,121.112,133.572,116.831,Normal,None
Front,0.111037,0.064777,26.793,17.521,934.528,120.156,111.093,Normal,None
Back,-0.06214,-0.059757,36.915,5.799,566.297,106.653,105.797,Normal,None
Front,-0.005792,0.004506,115.748,-4.964,469.696,134.132,106.334,Normal,None
Back,-0.033776,-0.053968,82.339,4.816,169.189,121.166,117.779,Normal,None
Front,0.035848,-0.030113,179.666,-1.618,212.018,104.427,108.556,Normal,None
Front,0.231175,0.015334,48.404,16.386,520.112,149.063,100.758,Normal,None
Front,0.210034,-0.094879,143.064,18.73,988.196,143.051,107.197,Normal,None
Back,-0.058085,-0.093871,157.273,37.536,108.985,152.488,100.468,Normal,None
Front,-0.059094,-0.034326,35.583,-6.706,619.008,152.278,115.902,Normal,None
Front,0.157789,0.061186,146.095,38.158,835.986,144.655,102.307,Normal,None
Front,0.215346,0.007115,48.597,-5.441,588.171,153.623,100.877,Normal,None
Back,0.264438,-0.067208,48.819,8.715,746.525,159.233,106.675,Normal,None
Back,-0.061509,-0.056101,54.52,29.278,716.523,142.165,100.284,Normal,None
Front,0.001686,-0.066245,53.372,22.684,430.058,134.315,103.782,Normal,None
Back,-0.077781,-0.083306,65.136,25.038,344.993,145.612,104.359,Normal,None
Front,0.144768,-0.088509,47.812,0.492,742.596,131.06,112.286,Normal,None
Back,-0.275204,0.000997,150.509,33.23,162.305,146.312,109.3,Normal,None
Front,-0.078181,0.094872,124.945,38.168,162.2,121.431,110.737,Normal,None
Back,0.114935,-0.09461,125.222,22.267,602.918,118.942,115.769,Normal,None
Front,0.0362,-0.049629,139.782,0.369,850.854,103.103,102.066,Normal,None
Front,0.130867,-0.094967,24.698,39.158,39.288,141.17,102.647,Normal,None
Back,-0.283026,0.0687,163.495,12.48,310.485,159.225,103.61,Normal,None
Back,0.030835,-0.018321,174.667,29.443,726.33,119.153,105.81,Normal,None
Back,0.252392,0.05634,45.732,28.381,657.359,141.944,115.955,Normal,None
Back,-0.244157,-0.01024,65.356,-9.095,940.084,159.195,116.824,Normal,None
Back,-0.204292,-0.095091,172.182,18.45,601.68,152.029,100.362,Normal,None
Front,0.260373,0.080197,58.11,-6.993,924.304,112.05,113.074,Normal,None
Front,-0.219431,0.03608,56.237,-1.509,672.932,109.771,111.905,Normal,None
Back,-0.187559,-0.072068,150.036,-2.833,731.054,127.419,104.876,Normal,None
Back,-0.280682,0.004261,138.897,11.148,236.625,124.447,118.443,Normal,None
Front,0.214575,0.007956,139.973,9.97,670.374,155.168,116.123,Normal,None
Front,0.178355,0.059925,84.835,25.394,459.933,102.001,106.635,Normal,None
Back,-0.132737,0.040623,163.201,8.193,500.0,154.103,107.191,Normal,None
Back,-0.252301,0.047871,59.57,33.625,859.048,136.377,111.003,Normal,None
Back,0.096834,0.020487,198.783,-1.196,134.465,153.441,109.389,Normal,None
Back,0.025053,-0.011962,168.29,29.953,508.672,136.679,112.325,Normal,None
Front,0.21414,-0.08976,128.828,28.968,401.595,140.243,113.215,Normal,None
Front,-0.184369,-0.063013,69.989,9.5,594.766,132.913,103.223,Normal,None
Front,-0.124179,-0.066934,109.178,11.909,395.751,139.834,101.254,Normal,None
Back,0.021466,-0.002763,116.385,18.0,60.546,134.802,119.01,Normal,None
Back,-0.071522,0.000335,166.345,-9.785,958.904,158.979,107.679,Normal,None
Front,0.291838,0.001436,159.438,36.3,956.857,132.978,112.5,Normal,None
Back,-0.287972,-0.099179,33.003,38.857,935.933,147.55,113.521,Normal,None
Front,-0.186484,0.087779,154.901,34.862,121.877,140.505,111.096,Normal,None
Back,0.095187,0.025264,64.11,38.78,432.335,143.053,107.95,Normal,None
Front,-0.168979,0.060427,42.351,23.494,153.307,107.288,110.792,Normal,None
Back,-0.015931,0.015704,57.779,17.694,910.91,127.247,107.497,Normal,None
Back,0.031387,0.049425,27.079,38.288,420.239,107.84,105.007,Normal,None
Front,-0.17051,-0.091589,62.472,1.274,219.752,108.668,108.618,Normal,None
Back,-0.172968,-0.083197,68.514,34.091,13.49,109.189,101.371,Normal,None
Front,-0.157072,0.01064,20.532,2.68,232.348,137.026,110.534,Normal,None
Front,0.251891,0.03236,85.147,20.612,929.021,157.327,106.758,Normal,None
Back,-0.266116,0.003579,97.981,18.819,249.662,133.259,110.468,Normal,None
Back,0.16767,0.020389,70.007,25.781,397.022,122.251,103.596,Normal,None
Back,-0.085345,-0.055968,23.66,34.912,217.669,131.057,108.742,Normal,None
Back,-0.201113,0.002428,24.61,37.38,800.409,149.147,119.299,Normal,None
Front,-0.022172,-0.033869,139.946,-2.113,110.717,132.507,103.286,Normal,None
Back,0.093614,0.000308,111.519,4.464,206.713,143.513,103.044,Normal,None
Back,-0.054767,-0.040395,142.992,-6.844,480.606,151.992,108.264,Normal,None
Front,0.000943,0.098941,194.709,36.396,762.916,147.27,110.225,Normal,None
Back,0.271694,-0.00916,55.722,29.278,461.183,139.887,116.501,Normal,None
Front,0.150141,-0.082718,32.307,13.049,529.618,116.651,105.618,Normal,None
Front,0.242032,0.095972,103.036,20.823,736.944,106.094,108.095,Normal,None
Back,0.233638,-0.051715,121.526,17.706,326.649,144.623,100.436,Normal,None
Back,-0.041753,0.077596,126.054,7.884,128.982,128.106,100.076,Normal,None
Back,-0.059435,-0.031915,114.789,-7.528,384.499,115.149,104.278,Normal,None
Back,0.096751,-0.034708,41.461,34.12,572.686,139.356,107.165,Normal,None
Back,0.122861,0.091345,119.54,38.637,820.862,149.899,110.871,Normal,None
Front,0.274521,-0.095948,97.649,-4.957,117.359,157.3,114.945,Normal,None
Front,0.26653,0.003636,63.997,16.56,394.386,128.988,110.541,Normal,None
Back,-0.22953,-0.053858,97.148,39.511,405.762,124.069,106.846,Normal,None
Back,0.220509,-0.023017,134.165,37.945,780.472,159.3,112.146,Normal,None
Front,0.111978,-0.0405,75.403,35.177,461.339,119.788,112.2,Normal,None
Front,-0.091904,0.050909,103.106,-5.095,87.871,134.564,108.023,Normal,None
Back,-0.142818,0.017631,95.554,9.192,973.916,144.857,106.534,Normal,None
Front,-0.214998,0.057328,123.465,-2.442,161.667,112.574,114.502,Normal,None
Front,0.274939,0.096413,121.099,13.252,9.794,144.122,117.108,Normal,None
Back,-0.082592,-0.092448,194.223,1.842,146.761,152.078,112.953,Normal,None
Back,-0.207071,0.048099,165.712,11.279,678.356,157.875,107.073,Normal,None
Front,0.223164,-0.05367,141.096,13.019,472.845,114.759,117.836,Normal,None
Back,-0.041131,0.061566,131.921,-9.931,355.244,148.589,115.748,Normal,None
Front,0.255677,-0.061151,48.791,-4.545,627.425,114.771,107.317,Normal,None
Front,0.012416,-0.053333,62.663,7.432,911.553,149.466,106.461,Normal,None
Back,-0.014338,-0.056887,66.535,32.967,541.311,119.328,107.556,Normal,None
Front,0.141474,0.032603,165.941,26.91,697.18,133.064,101.729,Normal,None
Back,-0.254852,-0.028246,165.824,33.634,827.139,114.984,103.762,Normal,None
Front,0.027187,-0.023131,113.34,10.965,136.038,135.727,109.237,Normal,None
Back,0.033618,0.026667,186.483,36.779,127.182,148.558,116.029,Normal,None
Front,0.137002,-0.086708,127.764,37.362,502.753,132.295,111.902,Normal,None
Front,0.251805,0.087787,177.715,-0.889,274.942,139.913,110.986,Normal,None
Back,-0.046571,-0.06765,75.354,34.751,104.888,108.042,102.118,Normal,None
Back,-0.2963,-0.072951,71.637,12.745,231.089,138.875,113.027,Normal,None
Front,0.107849,-0.050239,151.385,15.192,147.781,136.406,102.685,Normal,None
Back,0.029388,0.056167,159.856,29.635,767.687,116.404,107.826,Normal,None
Front,0.160281,0.019673,63.091,35.91,664.473,104.232,112.121,Normal,None
Front,0.270794,0.095638,119.418,6.135,513.212,108.94,106.46,Normal,None
Back,-0.134359,0.009515,162.192,10.145,451.241,103.304,115.311,Normal,None
Front,0.025787,0.086809,79.245,35.541,915.304,110.311,112.887,Normal,None
Front,-0.20262,0.055999,109.23,35.128,555.226,159.196,104.813,Normal,None
Back,0.221564,-0.074309,171.777,34.897,708.24,151.412,119.29,Normal,None
Back,0.289222,0.071417,145.53,14.001,744.391,112.102,116.16,Normal,None
Front,0.041938,0.071322,67.871,4.995,291.139,127.514,116.885,Normal,None
Back,-0.12847,0.003002,112.54,29.393,91.067,150.097,111.629,Normal,None
Front,-0.055351,-0.003939,43.559,11.683,169.913,121.733,107.936,Normal,None
Back,-0.15624,-0.017174,132.031,21.29,657.46,155.548,114.757,Normal,None
Front,-0.296734,0.002022,156.743,-6.18,836.266,109.198,110.614,Normal,None
Back,0.195014,0.075329,117.345,-8.38,889.736,148.5,110.242,Normal,None
Front,-0.21979,-0.024558,154.648,9.984,86.788,104.871,115.689,Normal,None
Back,-0.287102,-0.055833,81.455,35.088,641.479,102.826,119.347,Normal,None
Front,0.17592,-0.031994,68.617,16.939,947.873,119.455,101.106,Normal,None
Back,0.110349,-0.01305,79.908,18.506,684.388,155.288,112.17,Normal,None
Back,-0.231006,0.07336,135.218,24.622,21.71,128.068,119.827,Normal,None
Back,0.240665,0.008856,147.36,10.035,419.388,147.216,105.601,Normal,None
Back,0.120215,0.002571,106.872,17.362,541.313,144.512,114.325,Normal,None
Back,0.290226,-0.018501,103.552,1.734,141.406,120.114,104.83,Normal,None
Front,-0.068883,0.044843,198.058,8.553,219.439,111.515,103.168,Normal,None
Back,0.035131,-0.093512,40.29,10.578,946.325,125.982,106.925,Normal,None
Front,0.056264,0.049669,197.67,1.704,683.013,128.373,110.069,Normal,None
Front,0.179171,-0.022342,84.002,2.034,561.875,107.149,112.399,Normal,None
Front,-0.235347,0.052629,141.871,21.879,333.79,110.218,105.787,Normal,None
Front,0.183418,-0.065712,109.197,1.037,911.592,120.731,112.229,Normal,None
Back,0.062757,-0.060005,24.681,29.319,614.113,156.875,119.995,Normal,None
Front,0.146038,0.01901,55.559,-8.592,145.165,141.117,103.822,Normal,None
Back,0.121574,0.008218,38.397,31.693,467.274,118.327,115.694,Normal,None
Front,-0.174005,-0.014762,63.627,14.121,549.031,104.919,119.074,Normal,None
Front,0.044438,0.065201,160.841,15.705,769.102,102.644,119.732,Normal,None
Front,-0.08181,-0.03086,119.123,-6.558,49.641,149.273,116.498,Normal,None
Back,0.210241,-0.092479,102.584,-8.837,810.765,144.193,109.166,Normal,None
Front,-0.172192,-0.087645,107.222,34.561,91.08,105.41,110.796,Normal,None
Front,-0.025097,0.069761,190.12,19.615,308.581,135.869,105.589,Normal,None
Back,0.127956,0.092701,113.164,-7.569,102.315,127.963,110.653,Normal,None
Back,0.082557,-0.089012,124.063,19.583,144.54,147.523,114.771,Normal,None
Back,-0.20955,0.012689,107.169,22.87,273.328,123.896,100.212,Normal,None
Back,-0.098082,0.078849,141.707,13.694,130.642,131.924,108.353,Normal,None
Front,0.135766,-0.029629,48.925,37.267,743.991,116.97,112.778,Normal,None
Front,0.10655,0.078782,108.108,6.417,17.288,147.53,107.456,Normal,None
Back,0.046471,-0.032169,57.981,4.643,969.262,117.29,106.309,Normal,None
Back,0.249835,-0.046184,191.934,35.88,599.378,152.759,118.35,Normal,None
Back,-0.099133,0.023128,143.087,37.978,224.311,101.905,115.721,Normal,None
Back,0.279316,-0.04742,143.922,14.227,707.723,146.52,113.215,Normal,None
Front,0.04979,0.049245,98.554,-9.693,76.237,134.313,111.109,Normal,None
Front,0.092574,0.014307,165.86,11.01,178.584,141.687,117.945,Normal,None
Front,0.035468,0.035155,81.023,21.268,824.949,128.092,117.532,Normal,None
Back,0.017688,0.019205,157.159,7.352,428.452,153.116,105.377,Normal,None
Back,-0.105427,0.039691,93.766,2.814,754.858,144.946,104.999,Normal,None
Front,0.263054,-0.003689,72.149,9.349,53.612,111.321,119.502,Normal,None
Back,-0.175608,-0.078505,152.565,21.582,607.068,143.79,100.716,Normal,None
Front,0.282136,-0.019249,77.249,9.104,878.833,110.811,107.314,Normal,None
Back,0.140354,-0.069968,179.571,0.715,498.842,131.762,116.238,Normal,None
Front,0.287815,-0.014406,91.311,-2.194,361.691,159.194,110.412,Normal,None
Back,-0.184915,-0.077826,185.902,31.956,282.799,100.157,103.262,Normal,None
Back,0.262931,0.04019,153.899,18.677,414.467,109.149,105.806,Normal,None
Front,0.299148,-0.083166,27.933,-3.456,249.4,103.211,111.897,Normal,None
Back,-0.105993,-0.016401,151.28,14.63,449.302,155.755,115.379,Normal,None
Front,0.198216,0.081454,76.182,25.848,995.329,114.287,115.053,Normal,None
Back,0.233182,-0.021923,67.29,5.124,718.143,103.471,119.998,Normal,None
Back,-0.085652,-0.063899,131.347,6.432,792.956,150.957,114.267,Normal,None
Back,-0.097193,0.081408,159.844,2.221,862.784,121.199,111.312,Normal,None
Front,-0.241361,0.06778,187.265,10.737,365.023,120.54,101.497,Normal,None
Back,0.219674,0.017663,155.847,-3.619,147.5,124.177,119.795,Normal,None
Back,-0.112166,0.025395,184.31,16.657,55.251,109.124,106.221,Normal,None
Front,-0.085106,-0.081926,182.743,33.612,180.016,123.604,104.415,Normal,None
Front,-0.080456,0.047496,170.55,-3.887,792.432,135.491,100.574,Normal,None
Front,-0.244522,0.04396,80.823,4.653,23.591,104.687,104.062,Normal,None
Front,-0.237063,0.056734,63.135,-3.683,337.379,125.648,106.754,Normal,None
Front,0.090281,-0.036032,197.047,13.466,367.891,103.336,100.9,Normal,None
Back,-0.224182,-0.081173,53.728,28.963,118.292,143.661,106.769,Normal,None
Front,0.099161,0.060274,25.487,-4.955,189.348,129.863,118.441,Normal,None
Back,0.124704,0.0934,128.333,23.403,89.397,115.004,107.422,Normal,None
Back,0.15922,-0.066138,44.772,16.072,19.458,140.255,104.625,Normal,None
Front,-0.2037,0.072624,127.322,38.973,307.892,137.474,109.298,Normal,None
Back,-0.169061,-0.093944,57.028,33.999,502.256,134.813,104.423,Normal,None
Back,0.256897,0.018755,197.04,4.055,228.562,100.25,107.666,Normal,None
Back,-0.293581,-0.088252,158.288,39.25,973.35,115.636,100.599,Normal,None
Front,-0.102393,-0.047454,117.191,18.512,879.602,148.668,105.394,Normal,None
Back,-0.256366,-0.031151,125.732,-7.243,844.42,131.471,113.986,Normal,None
Back,0.030052,0.076442,137.314,15.881,802.637,144.619,118.863,Normal,None
Back,0.249693,0.058305,55.147,20.853,620.813,104.371,119.564,Normal,None
Back,-0.234571,0.028578,31.458,1.894,170.716,124.603,106.194,Normal,None
Front,-0.006141,0.099952,91.361,22.452,524.934,155.755,116.91,Normal,None
Back,-0.049566,0.059663,166.262,29.604,865.407,130.128,104.948,Normal,None
Back,-0.27567,0.031782,21.455,17.245,679.001,105.838,105.095,Normal,None
Back,-0.087541,0.070468,102.419,-5.225,57.003,133.294,114.523,Normal,None
Front,0.132339,0.072858,92.627,16.636,487.995,158.49,104.709,Normal,None
Back,-0.261585,-0.019632,177.637,22.076,73.419,115.403,118.156,Normal,None
Front,-0.23887,-0.093372,32.221,32.734,748.332,146.305,106.069,Normal,None
Back,-0.023839,-0.020034,166.683,38.318,593.502,138.857,104.894,Normal,None
Back,-0.252757,-0.069501,33.277,34.716,94.26,101.886,100.96,Normal,None
Front,0.041987,-0.044255,140.016,18.363,943.883,102.512,104.744,Normal,None
Back,-0.119248,-0.058314,151.752,-7.332,820.696,104.079,117.555,Normal,None
Front,-0.102779,-0.021802,141.477,-5.352,855.792,121.259,111.393,Normal,None
Front,-0.227444,-0.064971,84.451,3.568,809.614,124.857,118.591,Normal,None
Front,0.057452,0.06963,154.786,8.422,550.868,150.24,103.159,Normal,None
Front,-0.00264,-0.066529,115.862,33.56,930.611,132.416,108.331,Normal,None
Front,0.151074,0.009006,74.444,26.177,360.465,137.004,103.799,Normal,None
Front,0.229919,0.094272,120.177,29.273,64.538,148.434,118.234,Normal,None
Front,-0.267953,0.050527,199.109,34.138,114.196,107.999,104.657,Normal,None
Back,0.156589,-0.029629,62.051,31.163,533.535,111.057,103.32,Normal,None
Back,-0.220624,0.006399,124.051,39.622,416.057,129.648,103.845,Normal,None
Back,-0.103442,-0.017166,52.641,-9.586,727.293,137.626,114.849,Normal,None
Front,-0.129915,0.009433,72.818,24.385,7.268,100.473,104.61,Normal,None
Front,-0.129776,0.060563,66.271,-9.798,536.872,126.623,119.526,Normal,None
Front,0.114277,0.076342,76.648,15.762,344.316,112.013,114.02,Normal,None
Front,-0.15052,-0.096601,56.748,3.704,709.442,156.163,111.107,Normal,None
Front,-0.231181,-0.096552,23.844,19.035,775.159,151.355,112.799,Normal,None
Back,-0.162982,-0.070914,47.793,-8.498,784.008,107.416,109.95,Normal,None
Front,-0.040017,-0.048579,65.876,0.307,95.281,113.269,117.863,Normal,None
Front,0.232002,-0.019044,141.372,13.77,115.893,138.186,103.927,Normal,None
Front,0.204206,0.015749,161.698,13.27,825.004,111.354,107.974,Normal,None
Front,0.011805,-0.06933,61.543,3.877,600.826,115.115,111.755,Normal,None
Back,-0.04413,0.039315,127.837,24.708,502.225,149.781,104.136,Normal,None
Back,-0.179631,0.064398,99.24,9.349,820.305,158.447,109.579,Normal,None
Front,0.068804,-0.077256,74.525,-3.927,778.045,126.82,109.938,Normal,None
Back,0.23402,0.027688,41.44,-7.513,117.557,101.067,112.016,Normal,None
Back,0.058148,0.029849,93.162,29.885,410.277,154.945,104.318,Normal,None
Front,0.138239,0.093076,184.119,2.754,260.316,151.307,112.46,Normal,None
Front,-0.132738,0.075075,163.63,1.661,794.316,116.304,100.385,Normal,None
Front,0.088519,0.072017,166.608,22.644,559.176,127.216,115.114,Normal,None
Front,0.219706,-0.047602,154.168,35.426,642.118,101.316,109.163,Normal,None
Front,0.163118,-0.037091,56.981,25.421,803.061,133.641,117.36,Normal,None
Front,0.100456,-0.056342,29.015,19.395,509.816,152.705,104.963,Normal,None
Front,-0.097185,0.069883,22.643,22.421,581.513,157.179,110.078,Normal,None
Front,-0.080595,-0.03436,194.533,5.716,565.23,102.194,119.94,Normal,None
Back,-0.140192,0.011625,118.216,-3.01,813.667,108.47,109.412,Normal,None
Back,-0.244281,0.099678,117.016,11.076,483.837,159.641,117.256,Normal,None
Back,0.007691,0.028529,79.58,36.751,50.061,134.019,116.036,Normal,None
Back,0.022173,-0.018231,170.009,1.498,166.129,110.368,117.217,Normal,None
Front,0.083812,-0.084216,64.216,6.052,980.507,119.312,116.447,Normal,None
Front,-0.237307,-0.022966,184.122,30.742,51.299,105.358,107.644,Normal,None
Front,0.149543,-0.022755,27.377,3.603,309.199,147.827,108.988,Normal,None
Back,-0.11545,0.094825,33.289,-2.197,715.162,131.142,105.19,Normal,None
Back,0.002576,-0.029625,68.778,13.113,741.079,108.985,105.788,Normal,None
Back,0.140269,-0.068925,85.9,6.758,405.042,116.338,107.13,Normal,None
Back,0.028084,0.05778,84.632,-5.593,960.467,121.28,108.918,Normal,None
Front,0.192875,0.077594,36.922,27.228,767.117,138.906,107.133,Normal,None
Back,-0.140446,-0.057802,191.269,38.02,350.701,137.769,106.198,Normal,None
Front,0.212573,-0.07122,122.752,30.323,939.895,150.893,110.15,Normal,None
Back,0.072055,0.000733,135.515,25.754,767.284,127.338,109.203,Normal,None
Back,0.178666,0.015878,35.57,-3.243,896.117,148.457,107.425,Normal,None
Back,-0.081381,-0.013014,150.234,24.897,611.405,116.475,106.399,Normal,None
Front,0.130632,-0.094221,199.197,32.031,289.872,151.788,100.352,Normal,None
Back,0.017005,-0.016625,96.275,36.427,549.807,131.679,111.388,Normal,None
Back,0.273456,0.037306,126.312,39.514,746.118,144.44,113.878,Normal,None
Front,0.055643,0.013804,53.378,37.488,603.728,148.59,116.934,Normal,None
Back,0.231738,-0.003712,74.135,-9.801,76.635,111.863,107.396,Normal,None
Front,0.259013,-0.062255,163.151,32.322,125.045,145.48,109.621,Normal,None
Front,0.195681,-0.014695,84.748,32.067,115.18,125.374,107.244,Normal,None
Front,0.249294,-0.005391,167.048,23.438,852.287,125.64,114.458,Normal,None
Back,0.231502,0.091868,90.941,11.814,358.543,137.995,104.186,Normal,None
Front,0.095821,0.039202,169.215,-5.638,399.574,115.757,100.145,Normal,None
Back,0.224064,-0.06255,131.068,13.932,609.385,125.307,104.958,Normal,None
Back,0.016188,-0.046315,33.547,23.366,557.072,145.053,108.694,Normal,None
Front,0.126658,-0.074201,168.767,6.368,454.221,112.588,103.428,Normal,None
Front,0.154501,0.051903,39.703,21.461,17.977,120.864,109.289,Normal,None
Back,0.064337,0.07931,116.795,11.231,787.937,141.242,104.409,Normal,None
Back,0.184892,-0.024324,192.187,3.509,745.338,106.146,118.055,Normal,None
Back,-0.259574,-0.023449,83.624,2.89,901.579,102.358,111.305,Normal,None
Back,-0.034629,-0.068155,118.786,32.479,430.566,139.136,101.223,Normal,None
Back,0.207307,-0.090707,87.619,37.535,681.181,105.035,107.435,Normal,None
Back,0.000744,-0.081861,47.986,39.13,436.186,142.622,108.433,Normal,None
Back,-0.266124,-0.005247,129.695,1.928,7.544,152.752,110.315,Normal,None
Back,0.044121,-0.09354,83.199,34.217,994.138,123.21,110.879,Normal,None
Back,0.199915,0.073671,193.37,38.322,264.082,104.706,117.091,Normal,None
Front,-0.191993,0.060326,147.417,-0.569,600.312,113.24,113.704,Normal,None
Back,-0.035107,-0.086331,37.154,-0.386,366.976,158.496,109.592,Normal,None
Front,0.297815,-0.055737,30.899,-0.028,207.635,151.976,107.558,Normal,None
Back,0.079967,0.028235,164.335,19.355,562.031,110.455,103.252,Normal,None
Front,0.270071,-0.071482,92.983,30.433,793.741,109.954,118.685,Normal,None
Back,-0.086362,-0.066555,81.461,17.904,158.822,111.445,101.317,Normal,None
Back,0.292729,-0.068948,148.555,25.485,832.803,104.5,109.312,Normal,None
Back,0.210975,0.094976,123.784,-8.815,764.583,154.275,110.135,Normal,None
Front,-0.089551,-0.066057,79.303,36.478,350.234,109.946,106.653,Normal,None
Front,0.242159,-0.073745,95.788,2.754,123.003,118.192,110.545,Normal,None
Front,-0.112382,-0.009498,158.753,21.681,846.548,145.159,117.096,Normal,None
Front,-0.133689,0.025065,103.563,-7.813,547.421,145.087,103.829,Normal,None
Back,0.255177,0.074705,47.144,35.794,59.393,113.454,118.272,Normal,None
Front,-0.044044,0.082542,36.17,-5.995,279.231,124.328,106.108,Normal,None
Front,-0.143383,-0.036543,58.511,13.13,520.442,104.883,116.613,Normal,None
Front,0.037053,0.058627,90.189,32.279,491.686,155.477,106.252,Normal,None
Front,-0.089201,0.057415,186.152,29.657,183.815,133.733,108.984,Normal,None
Front,0.189541,-0.040607,109.592,25.717,23.183,125.947,115.265,Normal,None
Front,-0.139974,-0.083354,176.226,-4.599,543.091,103.585,102.793,Normal,None
Back,0.021903,-0.079171,59.409,27.85,836.537,119.233,116.554,Normal,None
Back,-0.114884,-0.030658,111.879,20.03,254.729,115.698,101.272,Normal,None
Front,-0.120017,-0.09511,152.624,36.957,691.173,109.537,113.991,Normal,None
Back,-0.0008,-0.035062,125.835,0.62,431.112,109.273,100.547,Normal,None
Front,-0.183454,0.047608,161.56,-8.342,720.546,155.483,111.343,Normal,None
Front,0.230826,0.002136,119.482,-7.281,67.575,113.455,108.595,Normal,None
Back,0.031638,0.082791,184.894,-3.136,642.463,140.906,116.642,Normal,None
Back,0.087666,0.03408,76.735,19.582,689.243,151.283,103.459,Normal,None
Front,-0.093864,-0.030587,148.212,-0.412,525.866,134.315,101.933,Normal,None
Back,-0.011801,-0.083295,102.33,13.275,27.738,133.707,113.489,Normal,None
Front,-0.075817,0.002971,57.257,5.758,226.549,116.795,115.082,Normal,None
Back,-0.284194,0.038603,34.915,16.051,467.338,113.784,110.421,Normal,None
Front,0.158977,0.050458,32.23,-6.551,252.615,110.498,116.992,Normal,None
Back,0.146606,0.034289,115.263,-6.321,851.976,137.41,115.908,Normal,None
Front,-0.109967,-0.098585,48.268,6.979,851.704,130.983,114.367,Normal,None
Front,0.109447,0.048879,198.618,6.229,66.504,122.585,106.672,Normal,None
Front,-0.167607,0.086465,40.599,26.746,620.302,112.187,101.107,Normal,None
Front,0.206803,-0.091869,43.722,-1.203,358.252,146.755,115.569,Normal,None
Front,0.03533,-0.098449,140.95,-9.331,355.236,137.477,116.857,Normal,None
Front,0.189585,-0.095588,106.396,3.71,486.626,104.809,109.784,Normal,None
Front,-0.127374,-0.021119,121.881,-4.048,229.408,141.962,117.772,Normal,None
Back,0.073954,-0.03334,100.356,30.179,920.863,157.526,117.548,Normal,None
Back,-0.065892,-0.035255,181.352,39.012,227.902,141.248,108.182,Normal,None
Front,-0.009759,0.00427,161.809,36.883,945.034,121.084,116.403,Normal,None
Back,0.2766,0.057464,31.221,12.573,532.941,107.242,119.914,Normal,None
Back,-0.261523,-0.001569,194.402,-7.846,141.553,154.102,110.069,Normal,None
Front,0.288388,0.095979,56.774,27.216,355.436,120.323,108.611,Normal,None
Front,0.172776,-0.08072,188.545,33.907,729.644,102.575,105.313,Normal,None
Front,-0.081397,0.039637,107.59,-3.018,786.109,121.922,106.556,Normal,None
Back,0.091235,0.084267,144.935,1.677,470.418,159.548,114.172,Normal,None
Front,-0.224867,0.04327,120.973,35.398,780.95,145.094,118.932,Normal,None
Back,0.019867,0.018789,127.807,17.937,124.176,110.915,103.303,Normal,None
Back,-0.250569,-0.073148,41.951,29.102,871.453,132.947,100.437,Normal,None
Front,-0.151779,0.05115,165.83,3.987,323.411,120.836,108.451,Normal,None
Front,-0.067241,0.071389,102.399,0.092,231.167,104.584,107.447,Normal,None
Front,0.264686,0.08605,77.987,0.133,582.378,152.832,111.16,Normal,None
Front,-0.212386,0.037933,129.574,-9.323,459.506,119.248,114.209,Normal,None
Back,0.130733,-0.058464,197.175,30.202,586.593,133.421,119.795,Normal,None
Front,-0.129009,0.060665,104.867,-7.736,110.332,129.143,108.038,Normal,None
Back,-0.283039,-0.045097,117.189,34.255,904.323,135.89,114.534,Normal,None
Front,0.013974,-0.039106,43.0,39.252,546.414,122.001,102.808,Normal,None
Back,-0.101962,-0.024248,162.486,-1.967,873.568,104.909,105.575,Normal,None
Front,-0.052392,0.037601,94.361,37.038,351.339,137.35,110.303,Normal,None
Back,0.092799,0.022491,191.807,-7.146,357.063,135.546,112.371,Normal,None
Back,-0.213697,-0.007514,24.652,9.089,659.037,140.231,102.187,Normal,None
Back,0.176324,0.000285,170.486,-0.93,915.942,104.566,103.113,Normal,None
Front,-0.133389,-0.04787,122.851,4.887,636.294,150.386,106.367,Normal,None
Back,-0.217032,-0.039008,75.207,37.447,71.369,152.831,119.334,Normal,None
Front,0.218628,-0.073897,186.397,-7.491,612.125,126.09,118.078,Normal,None
Front,-0.234881,-0.087096,155.793,-6.631,176.807,144.607,104.739,Normal,None
Front,0.003144,0.038236,51.142,7.205,433.699,140.005,114.63,Normal,None
Back,0.278476,-0.040187,91.899,2.845,135.547,143.63,116.832,Normal,None
Back,-0.185018,0.075757,174.551,34.898,69.264,152.73,108.506,Normal,None
Back,0.128692,-0.057235,39.104,30.813,40.165,149.591,110.623,Normal,None
Back,-0.1769,-0.086997,188.498,4.634,36.515,127.75,112.009,Normal,None
Back,0.298114,-0.02707,116.976,9.658,565.12,101.226,113.099,Normal,None
Front,-0.236002,0.026921,105.753,30.832,845.127,150.835,114.494,Normal,None
Back,0.134549,0.012676,36.842,31.833,336.075,146.695,112.361,Normal,None
Back,-0.111669,0.073181,153.842,34.687,465.904,150.488,100.17,Normal,None
Back,-0.046347,0.034467,70.449,18.993,855.008,158.0,118.604,Normal,None
Front,-0.232874,0.001707,139.6,17.254,727.936,100.111,101.367,Normal,None
Back,-0.054748,0.021285,54.188,4.646,850.92,101.709,109.945,Normal,None
Front,-0.214935,-0.091315,176.543,39.138,467.617,133.263,109.811,Normal,None
Front,0.023873,0.017149,152.874,21.728,725.849,150.773,103.13,Normal,None
Back,0.185553,0.089907,147.498,37.09,828.48,105.618,108.113,Normal,None
Back,-0.072348,-0.060212,158.129,10.433,930.776,156.503,112.743,Normal,None
Front,0.181655,-0.04375,138.525,16.21,43.881,126.166,112.13,Normal,None
Back,-0.087855,0.05017,135.544,-7.734,886.48,118.224,115.866,Normal,None
Front,0.210336,-0.043236,61.3,7.589,876.502,135.201,119.703,Normal,None
Back,0.012119,-0.085966,40.426,0.268,994.934,102.161,114.541,Normal,None
Front,-0.003322,-0.030203,50.339,31.259,51.399,123.299,104.306,Normal,None
Front,0.005123,-0.031672,64.182,28.011,865.49,132.086,106.973,Normal,None
Front,-0.269636,0.07355,189.299,9.961,319.965,133.57,116.615,Normal,None
Front,0.116287,0.092035,66.689,2.056,344.264,117.897,104.536,Normal,None
Front,-0.23328,0.003266,170.953,16.504,36.898,102.759,106.052,Normal,None
Front,-0.256706,-0.02215,156.604,31.586,873.032,112.941,117.663,Normal,None
Back,0.026537,0.068436,119.935,3.644,67.078,127.066,110.705,Normal,None
Back,0.187454,-0.037791,107.873,1.277,543.337,156.397,105.711,Normal,None
Front,-0.079324,-0.0827,41.492,0.22,732.727,101.469,109.906,Normal,None
Back,-0.236239,0.042977,50.05,11.441,414.642,108.582,113.682,Normal,None
Back,-0.139754,0.031727,154.857,9.683,269.764,127.474,116.21,Normal,None
Front,-0.120542,0.081726,144.061,11.439,120.566,110.215,115.826,Normal,None
Front,0.041238,0.090204,193.317,-1.246,392.803,152.208,110.439,Normal,None
Back,-0.049108,-0.002468,65.716,22.691,623.781,138.51,115.924,Normal,None
Front,-0.024915,0.033587,99.584,7.126,572.898,100.531,102.075,Normal,None
Front,-0.003748,0.091342,81.931,25.119,320.857,108.794,102.292,Normal,None
Back,0.141103,0.075914,69.592,31.573,465.754,135.675,117.219,Normal,None
Front,0.204691,0.084465,198.013,26.215,345.252,149.685,109.707,Normal,None
Back,-0.151096,0.05445,168.376,-4.264,400.474,139.039,102.986,Normal,None
Back,-0.010516,0.074772,32.373,18.414,543.686,126.787,113.045,Normal,None
Front,0.2598,-0.060656,162.431,19.389,601.664,108.928,100.119,Normal,None
Front,-0.006535,0.025875,61.473,16.891,127.23,142.398,105.407,Normal,None
Front,-0.045495,0.092105,39.974,22.626,800.344,127.16,102.463,Normal,None
Back,-0.226985,0.048456,168.623,-3.119,89.985,106.559,119.469,Normal,None
Back,0.057045,0.097271,165.926,3.245,972.096,107.797,101.23,Normal,None
Front,0.182511,-0.070114,20.215,36.319,491.923,144.978,113.082,Normal,None
Front,0.209248,-0.053385,121.779,33.442,208.602,145.888,100.799,Normal,None
Front,-0.112811,-0.072636,38.367,38.84,844.691,107.39,105.364,Normal,None
Back,-0.059609,-0.050739,26.365,-5.797,631.89,111.18,109.921,Normal,None
Front,-0.299609,-0.075811,64.765,39.141,579.32,148.748,109.242,Normal,None
Front,-0.161173,-0.075671,196.369,3.4,178.409,133.729,102.059,Normal,None
Back,-0.11514,-0.021578,24.626,34.347,817.479,156.765,118.9,Normal,None
Back,-0.132674,0.021389,107.718,20.229,515.449,122.359,115.084,Normal,None
Back,0.214238,0.026165,191.365,15.187,609.498,126.442,119.871,Normal,None
Front,0.19351,-0.062281,28.274,-5.621,571.025,121.245,102.2,Normal,None
Front,0.206787,-0.068081,153.491,-2.864,445.475,139.798,114.692,Normal,None
Front,0.27352,0.000751,104.199,0.426,824.566,114.294,115.183,Normal,None
Front,-0.241478,0.0122,44.932,-0.298,764.135,131.288,110.188,Normal,None
Back,-0.181886,0.041054,63.055,-2.819,740.352,110.304,107.324,Normal,None
Front,-0.238759,-0.040491,196.948,31.847,111.408,123.873,119.364,Normal,None
Back,-0.090394,-0.016495,192.942,-9.183,256.024,130.51526393660552,521.61,noise_injection,High
Front,0.31993345883819235,0.007574929332622285,55.38945236957507,15.702796108109732,682.713,117.885,109.891,spoofing,Low
Back,0.5900903821449877,-0.019547661517660426,112.71416104114813,12.251060282198804,987.485,127.539,116.875,spoofing,High
Front,0.181053,0.044547,48.543,23.945,673.853,183.97445455927624,539.99,noise_injection,High
Back,0.215242,0.058342,86.214,38.568,95.551,184.09081726054734,167.85750000000002,noise_injection,Low
Front,-0.200403,-0.088803,63.854,4.245,33.682,274.53770071482865,312.126,noise_injection,Medium
Back,-0.251284,0.036956,70.865,23.958,705.445,237.16881434496236,166.4475,noise_injection,Low
Front,0.186315,-0.073704,146.124,17.32,990.884,272.3569083275568,305.409,noise_injection,Medium
Back,0.246323,0.01967,146.038,31.514,838.349,194.83482703145984,507.39,noise_injection,High
Back,0.12073651756445633,0.15742318949288064,206.19617603634353,19.127964331843472,125.017,153.318,101.609,spoofing,High
Back,0.3029452689465776,0.08654149949300971,83.36345132087023,-20.944470622496144,576.961,111.1,103.013,spoofing,Medium
Back,-0.10063,-0.00998,108.277,-4.502,990.275,265.1837033527222,332.271,noise_injection,Medium
Front,0.200476,-0.015438,184.45,-9.594,489.932,240.0534519021173,318.633,noise_injection,Medium
Back,-0.217057,-0.069309,171.089,3.633,45.868,211.00788810426155,527.71,noise_injection,High
Front,-0.097432,0.030145,61.758,22.51,473.123,80.17891844066533,547.42,noise_injection,High
Front,-0.2592485738918056,-0.053676446410739265,64.85175024041709,85.5721345288037,467.305,105.496,117.525,spoofing,Low
Back,0.287623,0.086662,123.089,33.901,694.051,107.68325272456524,333.303,noise_injection,Medium
Back,-0.607587215517037,-0.11682611365377545,77.35549168983324,101.4849836972124,714.772,143.261,105.308,spoofing,Medium
Front,-0.034296,0.072695,124.608,32.074,595.829,186.82126405729733,173.77800000000002,noise_injection,Low
Front,0.4543511927441594,-0.1300978653765958,218.73159309734498,144.82071829512404,25.066,102.041,109.225,spoofing,Medium
Front,-0.033968,-0.010882,147.394,-8.092,124.41,120.2522754191491,574.54,noise_injection,High
Front,-0.236071,0.085755,31.812,33.732,311.695,143.47860117881578,155.4015,noise_injection,Low
Front,0.165837,-0.010088,104.927,2.227,602.326,222.49394398004765,526.405,noise_injection,High
Front,0.14683203994374316,0.02675065497512813,141.8714260664962,-24.3550607939649,171.866,125.215,108.018,spoofing,High
Back,0.017278498999100916,0.14759777768267668,25.57547917897464,-32.54193776302645,723.492,129.588,110.776,spoofing,High
Back,0.088447,-0.040932,98.983,6.853,933.715,159.41619141612784,172.863,noise_injection,Low
Back,-0.066439,-0.05693,144.518,26.574,285.466,188.4485285938802,159.618,noise_injection,Low
Front,-0.229793427492866,-0.16163887730038481,152.80814901090667,71.6640913379268,383.899,136.814,119.366,spoofing,Medium
Front,-0.0008462402636169875,-0.14864551008948143,134.5026060490947,75.08963952559381,188.466,145.628,119.826,spoofing,Medium
Front,-0.244801,-0.056773,83.83,-7.18,808.116,131.63053432854278,154.338,noise_injection,Low
Back,0.203855,-0.056114,23.132,-4.929,429.051,142.36025791550617,156.7695,noise_injection,Low
Front,0.258833,0.091535,187.328,10.988,105.612,154.07785063341007,331.60200000000003,noise_injection,Medium
Front,0.123377,-0.028333,41.226,39.353,237.459,167.9770473411302,590.485,noise_injection,High
Front,0.025835,0.077256,130.907,15.139,164.422,241.34220641778833,162.2595,noise_injection,Low
Front,-0.252844,-0.077683,118.565,4.938,703.532,224.14768648398945,356.79900000000004,noise_injection,Medium
Back,-0.211222,-0.08757,178.843,7.308,306.78,156.3933590181,522.145,noise_injection,High
Back,0.38870162187662133,0.19829431119916335,82.35884380010914,-5.462818786825888,132.305,133.714,113.878,spoofing,Medium
Back,0.48802515505748,0.11303637765368256,90.3591885194016,18.038890102854356,519.02,126.04,103.363,spoofing,Medium
Back,0.041324,-0.049894,192.496,30.975,433.311,96.71820842311097,596.98,noise_injection,High
Front,0.235223,0.059495,110.352,3.565,751.773,160.08825144872475,152.646,noise_injection,Low
Front,0.256686,-0.062726,160.31,-6.613,135.914,148.74137944797698,152.229,noise_injection,Low
Back,-0.21289498667649698,-0.07033725200474347,194.06743096509487,98.63567564131458,400.241,136.126,114.578,spoofing,Low
Front,0.14041659080925809,0.015981216400048834,204.09512286388258,-32.231702771501226,530.938,155.18,106.942,spoofing,Low
Front,-0.06439,-0.051359,39.566,-7.13,923.616,161.64481945471053,311.03700000000003,noise_injection,Medium
Back,0.03958660147782575,0.05581619791431852,189.91895684108945,85.96072796398194,822.387,118.595,108.008,spoofing,Medium
Back,-0.013822,0.036377,140.81,29.768,908.522,79.95738541500252,308.139,noise_injection,Medium
Front,-0.15256285445713513,-0.11019865683561733,166.80327243427527,128.66794553336433,759.228,148.012,106.266,spoofing,Low
Back,0.06387233318664892,0.13097892027433922,105.53294204588552,96.77439997132898,485.993,111.467,115.366,spoofing,High
Front,-0.3450100574421578,0.054716164267747024,92.97934791947932,-14.847829961243818,981.685,135.73,119.476,spoofing,High
Front,0.167555,0.051142,114.543,10.026,249.092,84.40910502003636,150.108,noise_injection,Low
Back,0.28163152910075673,-0.18273291276310646,113.67165923970433,96.29272475940623,403.569,157.636,112.809,spoofing,High
Front,0.12829208449442425,-0.20358366326844762,130.3868342841763,34.257405948627195,699.848,138.723,112.14,spoofing,Low
Front,-0.140123,-0.034952,115.983,-5.889,401.641,181.37330107304155,327.771,noise_injection,Medium
Back,0.20094337219372066,0.06467006050569901,26.81068509484672,45.23150501661867,947.366,104.127,110.731,spoofing,Medium
Back,0.08316835768495973,0.10720253428713533,267.5963527637539,34.07444577651696,379.986,119.903,113.869,spoofing,High
Front,0.042104,-0.079242,156.444,24.255,428.4,182.90681185819943,313.596,noise_injection,Medium
Back,0.294685,-0.068821,45.55,31.96,582.867,150.36726149799838,526.725,noise_injection,High
Back,0.0995892924450471,0.06334707433213796,206.81110760623136,142.4971522313223,706.0,103.603,116.372,spoofing,Medium
Back,-0.049934,-0.024845,113.183,35.237,364.372,75.72404206639794,152.724,noise_injection,Low
Front,0.279898,-0.027247,186.843,35.686,874.334,89.80632009079689,311.913,noise_injection,Medium
Back,-0.12565,-0.069476,76.519,-8.3,929.912,219.53126387038154,579.3050000000001,noise_injection,High
Back,-0.16135,-0.079729,61.345,-9.397,132.056,189.83134216871235,300.81899999999996,noise_injection,Medium
Back,0.17120755516212458,0.10860708198322029,241.17503018827222,-19.309657979480814,468.735,115.491,119.76,spoofing,Low
Back,0.259821,0.016212,169.365,34.246,816.113,102.35819591019545,532.2249999999999,noise_injection,High
Back,0.013214,0.0049,126.115,25.317,633.681,170.30603690761578,161.3175,noise_injection,Low
Front,-0.215873,-0.034981,60.686,5.524,309.661,106.47273438485125,323.094,noise_injection,Medium
Back,0.4170692694154692,0.21239643319385992,135.21464713257686,49.01058608021254,17.014,146.465,108.545,spoofing,Low
Front,0.4519396915299353,-0.2110932224162193,57.161179728059345,39.60481051990843,730.171,124.32,102.088,spoofing,High
Front,0.3450421228462346,-0.09203765422779508,96.35475483951026,94.158265402287,599.686,147.59,117.691,spoofing,High
Back,0.165682,0.013323,177.969,17.32,264.803,181.4145108855029,338.547,noise_injection,Medium
Front,0.097567,0.06806,157.277,5.525,876.552,186.06421353798953,175.23,noise_injection,Low
Front,-0.6759736003178674,-0.02258349528340694,75.07410348552911,-33.683392121084985,246.004,137.569,111.661,spoofing,Medium
Front,-0.5477568357677709,0.17551045106393703,116.93811385026069,19.464477764192953,974.603,148.403,110.84,spoofing,Medium
Back,-0.24259785139127127,-0.050026431490990036,170.78083019499556,95.80342266511079,68.049,115.622,102.423,spoofing,Low
Back,-0.291811,0.005385,39.999,37.773,842.481,271.04892425410765,160.1475,noise_injection,Low
Front,0.08488486586299993,-0.005473041368222631,53.56666742135252,111.49130064516015,188.231,122.838,115.749,spoofing,Low
Back,0.5943517072543951,0.18709009985425318,108.46652579235365,139.2559834112725,769.173,152.805,116.416,spoofing,Low
Back,0.1209460787826665,0.06617023861045995,50.92431318846333,63.14916007940422,993.244,129.057,119.759,spoofing,Medium
Front,-0.2881278183944702,0.11772499363267584,100.98234190213951,52.55978002192192,565.759,140.035,119.201,spoofing,Medium
Back,-0.6043567514986634,0.16176651019492294,75.50931807725398,-1.2205637863973482,367.523,156.619,105.391,spoofing,High
Back,0.251354,0.02832,163.533,-0.321,667.441,198.717073734225,335.292,noise_injection,Medium
Back,0.009799,-0.021506,158.526,16.08,491.993,181.68688246966198,152.5035,noise_injection,Low
Back,0.001808,-0.040282,96.02,28.917,834.174,209.11464473000854,155.5035,noise_injection,Low
Front,-0.014052466953803147,0.1038610638143417,51.70472250905662,72.76872486685987,846.382,114.228,118.826,spoofing,Medium
Back,-0.6431963566721407,-0.09407810988212344,102.71494658021247,36.90488367207345,431.168,155.99,108.78,spoofing,Low
Front,-0.3357142091844145,0.2155899567228312,63.408557923775405,26.074011595026,228.311,102.633,101.523,spoofing,High
Front,0.011655,0.07563,189.268,-9.213,347.853,116.73787973725011,170.7165,noise_injection,Low
Front,0.17452286658019206,-0.06077375214506092,73.58498687998028,108.72404709318847,877.607,149.304,108.092,spoofing,High
Back,-0.13276,0.088491,59.845,31.325,839.52,159.76388903823937,569.1949999999999,noise_injection,High
Back,-0.18222684806914016,0.145898257318886,104.21478311390652,15.340887893415493,569.423,123.745,110.151,spoofing,High
Back,0.27783,-0.060042,105.079,21.184,149.098,246.29145434249196,522.515,noise_injection,High
Back,-0.23542916850092846,-0.04522402655516514,216.7982560337722,13.228317825847402,91.112,100.281,103.289,spoofing,High
Back,0.27309575920835283,-0.09959155760805495,180.24391083150923,-11.928380095974283,86.125,106.92,102.214,spoofing,High
Back,0.36093476574175104,-0.15151098676729235,187.2453773293322,94.30806032448112,504.287,137.813,110.379,spoofing,High
Front,-0.140375,0.066491,108.264,15.906,728.233,172.20893294235495,591.11,noise_injection,High
Back,-0.227112,-0.09247,119.977,24.502,198.168,159.07702616557023,328.026,noise_injection,Medium
Back,0.109666,-0.090911,180.958,22.145,793.016,79.83307183499006,159.10649999999998,noise_injection,Low
Back,0.3295872218880731,0.09414983255094787,131.02700341738182,-6.721078722186557,838.93,150.127,109.54,spoofing,Low
Front,0.2722562094333301,-0.12054245315934778,111.14416860882747,52.732247321789025,531.635,146.674,103.691,spoofing,Medium
Back,0.2036670433712296,0.08082311739509615,37.144242253565736,90.64430031145062,338.07,141.265,117.141,spoofing,High
Back,-0.22883,0.006602,99.435,10.912,644.528,243.7610695082456,564.875,noise_injection,High
Front,0.131046,-0.011715,56.625,38.851,153.924,225.56029291774232,316.19100000000003,noise_injection,Medium
Back,0.201776,-0.02287,104.501,3.832,378.613,81.1201941930389,595.215,noise_injection,High
Front,0.145759,-0.04472,88.138,1.559,745.403,119.11627160995181,154.8195,noise_injection,Low
Back,-0.137141,0.047753,114.382,21.425,764.986,90.27395369110262,311.571,noise_injection,Medium
Back,-0.246596,0.054517,129.453,32.536,579.551,102.12450704352702,597.815,noise_injection,High
Front,-0.225335,-0.046863,46.293,33.861,126.958,74.88759229525944,302.211,noise_injection,Medium
Front,-0.012591682588549535,-0.11287028743077192,80.84598501156746,79.27765528921039,968.004,119.639,115.755,spoofing,Low
Back,0.37601103069643277,-0.0835725464326317,97.73246535495383,-39.30980339606746,105.257,100.442,106.527,spoofing,High
Front,0.5248854059454271,-0.04146933181701938,200.55155959238627,74.47061641392212,253.335,157.087,114.013,spoofing,Low
Back,0.03152112206101504,-0.20576876879598605,107.31045155347395,39.347191292675305,585.609,115.967,106.483,spoofing,High
Front,-0.273509,0.032229,81.496,19.003,442.066,261.70898058837605,578.115,noise_injection,High
Back,-0.08627962663376001,0.17521218839039682,170.93739762737482,186.2734552843192,183.558,117.1,109.865,spoofing,Medium
Back,-0.43643450278401524,-0.2533228969083308,189.5092153029113,19.630678094928218,933.143,124.625,119.809,spoofing,Medium
Front,0.11226896823359073,-0.2731126331172053,31.046964700079748,-4.940273216938489,906.429,117.822,115.017,spoofing,Medium
Front,-0.4324713863273819,0.06980605776088174,67.35414693588392,38.31294408665651,104.253,126.166,115.025,spoofing,High
Front,-0.019574,0.045877,83.197,39.17,252.768,199.66952002675237,334.04999999999995,noise_injection,Medium
Front,0.117412,0.030201,149.321,15.498,977.713,76.11869225289408,561.965,noise_injection,High
Back,0.179123,0.038736,76.05,15.245,777.378,94.00739302549763,520.3199999999999,noise_injection,High
Back,-0.6076960977702475,-0.11439818426313755,140.43333368802558,-33.564817736499506,618.6,113.966,110.251,spoofing,Low
Back,0.050083,0.041563,184.527,24.625,36.557,155.69231843159434,355.767,noise_injection,Medium
Front,-0.14804,0.004822,198.241,-6.149,849.721,235.3805098516836,154.023,noise_injection,Low
Front,0.276419,-0.080682,57.081,31.144,738.846,234.31053203433854,315.867,noise_injection,Medium
Front,-0.16341716429037864,0.1728482166565125,40.048651749161536,2.9974560268892456,60.47,125.99,106.183,spoofing,Medium
Front,0.06434580951185093,0.07657613527627759,17.55060919191766,110.24866161225047,332.149,132.897,117.169,spoofing,High
Front,-0.07360624977619962,-0.0244218452214452,30.0032065762015,-29.643458396723577,456.697,104.034,111.64,spoofing,Low
Front,0.5437529211731527,-0.058900357023092154,130.79272871097305,70.1493999784419,621.701,136.114,106.702,spoofing,Low
Front,0.2630898322825621,-0.07193518781749607,133.76116033423165,14.445586819631238,407.421,117.685,103.955,spoofing,High
Back,-0.18942,0.093029,183.975,-1.102,962.901,246.41067924651958,530.57,noise_injection,High
Back,0.13752752021118897,-0.23245598087515706,34.85593319009731,-36.22837577755091,328.538,143.978,119.87,spoofing,Low
Back,-0.079997,-0.09517,118.544,1.693,995.026,207.1164649080188,156.276,noise_injection,Low
Back,-0.1886198805876348,-0.00328930362795736,207.7833440409955,50.839726055058996,664.369,153.375,107.423,spoofing,Medium
Back,-0.204068,0.026674,100.898,14.025,802.209,280.324650757387,508.53000000000003,noise_injection,High
Back,-0.212474,0.04144,58.299,8.803,408.504,201.34045673997508,590.785,noise_injection,High
Front,0.239475,0.086102,134.567,21.146,717.574,83.14855486166725,500.76500000000004,noise_injection,High
Front,0.5292663877100569,-0.036374357279192464,34.56090232281391,121.18885621954159,123.199,130.283,106.134,spoofing,Medium
Front,0.21981580955949048,0.05207081177745477,33.962182626651646,46.90651561951831,150.494,150.353,103.811,spoofing,High
Front,-0.04117494746883876,-0.024055674145198047,67.26574097265468,41.90056010608417,424.641,100.795,111.485,spoofing,High
Back,-0.211586,0.027396,43.868,34.627,691.793,285.56740777273717,155.244,noise_injection,Low
Front,-0.6954429126504837,-0.04364823469788427,181.3867165644674,37.203077334047634,134.901,153.892,112.12,spoofing,Medium
Front,-0.100653,-0.012484,98.213,37.69,404.067,188.06308073682044,317.061,noise_injection,Medium
Front,0.145447,-0.097117,22.53,1.144,914.876,153.3298952269498,505.805,noise_injection,High
Front,-0.197795,-0.083081,174.291,39.359,707.224,141.77824388263963,160.2945,noise_injection,Low
Front,-0.17259,-0.015102,150.131,13.12,577.018,196.32996246500275,503.96000000000004,noise_injection,High
Back,0.020737,0.00845,185.893,39.581,597.578,197.08596336928244,163.41,noise_injection,Low
Back,0.074752,0.057051,138.781,-4.161,915.488,231.05548841628243,174.0585,noise_injection,Low
Back,0.1626011144877188,-0.10835856420312859,24.250106278072796,141.24531193558755,144.29,103.193,110.788,spoofing,High
Front,-0.283556,-0.033999,69.978,38.072,841.717,301.50449741019827,566.25,noise_injection,High
Front,0.228242,-0.070555,138.23,4.587,866.503,201.20921768506383,179.7405,noise_injection,Low
Front,0.25829528555211,0.01390065439715002,269.7569345740842,-3.627772394848523,320.718,102.162,112.377,spoofing,High
Front,-0.09137679850099917,-0.19939019308870787,126.56133212861266,75.1452930864463,464.392,121.061,100.644,spoofing,High
Front,0.19139,-0.065649,48.416,-5.783,828.962,140.30626732230593,327.21,noise_injection,Medium
Back,0.35647310679221755,0.012722212641451194,101.92368787377495,62.26310863261646,222.06,159.571,101.475,spoofing,High
Front,0.209014,0.072905,155.951,-6.903,368.227,210.69548703218695,595.1899999999999,noise_injection,High
Front,-0.057415,-0.030266,66.954,7.447,52.62,275.28625427941967,592.77,noise_injection,High
Front,0.2749948309099619,0.1411658636854109,151.55204147411115,-4.236992648349312,89.174,102.573,115.075,spoofing,Low
Front,-0.201337,-0.078424,111.849,24.914,310.066,231.18703964541604,333.453,noise_injection,Medium
Front,-0.5131171448984948,-0.0002979792997134939,110.14133431295306,112.42613359503892,343.511,141.506,109.754,spoofing,Low
Back,0.064758,0.013231,94.575,17.898,323.097,161.6734851677477,165.66899999999998,noise_injection,Low
Front,0.1917,0.037131,73.315,16.873,368.096,80.03355090778547,319.15500000000003,noise_injection,Medium
Back,-0.011556,-0.028382,33.138,10.205,375.692,151.16153735798872,160.173,noise_injection,Low
Front,-0.106322,0.045594,138.285,-1.424,209.653,156.58760306530843,536.105,noise_injection,High
Back,-0.2177332466627182,-0.12326919249493733,117.89015304828101,86.66701136993753,448.598,130.048,100.841,spoofing,High
Front,0.5811003946027534,0.08776614428996576,48.05041213151494,-12.527802329029141,174.353,155.802,109.464,spoofing,High
Front,0.169154,0.071457,120.671,16.247,67.066,77.10285108406244,300.714,noise_injection,Medium
Back,0.11933,-0.060435,64.455,23.714,980.596,81.66089628138924,151.9275,noise_injection,Low
Back,0.099096,-0.086856,68.408,0.414,689.511,103.16490593576526,172.0395,noise_injection,Low
Front,0.119384,0.022279,52.028,22.031,309.883,145.9041238464406,599.51,noise_injection,High
Front,-0.211646,-0.001347,190.966,-4.55,3.159,76.9468125976318,567.1,noise_injection,High
Front,-0.4249669790433059,0.06022147676419176,92.53687477935455,109.60732061816289,698.439,102.658,117.609,spoofing,Medium
Front,0.3359337629712474,0.09507513455613628,40.532994695977976,49.71717841961916,301.828,127.603,104.847,spoofing,Medium
Back,0.277542,0.05511,165.662,30.6,77.474,160.4659892439714,588.275,noise_injection,High
Back,-0.34025625005480953,-0.005498383750112641,166.15998722258087,41.60250192449981,680.191,130.076,106.38,spoofing,Low
Back,0.024548,-0.045276,23.613,34.451,519.748,139.32010867756622,358.94399999999996,noise_injection,Medium
Front,0.222749,0.024861,84.402,30.62,195.975,189.30474611968282,554.9649999999999,noise_injection,High
Back,-0.34324518616502364,0.04428684970967186,48.494585803710834,-31.007806222452324,103.46,106.484,116.728,spoofing,Low
Front,-0.039733129230276346,0.09041135111839363,123.11469932937338,46.450117754258265,789.017,145.378,116.861,spoofing,High
Front,0.04124869007268861,0.018210083945834607,102.10254601160841,123.31647843979646,333.415,102.502,117.063,spoofing,Medium
Back,-0.188217,0.030995,132.907,10.867,168.98,109.04535604450231,507.455,noise_injection,High
Back,-0.054053,-0.077967,92.873,8.236,628.875,84.29277084483311,302.505,noise_injection,Medium
Front,-0.25214598383872644,-0.09751396354399613,232.272775541431,25.738730947543967,987.541,118.183,104.284,spoofing,Medium
Front,-0.28823,-0.001191,192.169,32.881,113.235,267.81210512936985,337.64700000000005,noise_injection,Medium
Back,-0.22414520179970204,-0.1567102329107161,62.71189964161904,-29.01435252477692,969.245,146.25,113.628,spoofing,Medium
Front,0.270141,-0.049274,46.223,6.494,409.222,167.4963101609422,531.02,noise_injection,High
Back,-0.294649,0.041313,62.844,35.371,859.091,245.7279309739967,152.058,noise_injection,Low
Front,0.16844034081881087,-0.13188787548714698,271.43263071777153,24.993260995693042,630.418,155.629,108.77,spoofing,Medium
Back,-0.040445,0.058352,161.935,-2.895,76.632,148.78803159844958,504.11,noise_injection,High
Back,0.135375,-0.067933,29.012,30.59,314.425,102.31076173618926,590.0699999999999,noise_injection,High
Back,-0.10018,0.080408,49.505,-8.099,851.809,165.00891873370284,587.96,noise_injection,High
Front,-0.21641010139240113,-0.12203769081035828,140.54431491769822,80.54490144833233,247.547,111.998,109.715,spoofing,Medium
Back,0.186216,-0.053569,23.861,0.044,343.164,126.12444179950633,546.7,noise_injection,High
Front,0.214218,-0.091164,180.033,39.668,297.549,186.85762449494422,314.178,noise_injection,Medium
Front,0.004179,-0.026157,196.502,-2.722,291.507,207.96705068948054,320.376,noise_injection,Medium
Back,0.546920048527256,-0.05423098637322922,124.329573752502,-10.669404731680805,197.193,109.864,118.276,spoofing,Low
Front,0.214308,-0.08714,21.563,4.025,661.399,63.99254500519649,323.52,noise_injection,Medium
Back,0.291200697816272,0.05436815137218172,82.08883738247381,115.77837794328923,463.734,141.245,107.295,spoofing,Low
Back,-0.0797283551081284,-0.10209230916746585,36.63317849618905,27.438254191802816,665.781,111.625,110.401,spoofing,Low
Back,0.22949823327764837,-0.17834544093278204,97.82044990181969,134.08543240084745,183.348,152.851,112.384,spoofing,Low
Back,0.13686278876671995,0.08446581764653711,30.09169787161562,113.37580811830595,364.277,150.859,104.025,spoofing,Medium
Front,0.12564457195307172,0.10692066475507259,32.140300405304,61.396071209256554,16.56,159.078,116.96,spoofing,High
Back,-0.061208,0.022781,170.666,2.977,878.319,208.43622284187867,159.0225,noise_injection,Low
Back,-0.228914,0.058076,43.85,14.497,20.083,160.88702489670882,514.28,noise_injection,High
Back,-0.190795,-0.023664,57.882,-3.95,199.15,195.7716159679241,348.435,noise_injection,Medium
Front,-0.35584301652117445,-0.10298683148467486,136.14129206244255,0.13643690709805176,510.155,120.112,101.002,spoofing,Low
Front,0.2767413410053996,-0.04785699296695665,192.4268257524746,50.13240653257658,378.447,105.759,103.281,spoofing,Medium
Back,0.137969,-0.027473,142.218,-6.376,257.654,104.7440186218765,597.415,noise_injection,High
Back,0.22823,-0.011044,65.425,25.128,179.441,165.7647340872185,311.04,noise_injection,Medium
Front,0.015825,-0.069915,36.451,18.9,578.07,122.42531655519602,158.54399999999998,noise_injection,Low
Back,-0.115118,-0.060756,67.586,23.339,950.538,147.7293309428575,518.375,noise_injection,High
Front,0.5744793654344772,0.036482689424043716,109.5222794130784,77.07494723657646,924.144,112.541,110.688,spoofing,Medium
Front,-0.090878,0.000804,115.295,14.269,841.753,160.07412889936407,159.21,noise_injection,Low
Front,0.26392792135472193,0.15999826003776596,113.73159601342333,191.06275459432956,794.834,128.738,111.347,spoofing,Medium
Front,-0.43600964726424674,0.14782388730982443,51.83034918307019,43.501120850317896,998.414,136.708,103.243,spoofing,Medium
Back,0.2489229635439076,0.09010875977115174,261.64560964991864,-22.881196009116778,462.87,127.803,109.156,spoofing,Medium
Back,-0.130098,0.04021,30.056,1.321,593.194,71.85071803618568,333.336,noise_injection,Medium
Front,-0.2475065935579404,-0.21605501558234244,52.37091087661872,48.25281790985258,686.873,150.41,103.315,spoofing,High
Back,0.1606025959409366,-0.17715686330490815,104.94963999791827,104.84416548714414,959.996,144.59,113.017,spoofing,Medium
Back,-0.10290365082297687,-0.02779700421362534,82.4240413573262,42.12479549307823,439.597,112.38,103.75,spoofing,Medium
Back,-0.216447,0.068455,179.336,23.389,274.909,112.66748403237894,346.869,noise_injection,Medium
Front,-0.012467,-0.029861,123.353,21.089,709.27,165.67363855124356,173.1195,noise_injection,Low
Front,-0.244617,0.098449,189.996,-0.717,841.478,231.86465703307294,337.79999999999995,noise_injection,Medium
Back,-0.183724,-0.087246,88.007,35.786,615.843,74.18964870567362,159.03300000000002,noise_injection,Low
Front,-0.038851,0.021132,83.191,5.518,134.663,100.39494951217095,161.502,noise_injection,Low
Back,-0.051447854896359155,-0.11875543200586972,79.82191167371049,103.7569138437667,376.864,146.083,119.429,spoofing,Low
Back,0.32278345852517565,-0.19871051934142017,83.69268618337584,50.453192449081406,635.782,147.135,114.891,spoofing,Low
Back,0.3263679231638539,0.07784518831115748,140.64451701339527,106.22236601135437,326.212,121.457,107.615,spoofing,Low
Back,-0.31993940458491066,0.08126762556998796,32.11677812535452,10.0913916070166,923.578,106.066,117.717,spoofing,Medium
Front,0.164454,-0.013313,139.868,20.74,411.877,150.42796854009865,599.925,noise_injection,High
Back,0.09354523711187025,-0.1521455723006119,151.36563900862754,147.89014259249788,662.992,100.614,103.449,spoofing,High
Back,-0.013932536898841386,0.05110624951154677,69.5672304246895,109.1299556455908,299.531,131.065,107.829,spoofing,High
Back,0.146944,0.022521,65.212,-7.289,804.818,136.5772963553446,591.025,noise_injection,High
Front,-0.10304372236294235,0.10886501266704339,85.91573218967999,-10.930781528929217,148.945,114.867,119.247,spoofing,Low
Front,0.0383686133340226,0.15473552671420715,111.13273624285007,148.1151852254317,701.437,136.274,104.24,spoofing,High
Back,-0.40758954527630586,0.0486608629979071,185.63052540633,66.23176794417162,374.865,133.742,112.832,spoofing,High
Back,-0.12972,0.080762,177.728,17.499,962.802,168.56744981693723,327.936,noise_injection,Medium
Back,-0.0444187014862379,0.058340212167420774,210.60461423505126,-30.4836099146472,927.827,142.895,108.463,spoofing,Low
Back,0.18145300042448936,0.003573289078376861,19.260032384778185,66.08782834310257,460.239,153.133,108.684,spoofing,Medium
Front,0.28885,0.091426,134.747,37.91,841.122,147.10995354041358,155.2035,noise_injection,Low
Back,-0.6367460088365697,-0.2548254144000777,27.794307179249408,30.783034993542216,71.772,142.889,108.198,spoofing,Medium
Front,-0.01799902446592122,0.14698200500462863,160.33592491147445,60.26926629799678,99.562,100.813,115.021,spoofing,Medium
Back,-0.2800736637876313,-0.13611811086828676,143.6004036716126,43.221448324624454,70.15,109.701,111.711,spoofing,Medium
Front,0.19159371427351268,0.011776538037046477,63.619319468097196,124.18750425293614,512.062,114.633,101.511,spoofing,Low
Back,-0.19474237042852366,-0.09659814610783225,181.5763819155988,25.01020178275873,485.867,119.724,114.696,spoofing,Low
Front,0.4114456907815396,-0.009247542388983246,149.48406568062853,-33.50296396189493,638.682,121.818,118.431,spoofing,High
Front,-0.034124,-0.080788,150.662,-2.795,511.088,121.74564775707184,163.959,noise_injection,Low
Front,-0.135904,-0.025779,92.413,39.304,941.451,203.55932814025635,151.4535,noise_injection,Low
Front,0.2092088166424907,-0.05263641005200917,268.10503588865015,24.003735135651205,427.086,159.445,108.327,spoofing,Low
Front,0.6034345646980139,-0.011185580583115959,138.64243727457827,115.29662468421229,659.209,112.978,106.592,spoofing,Medium
Back,-0.083179,0.09776,169.072,18.355,62.468,95.28772631588575,352.899,noise_injection,Medium
Front,0.05467001773926393,-0.10699365682655775,262.79469005681875,-25.869594842510324,699.872,109.666,102.503,spoofing,Medium
Front,-0.296745,-0.050283,41.293,-9.609,515.126,197.84106914061815,160.0125,noise_injection,Low
Front,0.068596,-0.027812,51.131,-8.801,260.437,163.47717040703859,156.0255,noise_injection,Low
Front,0.180394,0.006769,117.874,14.397,598.335,68.99260807256876,165.708,noise_injection,Low
Front,0.42802823950109625,-0.043239842449661975,162.2608148058139,-9.596418136820798,233.376,156.98,100.251,spoofing,High
Back,0.008284,0.001012,189.0,15.953,263.666,258.9834254719309,358.5,noise_injection,Medium
Back,-0.07483402743959242,-0.17506521959747925,118.96473983650769,128.79355245802643,88.088,128.426,105.551,spoofing,Low
Front,0.5523623645039722,-0.19994994029492943,151.6107373162076,-17.05603102385041,898.622,119.312,106.006,spoofing,Low
Front,-0.24878924200066163,0.24149931788030904,170.29140942784136,121.62046144873968,366.598,128.194,114.784,spoofing,Medium
Front,-0.195988,0.072173,150.376,2.544,68.658,145.41269741034736,307.812,noise_injection,Medium
Front,0.278087,0.015085,99.694,-7.184,252.552,194.5793850667885,585.9150000000001,noise_injection,High
Front,-0.180454,0.009864,114.518,26.714,719.449,95.55421883930582,154.45499999999998,noise_injection,Low
Back,0.239594,0.041491,120.394,3.276,819.028,199.36848268788705,506.83,noise_injection,High
Front,-0.029418,-0.099341,53.795,0.061,29.298,166.01476831640161,527.035,noise_injection,High
Front,-0.22223112170369685,0.12570504294726562,76.71985510002692,69.51429035976426,108.869,114.247,102.053,spoofing,Low
Front,-0.33632008107560496,0.008769989889277182,55.794292121938284,-22.656256680559064,73.789,146.232,119.743,spoofing,Low
Back,-0.174412,-0.018111,34.163,-1.528,150.764,180.74363556428668,173.7885,noise_injection,Low
Back,-0.158774,-0.00786,173.802,36.296,97.785,150.14642150693558,170.253,noise_injection,Low
Back,-0.021669,0.00475,150.858,-6.529,316.54,174.97389262757977,166.713,noise_injection,Low
Back,-0.14588746865471938,-0.08863656222122095,170.18458740808333,49.222965979269574,70.701,101.856,106.535,spoofing,Low
Back,0.544529472016097,-0.12567054986210247,103.43341027819015,84.76674037222894,801.196,124.489,117.899,spoofing,High
Back,-0.144067,-0.019261,176.284,19.626,967.312,102.90474114344583,156.126,noise_injection,Low
Front,0.29011538224158306,-0.05010181905824718,205.57735186525903,142.21438999489146,770.076,157.576,101.11,spoofing,Medium
Front,-0.105659,-0.022706,184.103,2.517,89.862,233.40260976751,314.778,noise_injection,Medium
Front,0.129132,-0.065132,77.361,4.811,911.199,104.7226267100459,176.01749999999998,noise_injection,Low
Back,0.13563000646407847,-0.22608119560272422,24.560612652091734,-35.16216769233531,861.293,156.838,108.369,spoofing,High
Back,-0.5037815686035553,-0.05945027847441402,24.557772049523177,111.79421968906549,501.588,137.36,119.645,spoofing,Medium
Back,-0.0012259332543799756,0.19078465609303935,30.53083505527602,109.74878849409819,94.788,124.883,119.872,spoofing,Medium
Front,-0.169115,0.034608,143.942,30.698,905.586,76.61324337764879,349.10699999999997,noise_injection,Medium
Back,-0.098292,-0.044457,158.131,33.292,178.924,108.24878687933867,306.73199999999997,noise_injection,Medium
Back,0.012742,-0.019306,166.173,7.407,356.128,266.5529056736594,316.854,noise_injection,Medium
Front,-0.014627,0.001004,157.477,-6.124,34.499,77.62553407905068,544.5,noise_injection,High
Back,-0.40181405459248504,-0.06367497172936012,196.85255113609634,45.65145984784149,863.252,130.272,115.924,spoofing,High
Front,0.5687195692227439,-0.198571221809181,54.332245306005724,62.505156682461,907.596,146.648,112.723,spoofing,Medium
Back,0.1353031874345243,0.07453134255570512,185.34434313941955,-5.814898069913664,267.323,130.241,110.856,spoofing,Medium
Back,0.32594226558432726,0.21205027411411448,129.0292891913074,27.42848621666309,658.102,104.858,103.576,spoofing,Medium
Back,-0.094111,-0.013807,89.273,27.918,596.063,192.5180969321999,583.8000000000001,noise_injection,High
Back,-0.26087377102153086,-0.06724027483507639,40.64079289434212,68.45843855424555,91.777,158.671,113.241,spoofing,Medium
Back,0.6191768285171033,0.08301762758483482,62.91145907086647,-6.044055139070753,672.414,149.079,108.707,spoofing,Medium
Front,0.209647,0.001673,55.033,-4.819,880.907,100.88859197641501,159.291,noise_injection,Low
Back,0.11442,0.038102,157.562,36.87,109.68,119.47725794105445,353.553,noise_injection,Medium
Back,0.051549038045953274,0.10803261355771183,40.14161997873062,-16.93460974533575,123.432,142.794,111.289,spoofing,Medium
Front,-0.166138,-0.094252,48.975,-6.219,103.594,169.43121181676455,173.7495,noise_injection,Low
Back,-0.4922078829077155,0.024161413143924074,191.26950213066212,111.41901271537547,495.602,151.837,106.681,spoofing,Low
Back,0.237562,0.091154,82.294,17.97,503.541,248.0715856685338,317.361,noise_injection,Medium
Front,0.020763,-0.016398,195.698,23.369,671.571,137.92095904895,158.8305,noise_injection,Low
Front,0.115301,-0.012063,68.022,30.409,788.381,156.56473326610117,571.17,noise_injection,High
Front,-0.6132147836891083,-0.008178990100768266,123.97733631427937,131.2043252822596,932.818,119.05,116.486,spoofing,High
Back,-0.265301,-0.088677,48.338,-8.382,900.645,135.0276764978449,306.132,noise_injection,Medium
Front,-0.26254,-0.03758,147.644,-3.338,580.567,96.89911922205664,529.125,noise_injection,High
Front,-0.166936,-0.011683,175.346,30.238,585.994,165.73240843452027,536.475,noise_injection,High
Front,-0.297693,-0.060845,89.509,22.105,809.597,187.91180923534546,527.1,noise_injection,High
Back,0.39880099267846864,-0.06094357176039007,75.35459649998064,59.49935477575953,442.828,102.524,118.475,spoofing,Medium
Back,-0.39669890744372166,-0.0800278482273258,16.656382004628625,73.60140039477398,316.98,123.479,112.63,spoofing,High
Front,0.182414,-0.091125,22.996,0.472,951.45,264.9314041755065,509.24,noise_injection,High
Back,0.07605193447074199,-0.21172777739871287,80.87602577799784,-28.587084035201418,134.643,109.003,107.7,spoofing,Low
Front,-0.121012,-0.032514,116.77,14.512,161.132,200.8365736846555,178.608,noise_injection,Low
Front,-0.17287172330506326,-0.24557345472526124,210.7256046375952,59.15182653121551,505.853,141.045,100.346,spoofing,High
Front,0.249611,-0.089731,145.659,0.792,63.534,176.30989495151448,314.07599999999996,noise_injection,Medium
Front,0.158651,-0.022423,181.418,-4.893,897.423,109.46289079251783,566.265,noise_injection,High
Front,0.5316268878948646,-0.12037842091253437,50.553102458776024,43.619195115478384,121.465,100.477,114.565,spoofing,Low
Back,0.010811,0.017376,46.446,20.068,89.725,71.69408412748635,163.8465,noise_injection,Low
Back,-0.006224,-0.06713,47.07,4.27,260.283,122.96651749835837,322.90500000000003,noise_injection,Medium
Back,-0.3022519513374619,-0.027554567224442987,24.127428452446836,70.03521714863324,628.202,110.907,105.402,spoofing,High
Back,0.134205,0.094705,123.875,24.146,604.571,211.96098122033487,593.63,noise_injection,High
Front,-0.6198922821689998,-0.12744518493650114,64.79516851047306,-16.965768718733205,73.284,110.602,119.476,spoofing,High
Back,-0.004889,0.088942,196.396,22.138,91.21,181.16832694209702,526.59,noise_injection,High
Back,0.2939,0.043881,100.8,1.853,763.732,204.00593090805003,172.6125,noise_injection,Low
Front,0.289892,-0.010875,55.957,36.981,202.727,126.89278753948538,327.447,noise_injection,Medium
Back,-0.141619,-0.052793,99.4,24.238,327.272,69.15717965877244,549.685,noise_injection,High
Front,-0.078781,0.048463,140.901,-6.329,160.88,142.9269358355634,179.28,noise_injection,Low
Front,0.07872743618578673,-0.12227124259335503,106.32457789893401,-0.6743135791406548,162.113,123.176,107.484,spoofing,Medium
Front,-0.37355551216087074,0.03739155170049823,99.32635877280336,29.52363192107695,31.419,122.898,112.479,spoofing,Medium
Front,0.2713351677075465,0.08469737062587919,128.2293112777014,148.58723715312263,977.324,155.752,117.154,spoofing,Low
Back,0.049846862842576584,0.034138221003352294,63.755808902239195,164.07049789005822,124.05,125.839,112.037,spoofing,Low
Back,-0.2766801399631878,-0.1876328165068033,113.93134907759432,0.7699592366380901,78.022,123.347,115.378,spoofing,Low
Front,-0.227494,0.067281,160.234,19.669,31.288,189.83781446229762,359.409,noise_injection,Medium
Back,-0.2541164295616103,0.04871092238667801,219.91594249691715,74.69410505272744,762.848,133.961,101.622,spoofing,Low
Back,-0.09726059133902941,0.11391160262580252,142.27440304536134,65.78486288219513,813.517,136.572,108.45,spoofing,Medium
Back,-0.099621,-0.04525,51.463,31.215,876.985,204.2160907354716,575.55,noise_injection,High
Back,0.119474,-0.056303,151.397,-0.137,250.465,280.8855953988972,152.5995,noise_injection,Low
Back,-0.2643055956064153,-0.14050110088420167,221.12941151494542,-6.617312273686777,57.309,100.206,112.91,spoofing,High
Back,0.5844409565199968,0.1503833669112307,68.61991687638083,93.86990717435603,572.554,154.808,105.121,spoofing,High
Back,0.209214,0.001381,173.081,5.127,471.952,65.81575608064912,307.257,noise_injection,Medium
Back,-0.23221772203385496,0.059298816372507085,184.64948473756064,24.503785097812194,132.612,104.632,114.551,spoofing,Medium
Front,-0.21604277115932202,0.04678011555695765,182.08990409058046,111.4480735066852,553.904,152.27,117.692,spoofing,Low
Back,-0.188575,-0.089497,83.466,-1.193,204.11,252.74273145271675,157.1145,noise_injection,Low
Back,-0.24488,-0.0451,154.211,15.206,710.674,75.34816330218788,536.59,noise_injection,High
Front,-0.018888,-0.046628,170.859,-8.214,94.12,127.35071796163227,344.52,noise_injection,Medium
Back,-0.183827,-0.050059,197.121,38.328,830.902,247.94171822536987,178.977,noise_injection,Low
Front,-0.1943028016237664,-0.019338390646516893,165.7348886036887,8.142439148295102,384.629,106.163,117.108,spoofing,Low
Back,-0.6332799911089211,0.14401810196819195,84.61041540297956,1.8307077314693052,605.986,107.54,102.474,spoofing,Low
Back,-0.6734029096721448,0.07316026605675888,56.33676716127075,59.58764497763786,496.516,130.359,119.888,spoofing,Low
Back,0.234822,-0.014341,100.154,10.387,393.618,154.90830030668798,341.62800000000004,noise_injection,Medium
Back,0.114228,0.01411,193.204,6.494,997.687,173.201239872856,165.459,noise_injection,Low
Back,0.035120765639759716,-0.03926256624975982,77.78876146538052,115.85265048883156,482.362,109.131,118.595,spoofing,High
Back,-0.170292,0.022176,41.83,16.327,445.543,137.28296061260497,524.3050000000001,noise_injection,High
Back,0.02407339660283833,0.07452269507489148,294.2412637308183,82.72761512222567,504.788,130.533,117.153,spoofing,Medium
Front,-0.043127,-0.054152,150.656,17.842,920.048,108.18065178585651,302.193,noise_injection,Medium
Front,0.49794574167850963,-0.06446256565223729,21.5209027036169,-9.444522392711399,913.379,144.9,119.654,spoofing,High
Back,0.2900499669635264,0.05441354334491305,115.35400741484754,106.28163215676163,346.414,147.463,115.485,spoofing,Low
Front,-0.018915,0.04749,40.452,27.546,732.762,169.49683053363526,525.04,noise_injection,High
Back,-0.5839617720346238,-0.09042156047045331,102.71669792461374,9.759067016923947,599.722,131.371,104.811,spoofing,Medium
Front,0.109825,0.07672,198.386,27.019,837.52,220.4502358210363,551.145,noise_injection,High
Back,0.213195705073578,0.18635754744907124,203.66746552803113,101.83809433188422,56.578,100.236,102.186,spoofing,High
Front,-0.16668157085746926,0.18378000761157043,54.66065568420171,97.81525292559745,539.622,104.231,103.506,spoofing,Medium
Back,-0.23365,-0.05016,150.33,-3.357,650.685,171.5974502551016,520.14,noise_injection,High
Back,-0.2229152199266191,-0.1995950363807054,65.64358624195305,68.39368167180527,238.818,148.201,107.961,spoofing,Low
Front,0.272377,-0.023759,126.23,6.224,172.164,112.71833324966282,357.132,noise_injection,Medium
Back,-0.114451,0.097347,73.532,-4.252,92.014,270.3752173386603,325.344,noise_injection,Medium
Front,-0.5700505419950551,-0.15097649267365112,79.60004580881753,58.03836256984428,138.873,119.407,101.04,spoofing,Medium
Back,0.09884,0.038375,75.204,23.182,896.497,229.9021917370537,329.436,noise_injection,Medium
Back,0.37422695300293024,0.06022805847103566,58.81639838311722,-1.3817359520252568,98.711,144.303,105.162,spoofing,High
Back,-0.207482,0.018756,38.497,-2.894,361.281,98.13530240735528,502.46000000000004,noise_injection,High
Back,-0.033295,0.039086,97.853,-0.046,845.37,122.23202242210088,164.01149999999998,noise_injection,Low
Back,-0.19337814424999128,0.21004023038824587,63.40591063108611,85.97064994678287,341.275,103.326,115.954,spoofing,High
Back,-0.190086,-0.07365,23.481,20.063,587.454,88.43201125493688,342.894,noise_injection,Medium
Front,-0.009863,-0.098818,85.689,39.168,879.456,252.42435646002536,359.07,noise_injection,Medium
Back,-0.07750099322538839,-0.025382031385746753,82.01196272972139,91.44703964162463,938.485,138.168,115.205,spoofing,High
Back,0.010281595114383368,0.0802414508495838,170.78800932373784,91.77898270472335,885.258,145.158,108.026,spoofing,Low
Back,0.49556650960339466,0.06652347634594528,34.428769058294094,29.92022355613556,815.41,104.44,113.144,spoofing,High
Back,0.059955,0.050529,60.755,35.937,352.839,65.84859093295476,324.231,noise_injection,Medium
Back,-0.13389131555438064,0.16518792105132915,78.86641314836308,91.3487084050734,661.208,115.243,111.532,spoofing,Low
Back,0.17091277542727545,0.00035208902579997314,139.66513141417184,41.12714771329109,548.887,158.475,112.623,spoofing,High
Back,0.014786,0.010087,80.205,2.235,988.549,97.6654934882487,155.907,noise_injection,Low
Front,-0.034455493298489306,0.06210224340480128,191.6006872051939,26.831484375495723,998.438,133.57,114.864,spoofing,Low
Front,0.195823,0.016613,140.994,24.02,58.812,174.82642631328878,501.175,noise_injection,High
Front,0.40534655389421315,-0.023150377235933592,284.7103061265883,18.62979145774415,463.448,124.957,109.673,spoofing,Medium
Back,0.209573,-0.092195,162.328,0.431,340.067,171.6200378132883,572.585,noise_injection,High
Back,-0.20464388749322973,0.002752377796181621,32.52081165983325,113.05445772697935,300.954,129.064,116.532,spoofing,Low
Back,0.125028,0.002662,87.416,2.487,893.455,156.04954318958,176.35049999999998,noise_injection,Low
Back,-0.136995928732159,0.07567173732374699,47.82355146112914,97.17795906083362,498.402,153.105,117.332,spoofing,Low
Front,-0.15236192371951962,0.04364090265171763,36.26698505199163,47.06464627780367,418.282,159.959,118.15,spoofing,High
Front,-0.08199692558288502,0.01642249070840931,262.5974797280254,18.817226627920988,793.71,140.142,118.254,spoofing,Low
Back,-0.47531124475622655,-0.15292042106679252,92.60718035093194,140.29554909045595,306.209,158.215,104.661,spoofing,High
Front,0.011213156842953424,-0.147450364365744,124.180775429971,53.87369779611651,327.878,105.144,118.133,spoofing,Medium
Back,0.126925,-0.037794,22.512,8.568,312.268,137.54325739755416,525.725,noise_injection,High
Front,-0.5464276574419964,-0.1552070325363701,15.864761762910595,0.3258335655675135,33.559,123.247,115.734,spoofing,High
Back,0.24641417564088547,0.1504495542153675,59.91200302520268,10.330509690565828,139.585,145.984,112.818,spoofing,High
Back,0.4377742323735022,0.11584198173251808,88.8391412545892,22.43331489610475,375.358,130.043,107.1,spoofing,High
Front,0.292091,0.05707,195.568,3.692,375.616,65.30876042643588,501.475,noise_injection,High
Front,-0.259144,0.054303,117.48,1.317,914.448,183.95292838188934,302.55899999999997,noise_injection,Medium
Back,0.078356,-0.025612,73.212,38.885,454.703,144.49063133494508,176.2035,noise_injection,Low
Back,0.147463908234344,-0.2118721860021789,89.29939084720581,66.11068449635441,162.973,103.007,115.572,spoofing,High
Front,0.2860611250989613,0.09644861551540869,264.0885900410937,44.314944720479666,230.427,154.656,117.937,spoofing,Low
Front,0.080811,0.070635,46.597,34.619,252.18,190.01245249330657,166.2,noise_injection,Low
Back,-0.2018987290946248,-0.13599796713249196,102.19138261658144,82.74057738250458,394.045,153.427,108.352,spoofing,High
Back,-0.229678,-0.052765,113.119,15.026,791.579,275.3193439195844,172.257,noise_injection,Low
Back,0.018347631839448375,-0.11580333142702415,92.85735810472455,190.00683923929424,745.854,113.818,109.381,spoofing,Medium
Back,-0.6988699068082704,0.28304100467390964,51.3045357586711,-16.693589381115146,272.922,128.806,102.893,spoofing,Medium
Back,-0.42721198703054597,-0.08146973835343645,79.10192068861936,-20.390635851458573,848.793,128.777,106.443,spoofing,Medium
Back,-0.20575847940949524,0.0756702526752577,52.88803065242886,151.59321347888633,259.266,155.422,111.251,spoofing,Medium
Front,-0.188255,-0.006332,82.35,25.659,461.973,229.27412236228525,533.635,noise_injection,High
Front,-0.27273325543569826,-0.2331585383603466,83.63883448112027,48.35446335298808,940.488,143.363,106.472,spoofing,Medium
Back,-0.38168630070086684,0.19407969213139753,57.81485632573118,-24.98157267074588,300.807,104.902,104.744,spoofing,Medium
Front,0.056813,-0.0218,116.733,27.412,933.621,177.57467451875843,173.664,noise_injection,Low
Back,0.4617023153422397,-0.12831158978120388,76.16896221076784,14.86431972438464,928.909,130.877,102.248,spoofing,Medium
Back,-0.5789786222838356,-0.09805449626668991,43.90306031515673,70.33647342390876,974.681,141.266,101.056,spoofing,Medium
Back,-0.105314,-0.033644,150.98,-2.12,394.851,151.78455461700509,346.632,noise_injection,Medium
Back,-0.054438,0.018479,185.127,-2.063,272.182,159.23190035163057,154.3695,noise_injection,Low
Front,-0.03688790632655717,-0.11663586678706926,188.2490993505856,111.20474304158482,588.005,129.751,105.914,spoofing,Low
Back,-0.06312,-0.027606,45.182,14.928,934.581,179.8290670095976,351.975,noise_injection,Medium
Back,0.5370249983445733,-0.21093469894980355,72.21229770390052,14.795516988057907,274.474,114.611,111.305,spoofing,High
Back,0.167033,-0.068524,198.609,-7.065,376.67,229.7353224510395,309.006,noise_injection,Medium
Back,0.5611848256225387,-0.1757847592336625,81.39159821320611,-26.84252254980522,151.665,112.408,118.72,spoofing,Medium
Back,0.252926,0.065668,112.173,29.216,146.722,221.21629082783977,157.53449999999998,noise_injection,Low
Back,0.14460514386329154,0.058340777139479424,156.4082866484364,2.99534650836905,471.586,118.644,105.2,spoofing,Medium
Back,0.070218,-0.00449,114.428,-9.201,59.181,121.58302324083274,536.53,noise_injection,High
Front,0.06529802977815395,-0.0004355325518537942,34.91361650665662,92.89963358210046,747.248,130.243,106.347,spoofing,High
Back,-0.260458,-0.085732,50.947,29.479,163.863,161.1166916493833,354.111,noise_injection,Medium
Back,-0.6373617029123265,-0.11214790732930285,124.76833330447576,33.20740866444791,511.896,146.322,104.201,spoofing,High
Back,-0.15766870274028266,0.029470211416077,32.847644312639325,128.79714457628208,844.739,147.023,111.285,spoofing,Medium
Back,0.203965,0.08607,91.945,23.206,962.253,244.44436424007978,308.583,noise_injection,Medium
Back,0.35270055467677053,-0.0004777054577621148,103.92701778487209,121.61125346847886,438.369,156.071,107.389,spoofing,Medium
Back,-0.21051771888676474,-0.21610385596746237,146.63784990025,92.8858236148545,774.132,137.716,118.533,spoofing,High
Front,0.503793793387042,-0.024063420781696702,202.39987499135103,80.95656837496298,624.913,147.868,115.405,spoofing,Low
Back,-0.19572976196052017,0.15518050759899932,97.57420997586532,-38.24820578261897,267.798,154.672,101.067,spoofing,Medium
Back,0.289068,0.041079,129.18,-1.27,691.457,53.8553849060024,555.57,noise_injection,High
Front,-0.34191771553014944,0.09725371824541718,142.65339187524276,104.43723818440226,56.836,128.795,108.344,spoofing,Low
Front,-0.05696219872391722,0.0720200169850677,240.19034894960936,79.97443324197489,753.202,113.095,100.205,spoofing,Medium
Back,-0.162912,0.040378,127.741,3.415,995.424,206.49899468679683,332.703,noise_injection,Medium
Back,-0.6095185002456891,-0.03584098098449741,163.63537213275598,-16.62496097017066,67.3,101.464,112.904,spoofing,High
Front,0.19785781960656657,0.059369569150837825,166.99251413445106,97.34392412693983,24.305,137.924,101.047,spoofing,High
Back,0.47181527348319563,0.16404939448085754,63.38933407131101,48.50937356923684,2.528,147.657,101.234,spoofing,Low
Back,0.155946,0.006255,57.705,4.464,119.736,109.96507751708357,151.4445,noise_injection,Low
Back,0.07190187391526551,0.12575450566759694,31.972248465521073,153.50067448836327,678.181,128.848,113.887,spoofing,High
Back,0.030139,0.006755,145.502,9.55,339.72,133.92629872800458,340.57500000000005,noise_injection,Medium
Back,0.024681,-0.046427,124.795,13.111,123.979,213.74763594663114,584.54,noise_injection,High
Back,-0.024775218484196365,0.11781123043420508,144.21369628508975,87.45283686322026,428.382,156.5,112.344,spoofing,High
Back,0.6582353322297951,0.11638846908627935,86.10768046184266,93.43610302308211,358.147,132.996,110.303,spoofing,Medium
Back,0.01942659146180259,-0.22427423671273017,25.668348863108893,-0.3039103148131932,479.508,135.761,115.823,spoofing,Medium
Back,-0.30904472046406484,0.12404861546110238,51.57799459609368,8.527824257045705,870.674,125.709,112.24,spoofing,High
Back,-0.4537135130127806,-0.12652045561039088,75.38883713563183,143.57335098491816,512.435,117.5,100.642,spoofing,Medium
Back,0.3384460257621134,-0.1981538023502605,252.4266707014805,65.17704858090472,700.761,114.096,103.935,spoofing,Medium
Front,0.39862515684955235,-0.07507806587549463,72.07899073588973,141.432398909798,960.836,134.078,115.863,spoofing,High
Front,-0.165440295953588,-0.09400862679213862,184.91898240844597,-41.58298193940453,284.787,108.825,106.821,spoofing,High
Back,-0.06872349405196371,0.15290552514983669,91.5611807067715,18.550650428849206,377.248,133.195,103.437,spoofing,Low
Back,-0.211916,-0.079793,129.246,5.736,956.76,165.09096892199722,335.658,noise_injection,Medium
Back,-0.24574913637584,0.1599712963925897,51.508366562293595,138.35816130082242,901.616,153.309,115.305,spoofing,Medium
Front,0.04468604584841612,-0.15891810755524802,20.234680783008255,-20.297306881397244,33.654,144.65,115.499,spoofing,Medium
Back,0.21875,-0.010098,68.329,21.04,543.664,188.43634683153056,599.75,noise_injection,High
Front,0.174082,0.000313,35.485,29.9,834.653,185.63085973278916,172.9695,noise_injection,Low
Front,0.228898,0.008582,25.426,28.324,822.033,180.94353626814143,305.39099999999996,noise_injection,Medium
Front,0.2450675334098053,0.15984569691608436,204.23206144057463,-20.96797611684323,874.61,149.961,110.426,spoofing,High
Back,-0.038339,-0.066356,194.965,25.196,738.767,185.28321508793243,517.245,noise_injection,High
Front,0.16372661309451747,-0.1558080332767255,181.44438978276906,-8.65609456693805,88.183,156.216,106.471,spoofing,High
Front,0.298388,0.023553,132.945,13.248,661.089,99.96305021226527,158.8125,noise_injection,Low
Back,0.3166273161691182,-0.10849857051847225,52.04028968135642,91.02347660715722,41.51,110.376,115.571,spoofing,Medium
Back,-0.4417786318143721,-0.26064913088248964,41.122198971411166,-26.97004914523174,74.022,126.28,112.94,spoofing,Medium
Back,0.227129,-0.010708,192.135,-5.109,389.097,154.74159167107365,160.1535,noise_injection,Low
Front,0.29700051537465744,-0.12509599937319063,90.67751206685382,69.20698188729926,176.262,140.199,102.299,spoofing,High
Front,0.168385,0.062056,73.3,32.473,696.844,295.30806031214183,565.71,noise_injection,High
Back,-0.25141929438891236,-0.11302691002970901,62.337581334192926,58.83533220209261,143.67,152.481,105.121,spoofing,High
Back,-0.04104933345923062,-0.10217371686024926,13.655723015706144,40.00558343675963,737.501,121.048,104.713,spoofing,Medium
Back,0.140162,-0.07493,114.54,5.019,417.079,198.89310517518226,353.34000000000003,noise_injection,Medium
Front,0.141717,0.054444,84.953,14.902,531.521,145.68241379959477,577.405,noise_injection,High
Back,-0.007171,-0.012695,50.514,17.696,951.217,85.88510431384755,541.79,noise_injection,High
Front,-0.034962,0.042787,185.138,26.524,321.998,238.1633120583274,502.475,noise_injection,High
Back,0.07119788506474362,-0.1079636283896962,121.98916902843415,23.20951074994199,494.601,140.508,111.378,spoofing,Low
Front,0.015641,-0.085713,31.044,32.332,937.591,154.3977547465679,178.2225,noise_injection,Low
Back,0.190271,0.059394,27.769,-6.823,517.072,142.9833828745918,539.9649999999999,noise_injection,High
Front,0.11362998060775609,-0.09283680170309637,192.42420520874342,22.85837440158414,762.922,105.765,119.714,spoofing,Low
Front,-0.031213,0.054734,143.081,18.491,338.838,123.74984611100187,522.62,noise_injection,High
Front,-0.15183,-0.000442,185.562,30.638,143.815,56.21804865632008,153.3795,noise_injection,Low
Front,0.079537,-0.043854,174.917,12.164,418.369,135.23132877450476,170.8365,noise_injection,Low
Back,-0.1905006944057157,0.06812373441548286,29.57873450033984,19.26951808517908,526.607,147.273,116.945,spoofing,Medium
Back,-0.23650397098578024,-0.13953009036481012,60.081291922701105,66.59926727727262,299.71,150.317,115.614,spoofing,Low
Front,0.266969,-0.081458,102.951,5.74,141.729,115.91471202414625,522.8199999999999,noise_injection,High
Back,-0.2758670443251355,0.03779555251086112,64.92007389295298,64.45622736459642,204.429,131.765,105.592,spoofing,Low
Front,0.3621798285861287,0.17265644960138088,40.65645542961379,34.567956417890066,698.388,159.112,108.495,spoofing,High
Back,0.17403747321922,-0.029147649429482607,86.85344125455993,118.84995056148556,33.598,128.909,110.934,spoofing,Medium
Back,-0.153866,-0.077328,181.383,28.554,699.196,168.44241149828616,350.769,noise_injection,Medium
Front,0.19403463630074053,0.09604775507505756,55.51804635866483,10.720983316499424,606.239,151.559,114.318,spoofing,Low
Front,0.132906,0.087168,152.075,39.189,354.248,199.84965931163623,353.874,noise_injection,Medium
Front,0.245105664420438,-0.1292608763107731,68.47310029236016,27.93814705023936,205.403,134.529,104.19,spoofing,Medium
Back,-0.17544961130571204,0.15359368536825943,266.4778968712007,174.62543466933954,413.116,158.012,112.766,spoofing,Low
Front,0.2849465044738506,0.23664293536304204,62.12535462452914,80.03827306566932,813.855,118.022,104.269,spoofing,Low
Back,-0.276938,-0.082829,22.206,31.514,61.064,120.59394766798044,329.577,noise_injection,Medium
Back,0.190718,-0.021972,109.983,38.519,380.741,109.78866467761993,350.69399999999996,noise_injection,Medium
Back,0.154736,-0.06553,196.41,4.245,729.584,70.45559554942254,545.065,noise_injection,High
Back,-0.3572001658075244,-0.1615515396515998,13.229357939696182,128.01136358084304,242.197,124.392,111.389,spoofing,High
Front,-0.22558,-0.009327,25.521,11.724,27.094,95.39744250623656,359.151,noise_injection,Medium
Back,-0.248654,-0.007787,45.919,27.896,493.31,189.20409697874535,157.70250000000001,noise_injection,Low
Front,-0.06173013232858332,0.16591665444509882,154.61755790630798,68.75154745965364,420.802,155.215,100.471,spoofing,Low
Front,-0.036863,-0.064884,163.532,4.307,173.998,191.71734121695152,555.77,noise_injection,High
Back,0.16389243208355359,-0.004151631577053092,103.07933377181705,18.87371736922755,531.212,120.778,113.384,spoofing,High
Back,-0.34986374919098306,0.037534373190026775,127.75132314918498,10.312196884711696,830.125,111.341,106.657,spoofing,Low
Back,0.103188,0.074126,89.342,10.964,459.654,56.83490681359161,169.473,noise_injection,Low
Back,-0.6114026815746461,0.022910974304027554,39.65079138406536,103.74040888336289,681.762,113.125,111.161,spoofing,Medium
Front,0.22718858338572084,0.11902262785034962,45.03512442563952,47.81021444899761,992.167,106.518,111.1,spoofing,Medium
Front,0.4849233754376431,0.049098988031224006,58.3438236026344,12.80804397199599,838.672,150.826,117.533,spoofing,Low
Front,-0.2054939800785764,0.10048203513814527,25.54645809147479,93.350174017538,654.744,150.279,102.382,spoofing,High
Back,-0.08217,-0.055516,44.392,6.318,612.111,106.93876701728188,150.873,noise_injection,Low
Front,0.16870405504680455,-0.23259423692508246,45.59148469065647,31.41519228188231,999.128,127.762,104.013,spoofing,High
Front,-0.056771,-0.078247,108.804,5.61,954.671,224.53217733378412,511.61,noise_injection,High
Front,0.24456558554026933,0.18710571774979404,56.23625823781441,94.45792217979869,744.149,131.062,102.882,spoofing,Low
Back,-0.585238629253907,0.12380631526782053,112.36601457923989,-5.886686095246459,224.598,101.481,102.193,spoofing,High
Front,0.34822004187013966,0.09467984532358047,170.31442659722276,-19.398854350391193,788.995,110.869,109.297,spoofing,Medium
Front,0.33139666748518826,0.1823267091626733,26.932746436602436,62.77310676546688,220.829,107.446,118.277,spoofing,High
Back,-0.004651,0.01763,176.602,17.467,102.832,159.52631679324404,341.493,noise_injection,Medium
Front,0.078361,-0.084022,39.503,-9.994,978.499,186.44767148666583,154.245,noise_injection,Low
Back,0.280618,-0.073001,28.776,25.459,284.676,93.4229739522025,303.531,noise_injection,Medium
Back,-0.5336289104281876,-0.047807146880655536,104.5458029924244,138.59179505544884,375.658,111.401,112.009,spoofing,Medium
Front,0.01615639430422898,0.25373937592190887,173.4992520843483,123.35630439758488,917.315,139.111,102.054,spoofing,Medium
Front,-0.206988,0.001207,96.69,34.046,892.075,101.12994711949507,163.8,noise_injection,Low
Back,0.3565000147395842,-0.10875068129729965,35.58840822009949,35.73776799111482,80.61,143.158,113.959,spoofing,Medium
Front,0.08340234619357584,0.17913326818332584,87.9708854142034,84.49748686852234,126.534,116.405,110.418,spoofing,High
Front,0.045831,-0.069364,61.108,27.775,125.275,93.77079095069755,552.1800000000001,noise_injection,High
Back,0.22942946351321258,0.17520000585584547,90.82051821507999,89.68710723022002,704.733,112.675,114.924,spoofing,Low
Front,-0.24015972332451888,0.1388705206649735,201.89359438469282,116.67404762048251,644.609,100.111,115.648,spoofing,High
Back,0.179556,-0.026475,62.096,-6.856,614.368,112.77299516802069,549.355,noise_injection,High
Back,0.287132,0.04034,142.239,-3.37,678.295,70.42820576163368,165.4515,noise_injection,Low
Front,0.205243,-0.044641,178.586,-6.436,706.19,224.67680614236627,356.17499999999995,noise_injection,Medium
Front,-0.004496,0.01371,182.368,20.676,656.86,164.4271842521498,349.10699999999997,noise_injection,Medium
Front,0.070551,-0.04237,20.457,21.043,632.481,168.50034543220485,359.292,noise_injection,Medium
Back,-0.20387304106348683,0.23992793213627722,156.65041049251462,2.031510486606481,454.005,153.244,116.154,spoofing,High
Back,-0.010412846496642064,-0.11266942748097919,167.4692637917825,31.592252016786567,427.987,148.621,112.648,spoofing,Low
Back,0.14202541005612002,0.12085767268304065,97.87259038106043,71.15185805264468,249.65,127.526,119.036,spoofing,Low
Back,0.00117183320049713,-0.16694690399369438,48.546539007192905,7.979863211670792,499.325,107.895,116.117,spoofing,Low
Back,-0.27604561882853856,-0.1544370760179996,100.73045290886057,3.97214670619353,361.075,103.079,106.809,spoofing,High
Front,-0.166892,0.0267,74.509,20.37,82.9,130.55582278742588,177.336,noise_injection,Low
Front,-0.4721292115180044,0.06889033428062641,199.26868413353967,-11.604817959489173,255.708,158.563,119.926,spoofing,Medium
Front,0.2744374631759048,0.03886427802769507,76.02394849194178,22.2807385502381,832.496,156.901,108.002,spoofing,High
Front,0.5777899992317961,-0.0672126634133398,32.34159140104852,22.044405613420402,798.983,114.335,113.162,spoofing,Low
Back,-0.18496053498108045,0.04871545186856803,152.94372923297783,56.6182873080679,570.944,144.539,104.253,spoofing,High
Back,-0.107961,-0.074804,47.647,25.797,679.8,244.1798497219602,304.392,noise_injection,Medium
Front,0.5763022722493297,-0.06239631943755908,121.8096942686881,137.31621736116023,412.157,129.848,110.706,spoofing,Medium
Front,-0.132116,-0.069241,101.956,18.297,143.548,123.70110381300246,151.272,noise_injection,Low
Front,0.23388312933551048,-0.08972784140650024,26.84657305779659,138.62071876984518,408.225,152.78,100.318,spoofing,High
Front,0.6754450406387476,0.012826631236069336,29.75261912454015,-8.152472201671557,872.737,141.084,118.106,spoofing,Medium
Front,-0.289648,0.09362,135.345,4.737,705.975,184.58014111939892,343.10699999999997,noise_injection,Medium
Front,0.573216565192163,0.05681897421236658,98.39483149207062,-0.6123868319073515,966.666,128.642,113.887,spoofing,Low
Back,0.2402261298516503,-0.08628143791151496,258.1575666773662,97.81099831962193,824.661,156.1,118.862,spoofing,Low
Back,-0.434697938098104,0.2037991158197352,106.99896631386598,141.5124479103113,565.425,115.797,113.069,spoofing,High
Back,0.06707728858063051,-0.1418689240083857,18.512145048645102,-16.629489341489627,742.198,126.402,119.861,spoofing,Medium
Front,-0.211293,0.056548,183.285,23.042,452.066,170.95236575071036,328.464,noise_injection,Medium
Front,-0.2679607679516255,-0.12335754506467658,218.7033179064987,32.07999959386271,872.145,107.471,115.129,spoofing,Medium
Front,-0.4675802004858833,0.10900654244820879,107.33832559726815,66.06320307867787,965.707,156.055,117.065,spoofing,Medium
Back,-0.037831,-0.015379,74.381,6.036,47.125,222.011394787952,356.277,noise_injection,Medium
Back,0.25009,-0.031033,156.661,31.947,453.522,263.4959673450089,316.72799999999995,noise_injection,Medium
Back,0.165451,0.055455,119.864,26.047,16.1,177.58361289781985,159.9315,noise_injection,Low
Front,0.4884839479086015,-0.2590721675369302,138.35280946693888,41.94202342843318,68.634,126.763,105.663,spoofing,High
Back,-0.07302,0.094011,152.547,27.383,352.159,194.2229594989764,314.385,noise_injection,Medium
Back,-0.187005,-0.085508,43.639,39.811,319.692,84.24922431813962,556.46,noise_injection,High
Front,-0.3402451434249322,0.22543930266091233,29.013294282599112,68.57709151250371,246.243,120.645,109.137,spoofing,Low
Front,0.184041,0.066988,162.786,27.928,198.414,159.31348643088592,554.9,noise_injection,High
Back,0.41541383727197356,-0.11334521137904671,199.01372754054054,86.57668863747513,227.684,125.815,111.084,spoofing,High
Back,-0.5835212432662151,-0.15112476471909075,145.27340783199378,72.75129747580354,478.484,146.998,109.83,spoofing,Low
Front,0.206275,0.065499,190.83,25.852,251.194,173.07460493936972,151.578,noise_injection,Low
Front,-0.040886,-0.046856,61.747,31.459,924.271,104.5265592682928,512.71,noise_injection,High
Front,-0.280428,-0.015468,78.372,-5.683,724.866,141.43352010842554,598.335,noise_injection,High
Front,-0.5114099557743643,-0.14621227749617152,189.9459068913034,-1.4296534165764305,471.877,158.937,115.1,spoofing,Medium
Front,0.2714738601761656,0.1129964749617768,21.489360019274628,108.43695065660181,368.696,145.639,118.39,spoofing,Medium
Back,0.026,0.019928,166.725,29.449,563.364,263.2530635549226,156.159,noise_injection,Low
Front,0.086088,-0.049146,125.189,22.313,543.299,170.7905955086209,514.46,noise_injection,High
Front,-0.4349110219432414,-0.1780015454109353,13.229936879628138,-11.59301808942961,753.749,155.399,103.29,spoofing,Medium
Back,0.179541,0.040123,193.708,36.893,297.714,110.25902227302844,587.74,noise_injection,High
Front,0.4833444644709483,0.12086173313905217,25.903250629097652,121.31069296711205,154.44,149.378,118.728,spoofing,Low
Front,0.30010146774001184,-0.0949462010715584,110.49975415576758,73.71553013924338,523.4,133.874,113.486,spoofing,Low
Back,-0.20501823283472104,-0.046401685624990655,197.7927342037961,76.78123639331582,213.999,117.856,101.749,spoofing,Low
Front,0.233964,-0.010801,94.024,18.07,307.649,169.2439098971388,161.6025,noise_injection,Low
Front,-0.036236,0.051776,194.305,38.642,865.898,169.03300079575138,508.36,noise_injection,High
Back,0.085483,0.098743,141.033,-3.981,49.124,240.66944623877822,164.823,noise_injection,Low
Front,-0.03088195935597801,0.07090366734167866,84.09545619760458,59.36151769977431,92.79,130.105,110.046,spoofing,Medium
Back,-0.064548,-0.077838,140.85,5.093,6.181,86.8596603747027,177.951,noise_injection,Low
Front,-0.163314,0.019785,135.726,29.123,319.751,101.60220053849558,155.05349999999999,noise_injection,Low
Back,0.299306,0.078697,117.876,6.05,399.67,205.12054024015558,546.755,noise_injection,High
Back,-0.102309,0.083385,60.716,20.241,2.259,270.64000548273407,178.4805,noise_injection,Low
Front,0.062239,0.061484,139.762,-7.707,831.951,201.329260306009,305.631,noise_injection,Medium
Front,-0.135015,0.088583,70.973,23.273,193.91,208.58224295188342,564.5799999999999,noise_injection,High
Front,0.008505,-0.018826,158.797,-1.865,277.19,107.20426866544226,535.98,noise_injection,High
Front,-0.290387,0.081568,174.291,32.899,694.625,116.63297448203582,150.64350000000002,noise_injection,Low
Back,-0.143515,0.096312,136.822,14.009,211.008,228.16149419816986,316.446,noise_injection,Medium
Front,0.108257,-0.031139,73.432,0.228,850.977,269.6098096493319,588.205,noise_injection,High
Back,0.12008608646754393,-0.20306972793437567,72.60668984500643,15.5871198621637,352.365,150.731,116.922,spoofing,Medium
Back,-0.6857911416709019,-0.03285464389025184,123.63947841713784,28.388573102164944,46.292,126.317,117.08,spoofing,Medium
Front,0.25110236332405356,-0.04618916649678409,181.48447481459033,-12.901280037488393,721.764,126.285,101.549,spoofing,Low
Front,-0.2998983460881646,-0.029194835327422758,199.1599443951555,63.81900426425987,491.365,141.497,104.935,spoofing,Low
Back,-0.23200842531265986,-0.07127396596756608,72.65381766724391,62.596813369901675,277.98,118.022,105.467,spoofing,Medium
Front,-0.08738141727531079,0.11759883968715405,268.55538879530195,17.567391110578946,196.549,159.743,112.654,spoofing,Medium
Front,0.6710145113752801,0.003261667516821304,49.3933771010179,113.87870430882971,817.867,119.484,100.61,spoofing,High
Front,-0.02939,-0.061886,56.374,0.618,950.634,91.35231366474365,175.4505,noise_injection,Low
Back,-0.34539738619575455,0.04850774571914762,181.33909700170688,37.23914004639378,990.156,154.504,116.812,spoofing,Medium
Front,0.005404,0.029572,63.166,10.924,351.591,169.56243794475503,315.699,noise_injection,Medium
Front,-0.165805,0.002353,70.256,3.391,590.366,289.50187201717824,327.798,noise_injection,Medium
Front,-0.31260308510449175,0.12513060402420595,176.5521425555681,16.689255815589338,421.53,113.725,102.242,spoofing,Low
Front,-0.104958,0.062,123.173,22.3,874.866,71.63361752007101,335.02200000000005,noise_injection,Medium
Front,-0.21311175282411327,0.2602014331946609,66.18384289962896,-2.965437026187095,324.39,133.722,118.699,spoofing,Medium
Front,-0.00492,-0.073778,105.329,35.092,106.055,264.2546646876345,314.949,noise_injection,Medium
Front,0.36127955887596463,0.040884875837090384,41.080789460858135,55.038364170976834,798.851,109.365,105.292,spoofing,High
Back,0.2116399549366128,-0.07373134192351785,142.71591643675805,155.83554831682758,831.774,133.262,105.217,spoofing,Low
Front,-0.03988260913881325,-0.11500559545544434,102.79469849265017,6.429329191101779,145.757,125.397,112.186,spoofing,Low
Back,0.141073,-0.069506,87.389,4.413,8.178,239.92791350200088,179.736,noise_injection,Low
Front,0.2586313929930865,0.28016417898051993,25.6371866954147,129.84535582203702,98.784,141.796,112.119,spoofing,Medium
Back,-0.43792708684382653,-0.14451853763473876,166.9590101182583,5.643418928505692,666.235,142.506,113.947,spoofing,Medium
Back,-0.15001976311194548,-0.2700415991489598,35.12397514406811,121.65009207177647,913.816,148.487,116.617,spoofing,High
Front,-0.034426,-0.058348,34.915,-2.905,8.75,85.26741694251905,163.059,noise_injection,Low
Front,-0.247189,0.00179,31.427,30.058,983.888,267.30390995485135,598.45,noise_injection,High
Front,-0.27128221892021775,0.13180755879409184,157.37064614113643,6.981706710528344,915.766,147.559,101.109,spoofing,High
Back,0.20277922470100607,-0.11501219066637935,142.50443394563447,88.22337546786957,969.399,137.356,102.436,spoofing,High
Back,0.19126564126749138,-0.05893304180227142,36.07857938686932,71.27543292200392,710.683,151.928,101.392,spoofing,Low
Back,-0.287508795681629,-0.06428689464670206,28.555433566350924,54.01016454663826,816.208,121.974,111.139,spoofing,Low
Front,-0.2826700351711427,0.05584085163823879,94.00582800567125,111.05537229123699,33.954,124.165,114.414,spoofing,High
Front,-0.07023210424372714,-0.04663818615497456,218.9178146313762,80.84801475388358,2.996,106.957,116.974,spoofing,Low
Back,0.0869592374277191,0.0984932362940729,49.08224013496616,55.32660588262935,229.94,124.491,101.31,spoofing,High
Front,-0.10663,-0.019764,99.222,8.576,415.984,211.84674227037502,351.528,noise_injection,Medium
Back,0.16912476674256932,0.18670822981071722,70.49573473926252,16.623396346636493,75.229,107.202,115.252,spoofing,High
Back,0.2853478668745138,-0.1494445544485199,123.28864229070858,-40.8922896033454,18.925,131.034,111.903,spoofing,High
Front,-0.112778,-0.030663,68.801,25.068,843.444,160.38199158015752,503.24,noise_injection,High
Front,-0.290097,-0.070138,150.382,3.65,372.365,152.35904201237872,588.125,noise_injection,High
Back,-0.22096228871787643,-0.14074730201526475,56.693345152830496,-19.92274730607436,930.364,100.845,106.723,spoofing,Medium
Front,0.47481847837287944,-0.015416223922498955,124.67108680271566,0.5447212716648814,605.255,111.332,103.109,spoofing,Low
Back,0.10291268483712873,-0.21360254948168345,86.00917545511014,134.09446259033697,193.617,117.256,109.246,spoofing,Low
Back,0.216735,0.04952,101.438,8.09,814.003,114.81215164576201,325.032,noise_injection,Medium
Back,0.35346746894299397,0.11337375394282627,127.92280217234304,64.5655168689155,505.37,113.526,104.577,spoofing,Low
Back,0.016341503341476493,-0.016324936543600257,195.37425487571488,81.89430035446716,712.438,115.044,101.779,spoofing,High
Back,-0.09566711349960197,-0.10455377709474944,68.9777353262454,75.35162477898602,321.525,100.618,105.617,spoofing,Medium
Front,0.22277051979127327,-0.11172996230396855,182.57098624144618,136.8001540548431,223.976,158.099,106.57,spoofing,Low
Back,0.026531,-0.073325,99.031,-9.707,73.225,92.70917991326193,325.15500000000003,noise_injection,Medium
Front,-0.49289261060177236,0.1395005810633279,40.24259809607723,32.05367573078978,958.53,132.017,111.237,spoofing,High
Front,-0.14313763870964666,-0.2019140327597221,18.277919882317345,86.61055252695773,708.134,122.131,103.868,spoofing,High
Back,0.191183,0.078013,90.14,37.548,761.705,263.2900033374295,177.79500000000002,noise_injection,Low
Back,0.7631557704441525,0.18054883473259528,100.75063170083865,-26.172717170392023,823.647,102.343,113.335,spoofing,Medium
Front,-0.0024081189395735447,0.018818002727250746,152.47547040968678,7.599142312638284,523.401,109.504,115.953,spoofing,High
Back,-0.29030737036143484,0.04675792371598601,247.37273385356045,82.71156040008603,170.975,141.595,111.503,spoofing,High
Front,-0.256288,0.055343,145.709,24.541,533.74,128.7107249930633,530.385,noise_injection,High
Front,0.155247,0.002165,92.963,24.293,579.951,91.5940654666573,590.685,noise_injection,High
Front,0.04282,0.042645,109.764,18.724,962.225,130.09467810866514,317.11199999999997,noise_injection,Medium
Front,0.104909,-0.098276,34.505,37.82,946.551,150.3194418431713,173.92649999999998,noise_injection,Low
Back,0.11875089046741785,0.04294611613983637,124.09874401104591,3.765650081894158,760.389,113.315,117.774,spoofing,High
Front,0.136079,0.031541,98.136,-9.672,785.694,167.66950200472158,169.179,noise_injection,Low
Back,0.29437578640890394,-0.16910466578998687,44.671521311945106,57.197411385266314,227.648,108.053,107.42,spoofing,Low
Back,-0.6771062629806934,-0.006058931312092151,156.9317583889087,-28.954480355122413,399.114,117.368,101.713,spoofing,Low
Back,-0.1108183884594186,-0.2203205641242433,104.32006104646513,35.97762237432236,385.209,136.338,100.101,spoofing,Low
Front,0.016105,-0.006758,174.803,16.183,350.471,93.70757912591546,599.145,noise_injection,High
Back,0.025056236903322787,0.19639568868601814,71.90046534228935,72.17285874053387,875.079,124.91,103.122,spoofing,High
Back,-0.227126,-0.094493,90.79,0.95,783.641,233.83728249030898,586.545,noise_injection,High
Front,0.06600144968409513,-0.07544442044944254,137.01005871282348,-6.952467316222648,454.79,134.568,106.292,spoofing,Low
Back,-0.061728,-0.073935,91.908,13.91,472.599,146.54141440414676,545.835,noise_injection,High
Front,-0.6179918776743708,0.2150694044022875,162.84552251349982,11.04006155861511,317.4,119.589,118.238,spoofing,High
Back,-0.017399,0.002573,43.937,6.481,906.676,181.43598560818535,331.119,noise_injection,Medium
Back,-0.228611,-0.037762,131.034,21.112,228.658,148.18641024100975,314.211,noise_injection,Medium
Front,-0.42490249007029474,-0.09099258589698382,19.414016358728105,79.29537717154365,933.792,105.826,116.422,spoofing,Low
Front,0.269973,-0.042541,196.468,-8.996,666.051,173.1175487402002,359.178,noise_injection,Medium
Front,-0.011563,0.014604,141.253,37.984,112.125,169.4484537826438,172.878,noise_injection,Low
Back,0.263183,0.091371,71.611,2.073,230.586,176.57897330008637,581.76,noise_injection,High
Front,0.009184,-0.091559,127.083,34.863,428.26,156.56955657200785,566.9100000000001,noise_injection,High
Back,-0.120948,-0.052678,61.191,8.084,44.926,129.47336758493188,158.42849999999999,noise_injection,Low
Back,-0.24998249440643594,-0.18461180270334063,139.8484350915426,78.93627855567044,988.752,138.919,102.114,spoofing,High
Front,0.077116,0.010318,62.519,32.902,704.784,195.30639691561524,175.746,noise_injection,Low
Back,0.11933115679038245,0.07098708181457454,35.19540164081136,1.574818695104387,772.305,105.948,106.635,spoofing,High
Front,0.077409,-0.076986,144.883,33.417,744.533,210.65990752675677,159.1575,noise_injection,Low
Back,0.206622,0.01795,47.286,24.914,284.698,108.73339772693679,536.365,noise_injection,High
Back,0.129231,0.089685,73.49,21.449,281.993,233.0975892731733,152.973,noise_injection,Low
Back,-0.218626,0.093079,119.415,19.788,918.647,148.5772464940657,306.033,noise_injection,Medium
Front,-0.086697,0.030543,30.152,15.37,109.997,144.40868547941344,172.809,noise_injection,Low
Back,-0.267834,0.067388,154.236,23.197,749.103,136.41970622890116,320.301,noise_injection,Medium
Back,0.4723096756733327,-0.21721322154687084,265.9021705170485,70.6113884950139,31.309,117.852,113.153,spoofing,Medium
Back,0.269748,-0.042768,158.199,16.907,243.138,133.1556040152276,331.94399999999996,noise_injection,Medium
Front,0.00187,0.019343,54.606,20.801,817.999,86.81206906579614,335.205,noise_injection,Medium
Back,-0.003529,0.015652,159.858,19.806,453.469,210.5318388874561,173.3055,noise_injection,Low
Front,-0.47470854332061485,-0.08061469322272304,81.55393538779805,57.26623960105632,368.038,137.338,104.461,spoofing,Low
Back,-0.5195581185023777,0.05171734528987813,108.46107212121467,105.15210123373237,178.071,144.787,108.252,spoofing,Medium
Front,-0.12055336830900193,0.05680568345087118,53.47757498382168,-11.373440580325894,773.554,124.436,113.514,spoofing,Medium
Back,-0.7095042012083499,0.20464304030016234,62.73351659652461,18.530875733077746,175.857,146.026,106.936,spoofing,Medium
Front,0.180415,-0.045598,24.608,-1.675,262.722,136.84358451252294,549.09,noise_injection,High
Back,-0.172396,-0.040593,185.869,19.526,390.75,131.53774367610959,153.44549999999998,noise_injection,Low
Front,-0.20664708643987284,-0.06819116505434604,26.56251715834119,41.86940351420516,490.683,113.639,103.744,spoofing,High
Back,0.264928,0.09268,33.901,5.584,256.205,207.1955574082798,166.497,noise_injection,Low
Back,-0.098212,-0.028449,41.459,5.286,809.245,160.44182737097532,563.755,noise_injection,High
Back,-0.03846806314176174,0.14892086746973046,57.067547943522484,171.12732370995457,929.59,158.407,100.639,spoofing,Low
Back,-0.076083,0.047418,94.43,-3.413,824.588,184.1985233995123,164.1585,noise_injection,Low
Front,0.083027,-0.072552,131.159,-5.135,777.442,108.28484126157814,355.914,noise_injection,Medium
Back,0.069419,-0.048539,187.628,18.516,940.593,77.39041240943408,305.883,noise_injection,Medium
Front,0.181989,-0.055081,132.208,14.407,544.13,130.44906391910615,591.075,noise_injection,High
Back,-0.085114,0.034802,120.352,1.122,608.369,240.1108430412034,349.92,noise_injection,Medium
Back,-0.5902187403751991,0.10443872633887048,128.43527482847756,148.33164732441523,995.361,116.709,114.495,spoofing,Medium
Back,0.6281795661303664,-0.09024174164015203,185.43889000749311,43.08371973070088,345.253,135.929,117.076,spoofing,Medium
Front,-0.204038,-0.078323,61.314,14.721,810.734,64.67062290833218,175.53750000000002,noise_injection,Low
Back,0.266934,0.01168,155.67,5.315,802.3,145.8574279947958,179.02499999999998,noise_injection,Low
Back,0.27989973077185626,-0.11724169527580372,128.9525989621886,161.96086754892548,945.117,131.068,111.39,spoofing,High
Back,-0.44941206820448165,-0.2429230762510871,97.89557683542898,36.819365472187634,583.838,119.969,111.675,spoofing,High
Back,0.2061540693505705,-0.18354311412902616,40.52003663387715,18.580242195913605,800.115,104.217,107.388,spoofing,Medium
Back,-0.290562,0.075052,103.075,7.359,815.494,280.59558947815304,352.413,noise_injection,Medium
Back,-0.079705,-0.051195,112.549,19.631,632.814,121.65699704947042,177.111,noise_injection,Low
Back,0.248112,-0.075918,122.516,16.294,372.317,182.81637613866363,534.7099999999999,noise_injection,High
Front,0.03064473482578106,0.1615953251160548,81.9816016496941,108.51899313294584,337.04,118.664,110.122,spoofing,Medium
Back,0.3077165747858884,-0.21276333337161724,20.875807500967866,104.55987332573507,499.378,130.739,119.121,spoofing,Low
Back,0.5719542585544642,0.13017976792143693,128.16638717717433,142.69393180674288,709.261,142.785,109.104,spoofing,Medium
Back,0.13666769581721036,-0.0945960085258184,90.16722615619777,-12.997085205899294,734.124,143.449,104.439,spoofing,High
Back,-0.02308736613285195,-0.12431099193210321,152.2038238630725,84.3727775007766,472.767,136.025,115.832,spoofing,Low
Back,-0.18855,-0.051702,122.281,17.39,105.254,138.61971796970164,590.105,noise_injection,High
Back,0.29638381694983684,-0.05481080517995111,121.78393288184238,75.08245519032363,363.402,103.129,103.029,spoofing,Medium
Front,0.140101,-0.041353,188.041,0.875,661.404,156.9821586593005,526.58,noise_injection,High
Back,-0.3724307496500026,-0.059487856010031925,113.85618624890913,67.87572141796416,286.436,134.865,106.623,spoofing,Medium
Front,-0.15127820683365703,0.12125884324527585,46.729335650699916,77.87365310697078,125.661,138.574,115.565,spoofing,Low
Back,-0.31088496299729157,-0.028282260419009803,87.56385410456143,143.89324291026884,220.227,106.701,104.538,spoofing,Low
Front,-0.182235,-0.071795,140.736,14.209,711.012,226.42686052373088,339.60299999999995,noise_injection,Medium
Back,-0.268328,-0.014662,199.697,17.791,419.893,103.45077192264728,558.3149999999999,noise_injection,High
Back,-0.17775909313921595,0.15636878310625363,29.186147059025625,129.31742031414782,501.57,131.476,113.804,spoofing,Low
Front,-0.46010208121118035,0.24294111919762018,88.28549205166004,4.1023598380617985,524.153,142.635,112.011,spoofing,Medium
Back,-0.35867338689973133,-0.22263959122289775,168.4348777911635,38.2530372654136,636.554,100.97,115.44,spoofing,High
Back,-0.42315561600849394,0.1490208256499474,97.41347915241691,101.61777799947738,251.037,146.928,101.402,spoofing,High
Front,-0.548022262432081,0.06017654784979917,49.322854127859664,44.62081176808839,584.312,121.335,115.344,spoofing,Medium
Back,-0.2650749141120497,0.08903201414431225,155.00231050177504,113.90942605253969,408.44,120.206,119.799,spoofing,High
Back,0.151766,-0.091219,44.77,26.972,652.301,256.0693955624519,323.379,noise_injection,Medium
Back,-0.250771,0.074946,103.258,39.594,347.044,95.18372110001518,552.875,noise_injection,High
Front,-0.19310691387164036,0.07197585751072243,87.63745527805615,103.6732882722484,374.541,130.257,112.856,spoofing,Medium
Back,0.281384,0.015962,168.592,12.107,151.762,96.03003509828132,166.68900000000002,noise_injection,Low
Back,-0.155419,0.036304,51.712,23.24,945.049,165.94913967554092,332.55600000000004,noise_injection,Medium
Front,0.078794,0.057643,73.549,-1.832,406.321,138.3954090605602,175.9245,noise_injection,Low
Front,0.32255822189901634,-0.15248997806286796,103.90458055116915,58.65375824272496,122.468,135.518,118.477,spoofing,Medium
Back,-0.233445,-0.085421,110.02,0.694,801.377,161.79442627714604,170.5605,noise_injection,Low
Back,0.250369,0.099074,55.459,36.29,725.349,168.75169836501217,336.552,noise_injection,Medium
Back,0.1087471293930179,-0.03415937373388281,108.19421377864015,58.72127299108242,863.758,136.548,116.116,spoofing,Medium
Front,-0.2674565705360906,-0.03237037649939305,96.77635815579404,158.19991581658704,286.056,100.005,102.528,spoofing,High
Back,-0.39471959549396557,-0.1185096664057759,29.733628779158643,107.54495098999473,19.892,134.238,112.951,spoofing,Medium
Back,-0.40579559293865086,-0.026105600310456736,127.5297521590335,38.442064814554506,509.798,103.055,106.15,spoofing,High
Front,-0.31056553285971267,0.2676791420481459,41.17230511183711,86.39252677742178,227.24,154.61,114.928,spoofing,High
Front,-0.7180744756479346,-0.006558683335640185,153.38635699190988,85.5759255975349,975.06,126.822,110.316,spoofing,Medium
Back,-0.217353,-0.016761,70.726,10.633,779.318,195.5885163929556,339.078,noise_injection,Medium
Back,0.09303161435560778,-0.21594398173411006,48.53082034299765,128.35744403904593,592.185,128.89,101.206,spoofing,High
Back,-0.127811,-0.092994,139.826,34.57,441.257,80.14747888786854,351.81,noise_injection,Medium
Back,0.2315024458504525,-0.014460006954661916,114.80289386320564,-32.65752682540843,32.867,136.56,108.198,spoofing,Low
Front,0.069339,0.019281,166.265,18.779,600.089,228.49001821515756,303.84000000000003,noise_injection,Medium
Front,-0.02715,-0.087157,48.989,37.01,819.002,182.62673554308546,306.75300000000004,noise_injection,Medium
Back,0.117085,0.00525,190.91,38.324,211.083,87.48642076448238,168.9975,noise_injection,Low
Front,-0.12172964658549665,0.1869415315787281,148.43248637063556,58.025276526252135,787.407,103.959,104.64,spoofing,Low
Back,-0.188132,-0.08588,71.575,-5.14,138.173,135.52690740473818,174.141,noise_injection,Low
Front,0.075462,-0.006321,65.689,19.772,489.877,225.959387438332,159.7275,noise_injection,Low
Back,0.071865,-0.077168,165.226,16.493,94.815,235.27012673948863,561.47,noise_injection,High
Back,0.256861,0.042244,73.486,-3.414,35.961,141.96935400356406,171.834,noise_injection,Low
Front,0.231417,-0.007603,190.518,-9.323,555.582,82.53915997870384,539.785,noise_injection,High
Back,0.168356,-0.060353,24.767,25.173,890.425,93.05592339304647,311.69399999999996,noise_injection,Medium
Back,0.2173124543560081,-0.03830866991679828,102.00962692478417,22.766514935265832,403.824,134.109,104.946,spoofing,Medium
Front,-0.20514700475473224,-0.03494787483174225,161.47293796948796,89.26657106077828,964.953,155.639,119.048,spoofing,Low
Front,0.2215036020841283,-0.0647600286645525,147.95819106021807,71.0369350925519,659.333,121.346,109.91,spoofing,Low
Back,0.106135,0.07578,29.933,30.469,729.008,170.08064395362385,302.292,noise_injection,Medium
Back,-0.06299796749367204,0.041431556665626784,47.27475608788705,6.180682017731917,734.816,114.021,108.399,spoofing,High
Front,-0.059999,0.085025,126.319,23.807,12.56,75.7516617034592,553.125,noise_injection,High
Back,-0.2911811074756354,-0.1502940982439648,100.17122244568189,92.48256632865471,155.755,112.458,104.933,spoofing,Medium
Back,-0.148394,0.009029,132.932,16.469,707.907,206.85702258094267,150.333,noise_injection,Low
Front,-0.06601624928763639,0.032274048355825,62.191498141299185,72.48867753945879,366.774,135.945,108.605,spoofing,Medium
Front,-0.131999,-0.087536,172.936,29.165,57.68,204.93769192268417,354.354,noise_injection,Medium
Front,0.229073,0.088695,117.268,4.584,437.229,207.60612075121114,178.3905,noise_injection,Low
Back,0.039882,-0.017633,150.097,14.429,57.893,242.83478345815217,503.03499999999997,noise_injection,High
Back,0.026851,0.046241,34.279,30.897,343.25,189.7851805553399,300.222,noise_injection,Medium
Back,-0.6460452806228527,0.04171054189762296,66.39834929551718,114.0027932813629,590.343,113.839,117.844,spoofing,Medium
Front,-0.298867,0.065945,126.913,23.3,807.471,57.30924703878024,332.418,noise_injection,Medium
Back,-0.3582234160522142,0.13317005851868802,57.65747516815088,23.95895175890297,42.343,103.56,118.52,spoofing,Medium
Front,0.059863,-0.052915,70.335,33.305,489.969,156.17611977522583,546.835,noise_injection,High
Front,-0.208459,-0.097655,40.543,12.312,443.451,158.98755207018263,165.8115,noise_injection,Low
Front,0.2616263955506812,-0.25727298901240325,104.04215896350188,0.55035766371612,206.961,126.341,107.896,spoofing,Medium
Front,-0.024077,-0.009891,40.389,29.871,64.6,116.87079438657577,530.3349999999999,noise_injection,High
Back,0.6765336408595648,-0.26960112345372556,144.30817598479467,97.45375455840502,759.718,103.891,114.131,spoofing,Medium
Front,-0.01890931869465942,0.046966418585815635,30.97615371129988,-7.634821830460488,177.964,122.839,109.218,spoofing,Low
Front,0.046416,-0.037742,91.6,19.659,434.342,129.51676937749417,173.46,noise_injection,Low
Front,0.202627,0.004241,104.517,-6.641,2.821,244.93161015362057,562.2950000000001,noise_injection,High
Back,-0.5603553631767534,-0.12330622401255902,185.97599251072702,43.156523942095475,349.415,139.094,111.03,spoofing,High
Front,-0.26100635847397546,0.15919243877118877,17.015098315587558,80.84785181130272,172.604,117.144,116.526,spoofing,High
Front,0.2780900270814577,0.1287280268025625,231.4415353741771,107.40366515819292,208.278,108.642,100.677,spoofing,Low
Front,-0.086536,0.015079,127.132,-3.127,907.415,89.19322642493387,177.5145,noise_injection,Low
Front,0.6390582883903121,-0.008055178434724738,175.3888456096004,137.08039979499165,832.556,116.877,112.404,spoofing,Medium
Front,0.036399,-0.039534,157.61,15.259,505.054,182.34697008983883,500.94,noise_injection,High
Front,-0.085205,-0.092739,64.246,36.136,979.014,211.8892122803545,556.45,noise_injection,High
Back,-0.27980602091293416,0.07072156829505447,29.774723774136547,31.67928545472583,543.58,116.963,113.783,spoofing,Low
Front,-0.251392,0.028533,56.458,25.028,101.949,77.40775283310887,566.25,noise_injection,High
Back,-0.06052,0.055633,182.482,-6.902,95.713,71.97689337701607,542.24,noise_injection,High
Front,0.083479,-0.076831,167.545,1.951,488.74,125.06059268735426,153.1905,noise_injection,Low
Back,0.174157,-0.007354,92.568,13.476,128.281,110.72659066493244,551.5999999999999,noise_injection,High
Back,0.145291,-0.05448,113.398,36.28,175.767,174.0955650529761,162.873,noise_injection,Low
Back,0.20300384433875887,0.031004344388867205,31.354878700091756,152.06222459374158,897.323,127.282,111.145,spoofing,Low
Back,-0.254043,-0.094062,112.592,15.845,932.922,185.7303347897476,578.775,noise_injection,High
Back,0.021463,-0.037819,69.325,12.348,75.214,143.30437049815967,160.0125,noise_injection,Low
Back,-0.45109322575935673,-0.10878418957055228,93.861251902677,190.64298661507965,165.35,137.434,102.202,spoofing,High
Back,0.5368454614886023,0.012953006110050042,67.77046522069548,56.13347614937393,959.17,120.309,113.194,spoofing,Low
Front,-0.175603,-0.068069,144.648,21.287,276.847,178.12268111482837,309.021,noise_injection,Medium
Back,-0.17645142075112624,0.08666046597721483,28.267327486820843,133.93380523194887,408.828,115.212,117.021,spoofing,High
Back,0.0457,0.029752,32.557,11.604,922.791,209.87375776369416,162.5655,noise_injection,Low
Back,-0.4625531368343279,0.02732544348730745,68.98510190744474,114.6039647152079,353.084,121.572,113.236,spoofing,Low
Front,0.100442,0.078979,101.042,-4.962,871.16,234.84240815500658,357.087,noise_injection,Medium
Front,-0.5451053077786905,0.06285566824400432,144.89998700420998,146.76300848884495,886.836,106.966,106.856,spoofing,Low
Front,0.13728899352806032,0.013554205401737199,20.478567037776596,61.26627535823281,586.444,123.101,116.891,spoofing,High
Back,0.6261165826150107,0.08445277555645658,43.091640868360024,30.408777250658332,986.873,136.062,119.177,spoofing,Low
Front,-0.186683,-0.003555,181.406,-3.444,778.218,71.40480160423544,175.72500000000002,noise_injection,Low
Back,-0.212216,0.052243,180.716,24.892,197.139,242.20498091810987,306.741,noise_injection,Medium
Front,-0.06094207178577399,-0.04477825509958433,63.748816590410165,168.73380658046378,359.822,144.699,119.482,spoofing,Medium
Back,-0.2998324362536215,0.09083279317287052,92.86519239999411,8.849145882813495,282.184,144.336,110.639,spoofing,High
Front,0.136356,0.021209,161.078,-9.354,22.115,153.86038617063613,165.6225,noise_injection,Low
Back,0.41845459440997257,-0.16868451069140508,107.90021358156484,13.153600443537426,15.086,148.35,116.857,spoofing,Medium
Back,-0.043668,-0.098719,79.992,19.484,347.925,237.04230462170582,157.068,noise_injection,Low
Front,0.013521,0.076999,46.852,16.823,58.484,83.66540737296201,589.39,noise_injection,High
Back,-0.5031867736630069,-0.02402184160329634,114.47242294856667,27.66325203614687,994.962,130.771,117.051,spoofing,Low
Front,-0.07692239690737718,-0.06519910952433725,90.70060622632617,40.36982031211703,307.223,147.119,110.004,spoofing,Medium
Front,0.11566134826564073,0.09431709042990877,102.24462200577283,-34.95815384448005,902.271,149.447,105.879,spoofing,Medium
Back,-0.008567,-0.047281,181.253,14.549,416.423,148.57565181775377,523.485,noise_injection,High
Front,-0.098728,0.068246,128.205,3.412,711.47,164.3032338911297,578.835,noise_injection,High
Back,-0.3945936191911366,-0.12164675859935423,22.527052889816346,29.80925746446172,601.228,118.104,103.629,spoofing,Low
Front,-0.142081,-0.090674,169.007,36.887,779.56,261.6424862438535,347.45099999999996,noise_injection,Medium
Front,-0.35865782228538323,0.10199390577866309,126.17056808963322,62.14549342238712,54.807,115.628,105.608,spoofing,Medium
Front,-0.23167875537985838,0.13944478368614938,185.33231786361594,56.47862927964576,131.919,104.166,111.922,spoofing,Medium
Back,0.186182,-0.098811,183.383,2.634,382.298,109.40240599887191,303.34499999999997,noise_injection,Medium
Back,-0.11050385913808307,0.15787469277710137,201.39026810694065,131.49755272294885,98.937,117.344,100.724,spoofing,Low
Front,0.198185,-0.031292,193.33,5.372,461.407,278.103687708222,165.192,noise_injection,Low
Back,-0.170502,0.024242,140.84,36.2,193.369,102.57716339807482,171.036,noise_injection,Low
Front,-0.36178625220270005,0.12060478504668962,156.99031899698153,58.76367517839553,956.085,144.659,106.444,spoofing,High
Back,-0.05138372471753204,-0.0070485052691396655,53.617230438314294,18.58168382766602,61.154,155.294,109.688,spoofing,Medium
Back,0.5015191568332646,-0.0002819381769117932,44.654371958635004,9.022539724233544,728.522,146.107,116.474,spoofing,Low
Front,0.164545,-0.099675,115.568,34.113,821.054,96.19662615452538,556.875,noise_injection,High
Front,0.062114,-0.097821,88.743,-3.383,811.73,186.89492899095424,155.8845,noise_injection,Low
Front,0.067564,0.058165,80.771,19.429,19.155,187.6333342751158,154.00799999999998,noise_injection,Low
Front,-0.290209,-0.095165,66.746,34.897,703.656,85.8346408864616,526.415,noise_injection,High
Front,0.45840389087955047,-0.05927254159250206,74.88210765777747,56.79612542245978,254.104,123.673,110.749,spoofing,High
Front,0.30015540566961796,0.090560411894844,261.2637311251429,-27.493063916380425,661.649,131.394,104.906,spoofing,Low
Front,-0.4768125552412292,-0.1654549424979384,25.716004758963553,99.84443938338369,197.427,147.138,115.893,spoofing,High
Back,-0.17734113615427435,-0.10179548847951418,19.89137187773866,48.05976057883462,461.091,154.757,105.432,spoofing,Medium
Front,0.11267226821817145,-0.003770292969650882,82.1413244364564,-2.015243501528511,900.415,155.541,105.417,spoofing,High
Front,0.28809415454327447,-0.0015299602814732374,101.5756771533833,55.11770532979405,282.218,102.957,118.879,spoofing,Medium
Back,0.053391,0.083521,173.784,21.57,895.544,151.909875518585,161.9175,noise_injection,Low
Back,0.1608576033644476,0.053633821493899794,86.19593151506933,98.8158335857795,154.976,144.02,105.672,spoofing,Low
Back,0.139517,-0.07207,29.119,38.407,869.885,160.18595842748965,349.278,noise_injection,Medium
Front,0.31762453844083016,0.041885061606486154,64.92494793116107,55.9722586810596,816.833,111.566,118.236,spoofing,Low
Front,0.043341,0.088468,100.499,19.431,577.417,172.49041982414704,337.788,noise_injection,Medium
Front,-0.007366018734025287,-0.1428006257824334,85.7142207826288,-0.5550322047937822,842.171,112.483,104.162,spoofing,Medium
Front,0.5465894040598269,0.17141507640747206,136.983250069316,83.1344385398862,930.087,106.543,117.092,spoofing,Low
Back,0.052731,-0.066094,33.66,9.414,183.512,246.92131430587986,302.409,noise_injection,Medium
Back,-0.04151268451650211,0.10092440830037644,73.75484887161711,16.200578641532395,941.995,131.185,104.074,spoofing,Low
Front,-0.027704,0.063744,136.735,29.196,166.523,234.47266940710597,549.945,noise_injection,High
Back,-0.19215703935897482,-0.2252396717976207,146.38857628688953,20.152857104974174,406.318,159.132,110.062,spoofing,Low
Back,0.05537722584227102,0.0338980637559787,63.237347371482436,-1.730491386311253,808.59,116.263,114.073,spoofing,High
Back,0.18673,0.079101,134.925,15.393,182.661,303.25890952778593,358.94399999999996,noise_injection,Medium
Back,0.296531,-0.044069,144.59,9.051,99.398,202.4345113902399,340.581,noise_injection,Medium
Back,-0.18567157660883601,0.15735403189533115,45.58011920104844,110.31438841070833,301.288,149.4,113.949,spoofing,Low
Back,-0.41837502442048735,-0.1340980230179202,122.95481412454195,-34.009149618667145,15.548,115.495,106.484,spoofing,High
Front,0.05765874774770874,-0.11300246756565156,76.85685018520131,142.73008985037865,610.776,145.549,102.541,spoofing,Low
Front,-0.298657,0.03462,170.333,6.461,488.327,192.6884157645106,538.63,noise_injection,High
Front,-0.22131,-0.016117,20.079,-2.564,265.135,272.58673742025536,171.47549999999998,noise_injection,Low
Front,0.3168092843378526,-0.18135591413556115,156.1201761314314,-8.269357191283826,562.594,141.886,114.325,spoofing,High
Back,0.4061655362127717,-0.11290129634132252,74.28995475958338,156.82034711647484,482.015,134.022,110.244,spoofing,Low
Front,0.20075,0.005369,47.426,30.042,761.762,112.7925380390627,515.865,noise_injection,High
Front,0.024879,0.087132,90.0,18.37,212.653,164.12125903916763,504.03,noise_injection,High
Back,0.6859306135973576,-0.06768937244655587,37.201999049863154,3.041911145886175,765.413,122.765,104.314,spoofing,Low
Back,-0.198232,-0.093867,129.129,32.752,142.901,182.00463324781285,309.384,noise_injection,Medium
Back,0.6103143008980192,-0.19829557868560385,83.25760972435555,56.35052195409058,332.966,109.563,115.819,spoofing,High
Back,-0.328694900800472,0.09272971434375354,73.71405208585233,110.1734492015416,193.316,106.345,112.846,spoofing,Medium
Back,0.19145994677542807,0.13494018400015353,50.78801751767318,83.02493485075473,183.457,120.97,110.815,spoofing,Low
Back,-0.205725,-0.069172,68.501,23.972,27.649,93.34238053170438,515.865,noise_injection,High
Front,-0.121238,-0.011109,41.513,39.664,398.138,76.10672282632974,530.4,noise_injection,High
Front,0.242781,-0.046804,98.495,11.303,468.239,146.49301336488358,177.0615,noise_injection,Low
Back,0.253171,-0.044761,174.275,25.179,474.051,205.74119264435745,300.918,noise_injection,Medium
Back,-0.072405,0.093631,93.141,30.899,275.5,230.99845568682326,314.469,noise_injection,Medium
Back,-0.24041171623147095,-0.023045108141215513,46.828059881437945,-5.1226218639025065,791.964,101.796,108.419,spoofing,High
Back,0.133343,-0.075203,109.94,23.952,475.08,221.4354475075013,312.327,noise_injection,Medium
Back,0.280643,0.08206,26.602,34.252,125.476,196.27188561918263,524.105,noise_injection,High
Front,-0.4991663353561553,-0.07875673959951864,30.73720877648084,-14.313847033477787,455.661,128.48,113.448,spoofing,High
Back,-0.3511316767462248,0.04687087078883948,76.58900867245252,47.058371842538484,645.068,144.558,118.039,spoofing,Medium
Front,0.199917,0.073377,136.951,-2.513,149.777,56.77235742219663,166.665,noise_injection,Low
Front,0.08407487279382611,-0.016444621186546687,105.5090121224924,46.76607678385564,381.8,117.585,108.312,spoofing,Low
Front,0.10766923283370725,-0.15919139011524386,32.80126651569004,-23.507099608068582,884.617,112.714,111.923,spoofing,Medium
Front,0.158543,-0.024714,93.216,23.072,609.892,134.37958954083606,343.5,noise_injection,Medium
Front,0.5069681216214166,-0.03239426743735757,104.24648598898222,103.17044402492618,575.604,158.2,101.14,spoofing,Low
Back,0.4499029182839712,-0.130234583760311,57.929065558648574,9.449457853308141,549.036,101.865,100.527,spoofing,Low
Back,-0.206052,0.03134,141.061,14.266,56.015,125.36075932990494,301.119,noise_injection,Medium
Back,-0.45938313360549665,0.13433672600723395,81.07911172872264,137.66078124176846,26.35,120.148,100.623,spoofing,Medium
Front,-0.162858,-0.029677,118.772,30.453,888.262,111.81376419305062,527.425,noise_injection,High
Back,0.244388,-0.00113,54.267,14.614,617.961,225.6947286909459,314.4,noise_injection,Medium
Back,-0.272213,-0.073134,39.201,-9.69,801.954,62.32508006716264,310.344,noise_injection,Medium
Back,-0.246938,0.083062,64.934,-0.198,999.406,217.48351025361487,546.87,noise_injection,High
Back,-0.2857535582774387,0.16898451881007776,97.04981056371511,18.33743220859691,959.024,140.738,113.418,spoofing,Low
Front,-0.289885,0.031027,148.989,35.143,453.211,210.59323486616427,517.52,noise_injection,High
Back,-0.36970011234034017,-0.16714893829402927,254.38696142764982,97.49938155654111,815.344,115.746,118.083,spoofing,High
Back,0.045670003531448844,-0.1417913737123278,54.475861148898026,64.45906460532086,223.907,104.642,109.826,spoofing,High
Front,0.3240620125830271,-0.030595609338977786,24.331514823471444,109.24797423384916,734.632,148.789,107.677,spoofing,High
Front,0.43924285110141575,-0.19943923780738756,41.86735127116424,62.62877067976245,327.708,116.687,109.155,spoofing,High
Back,0.043114,-0.006804,184.445,-5.56,584.435,220.34038524426458,161.5365,noise_injection,Low
Back,0.04060042888589632,-0.12250152737321363,256.5291899807621,158.3436368546199,385.264,150.626,111.388,spoofing,Medium
Front,-0.02131,0.052695,125.128,9.983,562.553,87.23835509798093,172.4595,noise_injection,Low
Front,-0.005255,-0.088987,88.879,1.956,735.536,72.17122839920687,169.84050000000002,noise_injection,Low
Front,0.37565743705062077,-0.0392124879206168,214.14633951451458,-16.295696400873258,253.381,158.953,113.386,spoofing,High
Front,-0.007804,0.011458,107.67,21.488,866.673,292.87259247369553,561.475,noise_injection,High
Back,0.0573342961257948,0.05926997978074566,65.01198536857314,57.08082221416319,887.437,127.409,100.354,spoofing,Low
Front,-0.111808,0.03094,66.235,14.754,810.947,233.6162943300765,152.4615,noise_injection,Low
Front,0.173274,-0.091109,145.432,32.371,138.732,92.47553740131607,501.935,noise_injection,High
Front,-0.4199586432259357,-0.020453945647563657,29.51634961872134,-25.118396412574317,703.301,139.197,105.29,spoofing,High
Front,0.033942,-0.044929,69.368,25.263,743.506,95.23058364715374,351.44399999999996,noise_injection,Medium
Front,-0.268353,0.097169,169.815,-2.725,948.719,146.34157059496468,358.173,noise_injection,Medium
Front,-0.057884,0.082203,65.259,-0.743,247.178,181.82864708132183,166.4715,noise_injection,Low
Back,0.178965,-0.04144,182.042,34.583,215.634,207.2959605474288,151.0275,noise_injection,Low
Back,-0.19254740909587093,-0.1324992870405297,240.7677682924148,48.60877234834262,215.998,127.392,115.772,spoofing,High
Front,-0.18186565899909987,-0.018691948022770966,62.652405757112724,135.92117660124728,672.787,111.523,103.864,spoofing,High
Back,-0.029785,-0.080384,104.756,5.271,758.456,209.7460227571351,552.445,noise_injection,High
Front,-0.06888,0.072989,136.388,26.293,837.503,84.45582020123332,302.42400000000004,noise_injection,Medium
Front,-0.283156,0.056767,163.296,14.025,76.715,173.2268527882818,349.605,noise_injection,Medium
Front,0.258221,-0.056527,108.319,4.187,539.679,191.34617777833745,163.6245,noise_injection,Low
Back,0.041638,-0.027679,166.625,7.32,20.661,146.7612169823499,358.87800000000004,noise_injection,Medium
Back,0.22661887183701673,-0.019939700855942925,88.65684975694643,50.47920967404475,198.86,124.915,117.497,spoofing,High
Front,0.310939270865263,-0.01465611301064626,70.54876646215838,117.29175242115514,417.977,118.145,119.876,spoofing,Low
Back,0.117129,-0.080474,114.607,29.972,260.763,108.6248792568661,348.555,noise_injection,Medium
Front,-0.46118822793545716,-0.05663963533785789,117.13890766661437,41.290349965810805,664.397,149.522,112.379,spoofing,Low
Back,-0.10821651848774383,-0.042876774855498664,116.49339295823071,17.207584623337247,567.446,119.87,113.209,spoofing,Low
Back,-0.32993186889296927,0.15812072265282037,204.61545152344013,62.501251177656414,76.361,125.627,107.57,spoofing,Medium
Front,0.134893,0.044063,80.438,29.91,788.057,299.1440656152956,597.19,noise_injection,High
Back,0.41558724111116746,-0.06222628609214616,166.29479914313532,98.43904105044112,128.254,151.017,115.028,spoofing,Low
Front,0.255293,0.071529,33.785,-6.164,353.664,89.71001729501387,164.94899999999998,noise_injection,Low
Front,-0.052047909936183856,-0.14667836007704024,170.49933974271798,93.30379585486574,579.0,118.909,109.4,spoofing,Medium
Front,0.255182,0.024153,146.396,0.704,207.23,119.2922886308322,158.37,noise_injection,Low
Back,-0.212418,0.009396,180.546,20.123,571.603,187.60538810360725,518.995,noise_injection,High
Back,-0.062895,0.007235,83.277,1.527,9.73,100.74994825823647,326.331,noise_injection,Medium
Back,-0.177551,-0.042677,132.287,-1.721,671.653,79.11207275989729,596.55,noise_injection,High
Front,-0.25866,0.082335,24.46,17.297,932.246,217.2831945480807,335.1,noise_injection,Medium
Back,-0.2839625208063088,0.11987626483306943,41.84824611991725,27.846904046785177,517.447,103.855,117.056,spoofing,Medium
Front,0.3789370935535441,0.12828709264769422,94.71303575036,48.577347984411425,49.211,156.34,108.441,spoofing,Medium
Back,0.25625975635003656,-0.01297909201026682,46.89403721042558,119.00555214420258,277.281,100.999,105.179,spoofing,Low
Front,-0.260428,-0.021682,135.097,-2.413,677.123,177.26168579981618,161.334,noise_injection,Low
Back,0.060276,-0.00781,102.768,24.614,279.103,225.4176007437315,334.347,noise_injection,Medium
Back,-0.10828288601136749,0.2275101575942709,63.99807696172831,8.695045180271876,226.867,113.154,105.559,spoofing,High
Front,0.0443155913821571,0.053016446691216426,125.42774856061939,22.26630919029121,387.57,104.596,115.597,spoofing,High
Front,0.553956446366674,-0.006857645977886434,174.85801135705805,21.47358146135364,432.806,103.843,114.681,spoofing,Low
Back,0.13042879581438288,0.055518560731814576,135.31478612654286,74.76130364740976,965.517,134.183,101.037,spoofing,Low
Front,-0.017971,-0.054417,127.742,37.537,139.178,146.8683603800443,579.6500000000001,noise_injection,High
Back,0.102293,-0.043313,157.538,24.807,533.347,165.78720756814334,530.085,noise_injection,High
Front,-0.7025951151863333,0.02346205580334451,183.32739199719134,94.08991374951383,102.678,127.113,104.322,spoofing,Low
Back,-0.3017633581360533,0.07650463889104098,130.29112492418523,-28.120364579419274,319.178,101.067,107.404,spoofing,Low
Front,0.028739,-0.078881,197.737,-5.548,138.174,119.77202838123887,157.60649999999998,noise_injection,Low
Back,0.2651767133192847,-0.02250403620823884,48.15859060232802,109.84241336596317,939.927,125.99,100.313,spoofing,Low
Back,0.5020292193655514,0.014745509774536517,41.83395161439669,108.59451784406066,509.58,142.062,117.191,spoofing,Medium
Front,-0.008401,-0.040756,153.56,18.335,178.639,144.02876250580525,166.404,noise_injection,Low
Front,-0.2782854381547139,-0.024247858020806257,44.37843569978386,91.99433509459601,485.302,153.751,119.52,spoofing,Medium
Front,-0.0025332303835967074,0.008103778821939286,246.56789707500562,27.44815627865196,813.202,127.002,110.27,spoofing,Medium
Front,-0.11899368308414177,0.08763753053464221,157.37566756200312,-7.801675313307246,156.388,116.522,116.339,spoofing,Low
Back,-0.5171182498010434,0.11299012398943237,67.30237116793518,69.26424304555373,834.288,108.76,113.492,spoofing,Medium
Back,0.137128,-0.043543,92.785,23.836,395.737,121.82212463573703,531.5849999999999,noise_injection,High
Back,-0.6165242802441415,-0.12257236602822784,14.205622300704794,74.05990877707133,781.83,140.68,103.873,spoofing,High
Front,0.031616,0.026951,147.973,31.924,869.565,71.08477473611062,593.63,noise_injection,High
Front,0.183366,0.094045,189.144,37.016,597.383,211.06722708036523,507.615,noise_injection,High
Front,0.2978155544680844,0.05360086450888349,115.04484780502166,20.631447425669354,697.297,128.584,110.924,spoofing,High
Back,0.46298306908552855,-0.12545911945371951,125.07692217289924,38.177454079640164,334.487,107.181,107.27,spoofing,Low
Front,-0.5377444270871298,0.24246308471214362,80.82132427425383,94.4793009949886,740.492,119.823,113.833,spoofing,Medium
Front,-0.126515,0.095674,42.864,20.246,196.089,161.45443235487247,575.615,noise_injection,High
Back,-0.211526,0.031416,74.764,6.941,850.042,226.93401818040607,552.325,noise_injection,High
Front,-0.05036,-0.059475,49.282,-1.748,913.499,89.96144063764945,163.4595,noise_injection,Low
Back,-0.28681816735340776,-0.03341246998751223,160.0174947764755,65.41737317013562,16.979,105.742,112.981,spoofing,Medium
Back,0.208638,0.008594,83.224,-0.887,178.976,76.1341120736052,347.865,noise_injection,Medium
Front,-0.577684199280913,0.13808267199948876,279.0032821457978,-6.433470791274715,571.179,144.962,116.951,spoofing,Medium
Back,-0.160843,0.063464,116.249,-0.856,582.848,87.1817480023092,305.745,noise_injection,Medium
Front,-0.6643710116322472,0.1262001905736359,215.00205995000852,155.12230587265122,515.472,158.892,105.088,spoofing,High
Front,-0.025058,0.06458,31.688,19.847,948.04,258.97687377914195,150.03750000000002,noise_injection,Low
Back,0.390981754526428,0.09917467533951824,75.81281257785314,117.09511634166691,686.692,138.224,101.268,spoofing,Medium
Front,0.24539036119340069,0.12812253414909497,208.31979955854945,177.4273372980113,549.018,120.504,117.613,spoofing,High
Front,0.2379,0.007233,62.408,38.796,401.187,144.4858732820199,301.908,noise_injection,Medium
Back,-0.3839264586599405,-0.020819655830951037,135.20187942018356,112.92165962462026,98.33,115.929,103.242,spoofing,Low
Back,-0.073338,0.060047,34.061,17.777,344.084,117.47561078463127,564.315,noise_injection,High
Back,0.5694622505974725,-0.02508620569243119,110.58993862316142,32.61097459113041,708.836,122.713,101.473,spoofing,Medium
Back,0.061862,-0.016714,118.078,5.158,118.303,138.00938316665125,326.10900000000004,noise_injection,Medium
Back,0.21468822196549475,0.08856130220314282,97.30522739721994,23.427306384936834,478.546,134.614,119.768,spoofing,Low
Back,0.4182672785145983,0.11931006697679825,44.02735045347205,91.36212072009907,763.078,104.432,106.647,spoofing,Low
Front,-0.1421597219136474,0.07993112122848518,142.2941437492071,78.6958609524077,126.815,124.444,107.014,spoofing,High
Back,0.34582978249810825,-0.05598361762227155,179.57478299534733,-35.046359630247466,360.355,100.559,104.238,spoofing,Low
Front,-0.06607,0.009318,174.496,-3.349,888.541,170.16839570329273,359.94,noise_injection,Medium
Back,0.32725055081520504,0.18409056852025948,30.686653558568498,2.1093539062566866,799.835,145.139,112.66,spoofing,High
Front,-0.075765,0.052199,76.008,1.737,851.334,167.98839210229983,542.7900000000001,noise_injection,High
Front,0.20641,-0.094053,59.803,22.691,28.355,306.82446196824816,159.12,noise_injection,Low
Back,-0.20939482617015942,0.21503710714714175,90.44902687082575,149.98126684910196,251.256,158.299,101.105,spoofing,High
Front,0.29839342965469834,0.07237719884910795,101.73929792157936,75.4371363994324,76.136,138.89,115.616,spoofing,High
Front,0.065201,-0.06921,136.079,17.523,120.537,68.35123191103527,156.13649999999998,noise_injection,Low
Front,-0.028526,-0.023434,181.841,30.429,956.812,182.88888048072843,305.493,noise_injection,Medium
Front,-0.0314446619229706,0.12241551980925408,140.09832235340107,15.717248907473781,304.003,143.644,110.651,spoofing,Medium
Back,0.056167,-0.016318,29.863,-5.796,144.355,110.40036445890986,163.0035,noise_injection,Low
Front,-0.5131524574215801,0.10903318960747513,67.40037997111288,81.65583987334978,289.207,145.235,108.199,spoofing,High
Back,-0.5159837573237862,-0.008662530678911887,66.032705175015,60.50139647649053,191.425,142.066,119.682,spoofing,Low
Front,-0.18843474111556194,-0.14385103513153918,61.34675775478988,64.92121556411625,882.745,157.278,119.982,spoofing,High
Front,0.263911,-0.001264,57.953,12.851,785.181,148.88096267960924,173.51850000000002,noise_injection,Low
Back,-0.15295,0.057142,115.991,23.383,174.162,255.5203604539486,596.4350000000001,noise_injection,High
Front,0.31838309810188103,-0.06970877503850387,56.411611227579435,76.28145832659371,25.949,139.319,104.875,spoofing,Medium
Back,0.216221,-0.007391,125.459,-6.056,25.946,73.38099325646856,316.419,noise_injection,Medium
Back,-0.065836,0.025538,79.154,5.268,896.428,69.51033867994214,588.29,noise_injection,High
Back,0.197665,-0.065058,49.748,6.53,337.008,177.87710895297286,168.594,noise_injection,Low
Front,0.6765335233443417,0.02645794099851749,265.7918691898402,118.03170606288026,554.908,103.887,103.271,spoofing,Low
Back,0.11802027397436862,-0.09385646809276474,83.96148538788427,29.974919703880182,201.279,109.924,116.482,spoofing,Medium
Front,0.5547178675216635,-0.069826784489363,68.50863256523122,15.609868780232816,100.025,134.343,100.795,spoofing,Medium
Back,0.200116,0.087848,68.984,3.037,489.057,247.89491387863623,165.012,noise_injection,Low
Front,-0.1418,0.048943,102.891,33.297,450.685,80.17739387810539,546.115,noise_injection,High
Back,-0.22916505017617456,0.06306871329298012,40.839622044217535,-6.085419298562236,155.81,143.787,105.994,spoofing,High
Back,0.03750066679667763,0.01599795129723694,95.645714005582,19.746136960704863,409.469,105.402,102.794,spoofing,Medium
Front,0.065792,0.087372,127.83,23.025,225.616,74.7139274736633,528.275,noise_injection,High
Back,0.285177,0.040143,89.371,35.635,550.922,89.95040571491829,174.97199999999998,noise_injection,Low
Back,0.089579,0.097859,135.582,-7.355,642.375,83.2882731099324,355.386,noise_injection,Medium
Front,0.213275,-0.057157,90.634,23.139,178.654,128.31092116996453,172.9695,noise_injection,Low
Back,0.2742951373545553,0.13786567191021487,233.60624523533608,43.805451126717315,667.749,112.041,113.22,spoofing,Medium
Front,0.18004415335428905,-0.12359455652012744,79.7055869493537,174.3754282225418,638.319,111.852,112.345,spoofing,High
Front,0.027716,0.088749,88.685,0.838,574.426,244.97477291694233,338.199,noise_injection,Medium
Front,-0.2246985539237036,0.1305306532060614,197.17860376846545,-9.192824262406013,591.561,107.225,102.678,spoofing,High
Back,-0.086868,-0.025236,132.765,15.114,609.444,91.74299153476832,565.5899999999999,noise_injection,High
Back,-0.069013,-0.075802,149.213,-5.492,620.732,293.11797433389074,156.006,noise_injection,Low
Front,-0.279423,-0.067974,71.463,-7.441,400.062,236.70636655206837,158.1735,noise_injection,Low
Back,-0.001009,0.072797,176.683,-3.154,230.267,226.43451995909834,357.654,noise_injection,Medium
Back,0.261971,0.029968,160.651,17.747,660.012,143.20697075847104,179.28300000000002,noise_injection,Low
Back,-0.272101,0.054487,79.541,37.688,960.531,140.05412542873555,530.355,noise_injection,High
Back,0.030952,0.096715,170.07,4.949,729.872,216.5324859584221,305.385,noise_injection,Medium
Back,0.06076,-0.061082,123.796,13.757,79.839,111.66209053240512,319.047,noise_injection,Medium
Front,-0.6356065645457646,0.20238742314435104,220.27701927634712,23.649509652304307,271.178,144.083,108.685,spoofing,Medium
Back,-0.13358660143055298,0.23518202541999617,86.86689352196586,153.65842888639958,306.789,152.651,116.933,spoofing,Low
Back,-0.5000682727728041,-0.1766485109672491,50.68654700199763,-4.8411043205892135,121.466,102.847,105.378,spoofing,Medium
Back,0.4955108315424385,-0.13872909289221766,128.8405451528481,97.45335312791224,661.288,114.526,112.706,spoofing,Medium
Front,0.028519,-0.041445,57.036,5.408,623.208,149.30696792617846,178.2825,noise_injection,Low
Back,0.280796,0.065358,147.561,4.899,257.553,177.47882932796014,530.005,noise_injection,High
Front,-0.118769,-0.006561,168.718,31.189,525.853,237.02748502755654,507.455,noise_injection,High
Front,-0.17596562562788062,-0.2500326660332239,191.90541575265223,81.78596892572027,782.363,127.053,106.492,spoofing,Medium
Back,-0.191824,-0.078212,109.945,39.786,812.839,244.29295670668284,179.4255,noise_injection,Low
Front,0.245011,0.034619,179.437,-7.442,915.688,126.36534233210831,312.531,noise_injection,Medium
Front,-0.127064,-0.020861,24.726,34.501,660.864,234.10882886088996,356.874,noise_injection,Medium
Back,-0.144289,-0.050451,80.395,14.255,979.003,117.90597389243011,171.192,noise_injection,Low
Back,0.184363,0.082896,157.796,20.636,645.681,256.7373659227996,567.1500000000001,noise_injection,High
Back,-0.08286388389274005,0.02522423775098428,187.30544992302342,47.43662052307795,226.321,154.153,110.867,spoofing,High
Front,0.043102,0.002492,22.174,30.934,941.037,119.93774776236451,167.268,noise_injection,Low
Front,0.042994,0.087191,129.029,28.423,382.682,194.76195455576737,326.45099999999996,noise_injection,Medium
Back,0.3286684862939618,0.05681384276157367,253.37932616866584,4.914532458006497,187.328,136.843,101.357,spoofing,Medium
Front,-0.16012757962682525,0.06538320371034674,105.98191077551203,99.36318847642825,397.382,138.627,100.388,spoofing,High
Front,0.35546166184397593,-0.04317813097496982,78.48014355740513,-4.226244417803445,666.92,112.82,108.366,spoofing,High
Front,-0.34181449355862825,0.15045557616731853,76.30289348972093,88.24289984293762,10.645,137.658,111.857,spoofing,High
Front,0.241601,-0.011271,96.265,34.245,316.954,246.45183026762925,517.35,noise_injection,High
Front,-0.5300352343135977,-0.030921739755801522,248.70214086133825,-24.871718406511928,149.633,104.505,119.109,spoofing,Medium
Front,0.234753,-0.086714,57.732,13.7,598.257,64.28820623775847,502.405,noise_injection,High
Front,0.09669588766617201,0.04150197960762743,45.300852673386224,73.86120249439698,242.61,133.562,101.306,spoofing,Low
Back,0.272926,-0.080784,137.601,25.661,559.146,283.6889368535214,152.3475,noise_injection,Low
Front,-0.24309928892747829,-0.006526160882158192,22.49294292348086,125.3102499606509,690.398,107.432,102.751,spoofing,Low
Back,-0.4255923306561167,0.0873006846553662,66.41835794943292,47.6275999966787,960.04,114.214,107.33,spoofing,Medium
Front,0.4898652138254869,-0.16553677066106132,215.00386885575628,176.69439586500675,882.143,121.058,116.598,spoofing,Medium
Back,-0.290127,-0.040356,142.002,-4.885,47.889,74.51641777166842,323.59499999999997,noise_injection,Medium
Back,-0.11874,0.091066,176.48,-0.507,151.194,252.2820877351285,579.2049999999999,noise_injection,High
Front,0.2720645809042278,-0.12359775414700731,176.34941904019834,56.09836053692354,345.699,110.036,112.117,spoofing,Low
Back,0.229704,0.050764,20.369,32.949,287.588,198.72260525802608,338.02200000000005,noise_injection,Medium
Back,-0.215983,0.045063,89.514,-4.049,390.419,73.5397033786762,150.054,noise_injection,Low
Front,0.093267,0.079563,121.312,-2.28,796.472,103.18764193844227,585.41,noise_injection,High
Front,0.05335,-0.091382,87.932,32.772,170.393,215.09437897584525,596.05,noise_injection,High
Back,-0.152061286898378,0.17479723473667155,52.44991172997518,16.254142598039287,132.357,110.563,109.109,spoofing,High
Front,0.2041952081925485,0.12143839326418476,87.31371292764055,19.42165268962534,140.903,103.065,112.818,spoofing,High
Back,0.14857984985975847,-0.09200733649681261,90.01696439172177,71.10765373740006,449.745,135.038,106.828,spoofing,Low
Front,-0.20313,0.045107,192.179,-2.139,465.859,100.48060094374871,322.332,noise_injection,Medium
Front,-0.5062372441516436,-0.11636339892621843,36.26871566368012,45.02303624292182,354.288,101.134,109.217,spoofing,Low
Back,-0.167422,-0.014203,81.681,-5.348,263.214,85.55893424275192,329.913,noise_injection,Medium
Back,0.6241963947905169,0.16676272816961293,16.41399464567523,135.0863251606679,75.982,101.076,106.655,spoofing,High
Front,0.233544,-0.074999,176.061,11.818,305.274,142.40842886091045,585.91,noise_injection,High
Back,-0.05314,0.034889,140.475,-9.795,463.035,70.56849019441279,565.1800000000001,noise_injection,High
Front,0.262864,-0.005511,45.716,18.875,223.343,132.679928050281,158.7225,noise_injection,Low
Front,0.3705026643784286,0.15132707607548906,66.55004296653675,156.38094481020786,738.089,159.345,101.277,spoofing,Low
Back,-0.103615,0.059779,64.128,25.326,394.224,62.85280701240125,300.495,noise_injection,Medium
Front,0.108424,0.049968,176.793,9.596,19.302,171.31925771377473,167.0085,noise_injection,Low
Back,0.142944,-0.041361,180.096,31.442,328.386,289.5494106869592,535.89,noise_injection,High
Front,-0.190982,0.087465,177.26,-1.508,992.333,172.3482482803718,349.689,noise_injection,Medium
Back,-0.023828,0.095418,112.708,34.09,346.804,168.16559192091995,595.9150000000001,noise_injection,High
Front,0.26948670942037495,0.017609646413804594,93.33668378373895,6.734134741315767,666.466,157.261,118.918,spoofing,Low
Back,-0.30821560581016905,-0.2573438405247516,264.04439920721586,89.55447960460621,70.594,125.434,110.379,spoofing,Low
Front,-0.05908711237773927,-0.11898583645402501,46.65058301513937,75.35302167159244,181.931,109.859,105.508,spoofing,High
Back,-0.122859,0.020536,100.516,29.015,740.04,134.99737743463226,160.2225,noise_injection,Low
Front,0.02141,-0.032017,67.578,32.809,965.147,156.06639279689097,347.904,noise_injection,Medium
Back,-0.172741,0.085626,124.389,-3.608,853.63,73.15990179910915,529.745,noise_injection,High
Back,0.139019,-0.037645,119.874,6.079,262.079,110.64919408420029,160.179,noise_injection,Low
Back,0.269129,0.05396,101.252,2.092,206.099,130.1684071878688,561.385,noise_injection,High
Front,0.7521175773211589,0.09518512501518532,130.65315603595488,75.57131731316984,444.119,114.201,107.801,spoofing,High
Front,0.3057760403871117,-0.10727059577502117,130.46597909373946,68.09074529891744,70.811,159.36,115.688,spoofing,Medium
Back,0.181099,0.013724,185.55,-7.483,95.074,101.51498161328874,316.821,noise_injection,Medium
Front,-0.241077,0.065579,193.525,22.759,814.191,131.48547545209334,566.785,noise_injection,High
Back,0.15288734620026811,0.22257848702563543,92.56935644580832,143.30987192547505,634.741,138.501,100.964,spoofing,Low
Front,-0.6900598692394011,-0.13087320258905805,169.52749160269914,-17.927346221876093,280.173,139.254,116.797,spoofing,Low
Back,-0.043593,-0.084573,136.073,6.761,400.73,225.12035750809605,154.803,noise_injection,Low
Front,0.28823,-0.037928,102.536,22.412,414.295,123.17617682080946,171.48,noise_injection,Low
Back,-0.126212,-0.077556,159.465,24.919,37.767,94.35134290641189,151.839,noise_injection,Low
Front,-0.234219,0.059911,122.929,26.371,624.011,156.80520894179338,564.03,noise_injection,High
Back,0.207378,0.017535,105.902,19.105,77.232,85.44183988704587,550.99,noise_injection,High
Back,0.14649956699263397,-0.09338707374372124,225.49649581587389,-16.117703868990386,557.498,114.326,110.806,spoofing,Low
Front,-0.2726916663602586,-0.13479894193113956,144.29474497179052,33.71490215798007,459.196,156.755,104.865,spoofing,Low
Front,-0.3439833989747606,-0.19197696991024016,111.8716749825847,148.7006848410048,77.318,127.912,117.431,spoofing,High
Front,-0.6104187724208546,-0.1456695571829395,72.53611484653358,121.35416811852828,394.742,155.527,117.192,spoofing,High
Front,-0.284513,0.005073,51.488,14.769,979.38,87.61066196996335,166.1415,noise_injection,Low
Front,0.020612,-0.072303,69.445,7.25,741.313,142.5710714655678,591.29,noise_injection,High
Back,0.024094,0.094579,31.954,18.802,929.361,223.398532191104,317.445,noise_injection,Medium
Back,0.077528,0.021939,164.623,5.366,876.161,219.89564755415822,535.485,noise_injection,High
Back,0.204191,-0.049897,195.328,21.346,696.387,68.38862455755073,523.61,noise_injection,High
Front,0.100476,-0.041728,91.416,25.209,163.021,187.10050346139826,320.034,noise_injection,Medium
Back,-0.1745334901492579,0.09714920980507297,105.38941085105837,-44.328800997108175,788.893,121.565,110.025,spoofing,Low
Front,-0.16045006676911894,-0.1580102038228522,68.2777896236538,-12.86761132041232,37.024,130.949,104.585,spoofing,High
Back,0.216824,-0.036803,154.983,7.501,300.547,250.85099225460775,504.18999999999994,noise_injection,High
Front,-0.5918452706290738,0.09513906424266837,95.31106080842068,37.94484954043174,803.635,144.141,108.033,spoofing,High
Front,0.123654,-0.068299,98.704,10.865,802.05,87.98840151548242,567.2950000000001,noise_injection,High
Back,-0.094868,-0.098372,141.63,9.635,93.257,136.38044922684878,590.03,noise_injection,High
Back,0.6093134200528503,-0.09681925414072896,88.10115869075092,104.21629759472461,22.165,110.94,108.945,spoofing,Low
Front,0.434547848920553,0.019201638749767408,246.06960103345514,90.59948453783616,939.586,157.873,103.712,spoofing,High
Front,-0.146788,0.001243,74.657,10.921,728.953,170.09432780834166,304.254,noise_injection,Medium
Front,0.29394,0.023473,130.238,-2.501,215.774,127.68122969988602,160.31400000000002,noise_injection,Low
Back,0.003082,0.09308,165.482,0.291,29.624,247.57157041976598,528.07,noise_injection,High
Front,-0.2726968037063099,0.006741892680944189,228.79757831024594,107.7716410055108,698.528,119.173,111.333,spoofing,Low
Back,-0.089044,-0.091067,159.541,-0.649,545.419,179.9137761248626,171.8445,noise_injection,Low
Front,0.046405,0.071416,117.88,-2.611,647.773,98.19355365807307,502.845,noise_injection,High
Back,-0.237119020083907,0.03385779041569549,68.80367983047476,12.526153867864343,423.128,125.926,112.002,spoofing,High
Back,-0.08311330631676624,0.05032933612441373,250.886184721034,157.16538302951972,649.593,140.479,117.783,spoofing,Medium
Front,0.138977,-0.015079,147.748,-5.505,250.554,175.6974597736787,530.215,noise_injection,High
Front,0.258752,0.039411,23.838,23.109,162.647,209.4066161256341,571.0699999999999,noise_injection,High
Front,0.09152371790228625,-0.17677003796599286,179.51851836430276,-9.41030034852271,288.938,116.58,105.577,spoofing,Medium
Front,0.18971111779272354,-0.04064583248939034,208.17429142581753,-3.716453668137621,951.079,135.019,105.196,spoofing,High
Front,-0.186255,-0.05091,190.009,1.614,937.542,103.5270956655124,168.753,noise_injection,Low
Back,0.057649,-0.088381,169.091,17.41,576.882,189.29733531933857,167.9175,noise_injection,Low
Front,0.245782,0.006728,24.596,8.541,226.857,201.7149709394005,320.85,noise_injection,Medium
Back,0.267968,-0.036641,139.706,10.079,333.189,196.20125967132688,170.82150000000001,noise_injection,Low
Back,0.127801,-0.007685,119.224,31.774,606.16,167.82245600991195,568.125,noise_injection,High
Back,-0.094479,0.03262,49.371,14.219,332.138,145.305792995858,152.952,noise_injection,Low
Back,0.5444466744383718,-0.0643156697439842,56.677259310343786,71.96807694767315,955.22,152.186,115.962,spoofing,Medium
Front,0.228423,-0.000416,38.238,27.573,925.454,237.9943415247937,577.325,noise_injection,High
Front,-0.23560112155239152,-0.2608055455199769,150.7378874703263,71.04673467186772,508.169,143.183,100.732,spoofing,Medium
Front,-0.118964,0.074064,36.419,-9.166,805.7,308.6804958234142,356.946,noise_injection,Medium
Front,0.2514450330663104,0.15877934246283942,127.43300884203684,73.20708795030468,803.878,124.424,100.02,spoofing,Low
Front,-0.3070757966298608,-0.15384723531505767,145.5109161828263,60.70413146855172,56.283,118.156,104.234,spoofing,Medium
Front,-0.4131615950493245,0.023905409153207866,19.422244612098613,105.60893842400098,587.29,126.336,107.137,spoofing,High
Front,-0.011404653583532293,0.13767710118530913,44.849155659282474,-16.482236737332656,229.146,126.297,104.112,spoofing,Low
Front,0.012641,-0.054078,112.103,1.922,738.471,175.005778860133,169.4865,noise_injection,Low
Front,-0.04684377007719298,-0.0355651894862164,27.62806347470456,68.91425925161295,252.272,103.629,106.092,spoofing,Low
Back,-0.3095975324510407,0.194621214600447,30.644126531311873,81.78620043408006,955.028,135.032,100.829,spoofing,High
Back,0.037251,-0.026242,146.001,-4.996,179.643,97.17625772447802,305.019,noise_injection,Medium
Front,0.4461536169005341,0.22570723202060505,136.4680587976844,105.73957215895261,73.585,141.498,105.129,spoofing,High
Back,0.002796,0.090819,173.612,4.058,333.197,260.46762791630294,538.3100000000001,noise_injection,High
Back,0.112156,0.015434,59.739,34.012,205.607,203.08332919447497,580.145,noise_injection,High
Back,0.27865133916645635,-0.005436505918588297,115.63881322856079,149.94081726894586,643.317,108.598,103.638,spoofing,Medium
Front,0.05220949325590484,-0.09565703897698309,84.98770040963721,132.9102873282567,794.84,122.094,110.731,spoofing,Low
Front,0.253211,-0.094758,27.696,28.782,652.672,83.30137047705941,532.9200000000001,noise_injection,High
Front,0.7736468503113355,-0.08256540541039428,163.54750709533323,-26.980105981549887,955.157,130.045,102.646,spoofing,Low
Front,0.037373,-0.038632,76.694,14.034,654.954,248.72683283676528,593.255,noise_injection,High
Front,-0.264941,0.007491,117.841,6.557,31.898,168.16317168273196,547.215,noise_injection,High
Back,-0.11257,0.097439,152.281,11.787,644.903,160.26391223263914,151.0815,noise_injection,Low
Front,-0.3938006534216374,0.27984467964610443,151.32074637730258,84.08507942879169,984.001,148.877,117.025,spoofing,Low
Front,-0.2312577410973901,-0.16181679677308397,26.332570488477653,61.06428805200383,524.151,142.891,106.862,spoofing,High
Back,0.30937003749263,-0.014017417796722317,201.64701383215717,79.0164060718423,856.878,119.38,118.457,spoofing,High
Front,0.202645,0.028449,66.606,-5.085,242.099,185.6630949522776,159.51749999999998,noise_injection,Low
Front,-0.16131,-0.051858,169.389,28.749,368.323,150.7688500000498,568.875,noise_injection,High
Back,-0.7208817029574269,-0.23204149897542503,73.95835706897955,-9.111996172286709,58.469,125.475,109.486,spoofing,Medium
Back,-0.082598,0.023122,125.191,8.189,104.555,99.58216885402251,576.22,noise_injection,High
Back,-0.3541792135523474,-0.06836147714406654,34.71333432181841,67.22149699181242,103.016,125.749,117.14,spoofing,Low
Front,0.102269,0.082726,82.826,33.727,237.914,93.17816942677956,508.315,noise_injection,High
Back,-0.5104442359528021,-0.08291494559901916,53.41298547768948,107.69435754903618,983.492,137.883,113.999,spoofing,Low
Front,0.234367,0.061556,199.312,20.488,321.297,139.2833499502704,319.653,noise_injection,Medium
Front,0.2604384998439135,0.22442771689835497,32.39771478174668,73.41904407855323,385.051,107.745,101.349,spoofing,High
Back,0.024342,-0.074994,40.08,0.978,158.576,252.52702384047666,516.725,noise_injection,High
Front,-0.2841927927939054,0.18993314518481288,192.34562156116522,-9.41726455889097,943.767,103.216,114.98,spoofing,Low
Front,0.020554,0.020292,161.578,-7.943,598.207,92.368412169268,162.951,noise_injection,Low
Back,0.129385,-0.07763,49.037,37.296,654.093,67.11160499277936,343.725,noise_injection,Medium
Back,-0.6654705420559751,-0.05156628637183769,185.15504302592666,101.053924403796,274.346,151.459,109.642,spoofing,Medium
Front,-0.089435,-0.062338,152.542,-8.724,289.771,203.49457106720334,157.17000000000002,noise_injection,Low
Back,0.5213412769967635,0.11408499965179812,49.19105931206209,56.21390269411222,236.372,138.315,106.338,spoofing,Low
Front,0.06264516348085122,-0.16214774120604,26.121176410228646,88.66647819854289,961.1,134.98,109.45,spoofing,High
Front,0.274656,0.092542,37.309,18.432,796.507,141.55921124182544,156.7785,noise_injection,Low
Front,-0.285732,0.023417,129.565,32.961,455.527,118.79351916049765,179.7525,noise_injection,Low
Front,-0.09344635037678237,0.11286619432715249,81.15495759691163,41.83564630699223,923.305,127.033,110.653,spoofing,High
Back,-0.277719,-0.023924,24.903,-7.298,177.618,200.81492424952282,158.601,noise_injection,Low
Back,0.242143,0.088185,183.524,0.401,200.637,147.12863866034138,156.2055,noise_injection,Low
Front,0.39047077295476407,-0.03167414961362807,42.68904522582296,50.12561774822892,638.757,147.471,106.421,spoofing,Low
Front,0.117943,0.008344,74.451,23.358,821.852,113.37323107114179,151.959,noise_injection,Low
Front,-0.235063,0.080383,41.346,5.097,342.988,179.18429126957128,303.87,noise_injection,Medium
Back,0.05434975296438236,0.1083898879134965,179.20883875788783,130.3437215148068,701.317,153.017,117.484,spoofing,High
Back,-0.37251305723381745,-0.037386657676490506,31.819534748165623,114.49393989193553,635.217,123.21,106.001,spoofing,High
Front,-0.127809,0.025657,195.293,-1.249,61.525,195.39288880203583,530.71,noise_injection,High
Front,-0.714325340298654,0.26665849430965755,28.00088741557938,37.03844713248183,87.369,148.271,109.912,spoofing,Medium
Back,-0.09579,0.017971,149.628,11.607,883.277,199.33782955676713,336.957,noise_injection,Medium
Front,-0.00699,0.093297,118.11,35.417,562.111,216.64043822284975,565.14,noise_injection,High
Back,0.0750087767653621,-0.1833990031541476,221.87420569833745,64.79958903967506,714.819,126.208,100.603,spoofing,Low
Front,0.047708,0.090063,166.336,10.314,703.686,198.10878818423808,163.0845,noise_injection,Low
Front,0.3470718792973814,-0.021483187636947843,59.943593890799995,70.65132766464599,23.275,100.232,117.311,spoofing,High
Back,0.0661,-0.003077,177.272,1.27,45.057,223.83450465821554,353.19,noise_injection,Medium
Front,0.298549,-0.024693,163.497,-3.266,758.357,242.57454652621007,562.0799999999999,noise_injection,High
Front,0.7183289146793344,-0.1447095237828533,83.4297180764698,105.91130364221765,18.005,151.646,118.909,spoofing,High
Front,0.010598,0.073906,147.988,17.717,891.969,220.45374919137768,155.1045,noise_injection,Low
Back,-0.2768006070275261,-0.19566600566230946,139.1241395504219,-39.97843631452827,615.562,151.871,119.382,spoofing,Medium
Front,-0.07004271222384145,0.041009333016936836,146.5690376879167,66.82355865495217,811.888,155.128,118.501,spoofing,Medium
Back,-0.022981,-0.082361,125.329,38.478,319.743,287.73499323477955,311.757,noise_injection,Medium
Back,0.121151,0.029992,138.934,35.509,769.039,205.69338105654447,324.39,noise_injection,Medium
Back,-0.226338,0.005495,58.59,32.533,242.979,129.15514487619916,175.53300000000002,noise_injection,Low
Back,0.065796,0.040598,132.741,1.234,435.232,83.02049437087301,597.6,noise_injection,High
Front,-0.062878,0.063569,40.16,2.934,506.441,256.29219993092596,162.75150000000002,noise_injection,Low
Back,-0.42376178516165003,-0.1445381544257163,99.14803976546877,59.727114937529265,713.851,127.852,111.005,spoofing,Medium
Front,-0.17142094123403584,0.23305282186467607,282.81813235732886,134.23802461584185,833.204,155.803,108.749,spoofing,High
Back,0.24542565419769016,0.0287462829870377,38.540351023452246,152.33280159146443,886.79,146.96,114.112,spoofing,Low
Back,0.34242469917276386,0.06011800291832686,23.704621805602518,73.44488406196888,671.469,156.881,110.881,spoofing,Low
Front,-0.19989677791768237,0.09552838221436512,95.79488375885445,57.30146955127808,465.587,140.486,112.841,spoofing,High
Front,-0.040056,0.006206,185.581,-8.01,726.394,91.02059914250157,341.877,noise_injection,Medium
Front,0.221532,-0.023364,49.935,15.169,916.752,206.427642970881,161.193,noise_injection,Low
Front,-0.10471542391687758,0.1033878367670752,73.36652550054943,-17.765125167902838,578.478,157.284,102.087,spoofing,Medium
Back,0.31716099048051083,-0.07320740689514695,54.16494364316704,-7.758996593453964,775.837,110.757,105.964,spoofing,High
Front,-0.003252,0.03006,42.068,-0.13,616.955,58.07019712395376,561.28,noise_injection,High
Front,-0.5156598687054952,-0.20894180894280234,120.19502753672185,88.69197366235332,547.195,133.528,107.141,spoofing,High
Back,0.259157,0.013881,20.314,22.816,574.894,88.00001309615995,328.506,noise_injection,Medium
Back,-0.1639314031805005,0.11066276304976093,11.599183684238389,102.94293649565375,914.902,142.1,101.428,spoofing,Medium
Back,-0.41362323646337146,0.013992315019026216,67.80252737731452,20.891767307952026,360.823,119.6,111.777,spoofing,Low
Front,-0.186757,0.027675,132.152,34.913,391.132,185.13048619836601,349.881,noise_injection,Medium
Front,-0.09464984318008694,-0.10446525712283382,89.12215516384045,30.91796450216757,406.822,153.776,118.605,spoofing,Medium
Back,-0.15262594034261784,0.011903797704271316,77.89079857282756,83.25777806222635,682.577,132.99,103.708,spoofing,High
Front,-0.140942,-0.018591,149.263,8.985,363.455,143.42801038104278,321.921,noise_injection,Medium
Front,-0.002509,0.047727,196.657,21.849,295.941,54.87078088318572,158.427,noise_injection,Low
Front,0.263469,-0.024961,182.102,22.893,621.611,186.7999675326344,169.1895,noise_injection,Low
Back,0.5668613551385051,-0.046911155382497335,41.63338918075028,77.03109779549554,778.195,100.063,110.031,spoofing,High
Back,-0.239454,0.059151,189.279,26.527,187.698,181.65793856618325,164.1015,noise_injection,Low
Back,-0.34964731893575524,0.2573743626769533,48.05181164733966,34.24094247826224,769.804,104.779,115.846,spoofing,Low
Front,0.1381482517551441,-0.13276087542960957,160.56729204086534,-3.8472746490034195,410.796,139.351,118.63,spoofing,Low
Front,0.4585997932768624,0.16017434878106598,86.65226318786493,-20.04259301430869,307.448,123.895,108.674,spoofing,Low
Back,0.2533871501866889,0.19835235975625418,157.3204304938129,92.20197409286303,927.646,159.979,104.622,spoofing,Low
Back,-0.106233,0.038677,41.561,4.737,253.158,220.04658926805186,325.404,noise_injection,Medium
Front,0.19623,-0.077345,124.099,-4.197,199.565,270.3616568728872,507.485,noise_injection,High
Back,-0.16131,0.054077,81.721,-8.717,343.76,220.91014934335803,170.88150000000002,noise_injection,Low
Back,0.07926673395950629,0.08221724862573397,95.47994953793145,30.39099711097801,364.091,120.835,102.21,spoofing,Low
Front,0.1565383762476623,-0.06575325631232314,150.70643640005008,53.98559209945518,130.037,147.925,119.711,spoofing,Medium
Back,0.182682,-0.071976,36.626,20.178,745.033,100.22932750316296,157.03799999999998,noise_injection,Low
Back,-0.12011714244241152,-0.04171328811977479,149.41649301471637,34.238496096606404,644.454,157.26,118.417,spoofing,Low
Front,-0.1383750592616627,0.154199063863448,78.39804146634417,51.8024388039621,833.698,105.147,103.875,spoofing,Low
Back,-0.280479,0.066632,167.074,-6.173,268.035,269.8404653010624,163.9635,noise_injection,Low
Back,-0.169129,0.040299,199.606,24.255,733.611,114.53749753224164,326.64300000000003,noise_injection,Medium
Back,-0.298231,-0.031182,131.847,20.083,910.763,149.52366105760228,354.06600000000003,noise_injection,Medium
Front,0.13877619909609484,-0.010516835328524307,218.82978234902453,-16.05511551575198,705.541,126.928,117.725,spoofing,Medium
Back,-0.035866,0.099722,78.923,23.786,861.771,219.53537159171242,163.75650000000002,noise_injection,Low
Front,-0.2862606262640874,0.046960191564862384,120.63007039380979,82.75669976591948,156.95,110.709,111.832,spoofing,Low
Back,0.14684199136063392,-0.06894332781386146,154.19359475616488,82.42935595379743,141.86,130.28,112.079,spoofing,Medium
Front,0.12750894105241434,0.01274120602676862,138.783632569551,-0.9653083103371303,543.883,142.252,105.642,spoofing,Low
Front,-0.2857672184319688,0.20949394749375094,68.3722583231712,87.31491243781628,947.897,111.892,114.522,spoofing,High
Back,-0.179422,-0.007167,148.243,3.694,274.978,196.4591239407944,178.5465,noise_injection,Low
Front,-0.28496816413171777,0.07371888721163651,130.1178180300412,20.21038719729539,796.911,148.765,100.238,spoofing,Low
Front,-0.02243,0.056214,78.042,3.791,656.991,226.2472495465649,564.9649999999999,noise_injection,High
Back,-0.173659,-0.063548,31.757,-6.41,18.867,157.22969036338898,177.3465,noise_injection,Low
Front,-0.297124,0.002064,97.065,-6.684,868.34,203.17543000896285,508.58,noise_injection,High
Front,-0.02107,-0.015096,161.83,39.122,95.338,209.16161628315496,515.4,noise_injection,High
Front,0.19250208194811746,-0.05748352720434636,181.93703395018179,31.349012167682606,563.144,112.983,110.255,spoofing,Medium
Front,-0.15122810454625768,-0.1206941867378771,95.07245022195254,-13.93077767761805,561.514,129.563,104.179,spoofing,Medium
Back,0.283219,-0.034559,74.101,-2.336,161.435,241.78813720533034,334.08,noise_injection,Medium
Front,-0.3304426521113433,0.12384730777053488,54.62365443857188,97.57956832408418,249.448,158.85,107.024,spoofing,Medium
Front,-0.034958,-0.066821,52.391,14.884,941.689,170.92017635599018,173.3715,noise_injection,Low
Back,-0.017567,-0.016007,35.809,-1.455,70.79,113.01836930363004,306.546,noise_injection,Medium
Front,-0.13704261353238,0.006699868094403497,280.68139109077254,77.58366604810367,340.489,128.413,119.885,spoofing,Low
Front,0.198125,0.077515,191.831,-5.543,209.058,204.84740763330058,569.6949999999999,noise_injection,High
Back,-0.233213,0.007729,65.762,-9.771,824.663,89.8962018375189,560.045,noise_injection,High
Back,0.202077,0.012104,154.009,11.466,386.19,117.06759953910078,335.937,noise_injection,Medium
Back,-0.5757005366516401,0.15894765551192444,33.23224674212365,17.849889347958104,430.632,127.787,107.748,spoofing,Low
Back,-0.1785979740762086,0.14513384419611922,121.00016492883944,27.896333872813965,27.641,149.077,101.675,spoofing,Medium
Front,-0.2994797730442058,-0.052778627848073745,23.039749557299192,26.496783985731668,133.684,118.177,105.374,spoofing,Low
Back,-0.02999429674932995,-0.0560122831201083,96.99170860207148,80.3536333930131,204.88,143.779,108.056,spoofing,High
Front,-0.014609,-0.04138,192.991,31.046,629.955,57.43674327330196,357.531,noise_injection,Medium
Front,0.180345,-0.02668,178.979,0.208,180.994,257.7331613188996,503.665,noise_injection,High
Back,0.06646803179196309,-0.0980687809044764,114.75772183065033,146.01982195421263,281.538,122.64,106.698,spoofing,Medium
Back,-0.12034723248997084,-0.1580793606765493,68.03306492666786,-17.667047479490268,682.259,118.624,118.797,spoofing,Low
Back,-0.269655,-0.011636,123.821,24.89,592.367,168.26832800916404,320.367,noise_injection,Medium
Front,-0.24432,-0.029981,161.53,-2.875,789.979,222.50130039134172,314.697,noise_injection,Medium
Back,0.124578,-0.042596,82.547,7.014,901.82,204.25668366120928,530.505,noise_injection,High
Front,-0.121744,-0.005027,178.763,7.914,309.008,298.52912074134076,587.085,noise_injection,High
Back,0.6807724077907535,0.15814902601122052,157.00125964177982,4.098342019977947,900.657,151.488,101.54,spoofing,High
Front,-0.4508516815215995,-0.1926965433750602,46.05974720292192,79.7252536895416,423.062,144.845,115.099,spoofing,Medium
Front,-0.213422,0.004546,91.069,-0.91,79.517,281.85360902578924,551.23,noise_injection,High
Front,0.270045,-0.007551,57.682,9.233,903.094,148.7638660751351,179.13,noise_injection,Low
Front,0.6046570267790088,-0.22622681489597396,149.40304640519804,0.7078868461488392,294.807,143.707,116.956,spoofing,Medium
Back,0.108544,-0.066038,22.131,28.649,152.103,196.29378323407047,175.809,noise_injection,Low
Front,0.15791758878720608,0.1265639076397452,59.75183483013287,103.93987592918154,3.025,125.149,113.074,spoofing,Low
Front,0.7175701148632504,-0.23687468737011436,41.02329146883275,98.62625741572396,53.782,104.882,113.31,spoofing,Medium
Back,0.34490826677505954,-0.07636506033578967,28.33001560194057,-6.5524760091987915,718.338,152.19,103.464,spoofing,Medium
Front,0.085776,0.013909,27.528,32.828,953.278,95.69728815111657,530.8299999999999,noise_injection,High
Front,-0.45022396536595033,-0.027842878073869474,116.3829466127336,-14.773141689688883,768.32,155.083,100.148,spoofing,Medium
Back,-0.10559,0.084519,88.016,17.379,67.823,116.61390011742998,317.385,noise_injection,Medium
Back,0.150211,0.053877,159.554,25.884,906.191,149.68192628001893,161.451,noise_injection,Low
Back,-0.144611,0.022497,25.085,3.964,223.699,127.71175326948206,558.815,noise_injection,High
Front,0.122785,0.008449,88.485,23.755,574.92,157.0709132871815,577.5500000000001,noise_injection,High
Front,0.17113754350486882,0.1545152766857497,95.56953841635423,52.0789126893691,401.938,126.526,117.496,spoofing,High
Front,-0.17706222368411428,-0.036679799559011184,226.24428022022232,83.17635787723053,809.928,131.519,108.334,spoofing,Low
Front,-0.03714612159137906,-0.014177145998242225,103.53529041722089,121.11851508792692,430.678,119.634,116.414,spoofing,Medium
Back,0.5297197059591829,-0.22385675530916577,107.46852030748958,-16.19125819465169,189.191,136.93,119.232,spoofing,Medium
Front,0.2885050482819813,0.10591586149033344,182.88776845816903,116.1931870854985,730.214,135.479,103.737,spoofing,Low
Back,-0.10777,0.054312,184.285,14.559,48.408,217.90648470168932,165.873,noise_injection,Low
Front,0.049426,0.067209,196.807,36.622,298.481,156.5929842529805,332.685,noise_injection,Medium
Back,0.273618,0.051827,137.691,29.051,905.577,142.99982567135325,506.63,noise_injection,High
Front,-0.47608690083276495,0.0005610410755523751,83.54068237302724,113.44819647783653,457.916,140.945,116.453,spoofing,High
Front,0.244174,-0.096027,76.539,-6.246,590.632,107.61918895865446,566.5550000000001,noise_injection,High
Back,0.045625,0.028297,21.723,35.0,527.743,240.8645178683507,505.96,noise_injection,High
Back,0.088574,0.054908,44.751,-0.481,266.697,115.19267768409415,165.852,noise_injection,Low
Front,0.19968443077233028,-0.034936446586182654,105.39572394811975,30.852183492491022,22.549,110.068,117.113,spoofing,High
Back,-0.140871,-0.008075,161.226,22.113,108.108,180.003911919271,165.6735,noise_injection,Low
Front,0.271602,0.088925,143.06,6.929,472.703,168.0243589262795,300.735,noise_injection,Medium
Back,-0.023054498783456875,-0.16551047561635543,55.41589267810448,-11.20882600534973,112.836,159.246,103.35,spoofing,Medium
Back,0.283909,-0.09462,163.31,1.981,871.09,79.55101664317414,159.411,noise_injection,Low
Back,0.04423011734514541,0.07664238117988216,65.62760629664571,21.67513556011993,526.944,130.397,115.275,spoofing,Medium
Front,0.38150951379287334,-0.01058380397280019,32.10066602665714,69.69073596281238,159.785,104.256,115.835,spoofing,Medium
Front,-0.050744,-0.090539,45.033,23.942,201.609,120.38238927597035,308.08799999999997,noise_injection,Medium
Front,0.07261286334144654,-0.11890897208407078,35.132372175482786,69.4530219466319,11.622,112.988,101.969,spoofing,Low
Front,-0.173437,0.058389,96.85,11.934,34.174,193.32357291574684,559.2049999999999,noise_injection,High
Front,-0.239053,0.026772,108.091,-5.231,893.238,85.82064664958999,162.60000000000002,noise_injection,Low
Front,-0.20314495210243722,0.12614577627224582,172.873320865454,-6.952684879947231,144.225,138.687,119.209,spoofing,Medium
Front,0.030895,-0.052714,30.864,11.599,394.683,131.8079831053113,157.5045,noise_injection,Low
Front,0.6141078398371052,0.17066337743087068,23.307571135806693,164.53962001162228,619.059,103.205,116.17,spoofing,Low
Back,0.296865,-0.075409,44.61,7.279,465.321,156.99935045210913,565.425,noise_injection,High
Front,-0.079962,-0.048673,125.852,29.279,375.48,159.19677741767953,596.64,noise_injection,High
Front,0.13559659580420702,0.14943712103159273,146.64551228813696,72.53895282051799,228.166,104.75,111.805,spoofing,Medium
Front,0.09783497794673646,-0.16066083139940365,77.47488297378943,67.41238446465209,867.335,147.494,110.675,spoofing,Medium
Front,-0.3525149725662263,-0.035946883057754786,40.835662330198524,47.77003905414719,633.682,123.624,108.062,spoofing,High
Front,0.193039,-0.091189,118.123,-8.521,971.184,116.28837934364712,154.737,noise_injection,Low
Back,0.31415444404852627,0.12910212116328523,168.416761970232,80.7552147235961,953.732,127.299,117.039,spoofing,Low
Front,-0.24552,0.028369,154.625,26.32,292.448,100.86388279764493,179.2995,noise_injection,Low
Front,0.14269874021267742,0.016950759785384434,118.64002586969143,-13.6858369679792,581.567,156.742,104.216,spoofing,Low
Back,-0.26094850022834465,-0.13019221006454396,44.91598723086116,113.57808414865437,3.326,119.898,104.287,spoofing,Low
Front,0.3603040941652094,0.019960457853649492,43.53033678931566,59.65378463926379,381.477,159.253,117.217,spoofing,Medium
Back,0.167002,0.041545,84.617,16.871,798.574,60.175734589939104,307.392,noise_injection,Medium
Back,0.055074,0.078597,51.39,24.453,908.212,282.76673877081635,577.05,noise_injection,High
Back,-0.5655085146131266,-0.1272348966488565,68.57020559513015,82.13649139643596,487.697,127.843,105.216,spoofing,Low
Front,0.169188,-0.097406,141.01,30.146,412.347,143.25923414445194,553.53,noise_injection,High
Back,0.10153189281757796,-0.051858843104789415,23.51553079891225,144.58017986082555,25.996,137.472,104.767,spoofing,Low
Back,-0.674982647225473,-0.16865247185892773,73.15999726890195,114.97617304437878,744.693,140.708,107.77,spoofing,Medium
Back,0.277667,-0.099407,153.793,6.864,547.791,239.16556689272466,545.2049999999999,noise_injection,High
Back,0.19413297691512155,0.022302761474247517,230.65261819598643,124.1935511916037,249.366,135.761,119.995,spoofing,Medium
Back,-0.44664942581302647,0.08273009763995831,79.37223581758765,79.18762145682248,399.45,127.151,108.565,spoofing,Medium
Front,0.197795,-0.040676,133.762,15.258,684.819,214.18779240078092,515.2049999999999,noise_injection,High
Front,0.051694,-0.050302,95.454,-4.109,688.478,147.4550706571005,591.655,noise_injection,High
Front,0.083906,-0.074068,194.84,39.479,289.821,292.57351299730146,172.5675,noise_injection,Low
Front,0.082836,-0.018316,137.523,37.973,603.84,272.3644924802564,317.721,noise_injection,Medium
Back,-0.07460980252182514,-0.15367039655941855,40.419811977239824,86.39753524319505,944.303,122.527,116.263,spoofing,Medium
Back,0.12190935203149836,0.0039017093435872834,126.33714036094213,52.724873581828625,855.81,133.874,109.638,spoofing,High
Front,-0.5849221573467894,0.18074017357122332,224.51090520950484,140.84259798358295,129.499,113.823,115.313,spoofing,High
Back,-0.052045,-0.099664,120.079,26.626,815.434,261.6429329563534,504.085,noise_injection,High
Back,0.637964192720231,-0.14141786258467,71.76863224361938,34.60941992339661,456.603,117.239,103.957,spoofing,Medium
Back,-0.271726,-0.030168,148.3,37.129,414.137,160.84935406204457,164.8965,noise_injection,Low
Front,-0.20201727555863158,0.22670785916723424,140.3630371962168,54.490199684623185,539.168,148.922,114.245,spoofing,High
Front,-0.13832655172195663,-0.027372146878933763,50.998535481316594,16.88281892036727,408.541,111.927,116.128,spoofing,High
Front,-0.2500160883250047,0.0005966910442799511,198.25596844330303,90.56583529665889,907.913,140.364,112.822,spoofing,Medium
Back,-0.7364725714816045,-0.2418220286362378,188.2306004888592,15.6329204112324,956.699,141.765,107.569,spoofing,Low
Back,0.31630713887455236,-0.1554089665287421,56.33642457247927,56.28052658857335,138.611,136.338,101.977,spoofing,Low
Back,-0.191672,-0.022324,162.965,33.362,911.062,95.21806883698794,509.925,noise_injection,High
Back,-0.6506410663217728,-0.04674594429203506,212.30303017765462,42.34512547852587,801.311,113.112,100.646,spoofing,Low
Back,0.31418933995867127,0.26054662609261414,69.03890983607812,-10.735307231708504,219.153,126.618,116.883,spoofing,Low
Back,-0.004916,-0.074657,73.14,4.143,829.213,201.12998809158128,503.02,noise_injection,High
Back,0.025756,-0.066655,59.192,35.445,811.497,191.4176121260846,156.48899999999998,noise_injection,Low
Front,-0.04296603239600838,-0.12658607804548372,88.49902366214998,-0.4295237608391488,850.95,138.243,114.561,spoofing,Low
Front,-0.036556141101666384,0.10447713934901125,84.73969094934822,43.50699145481134,533.031,122.139,111.175,spoofing,Low
Front,-0.219823,0.034843,184.305,-4.33,132.954,162.4654162774657,153.0075,noise_injection,Low
Front,-0.25403262255726106,-0.11132346877678134,104.07906201746916,10.253407227203596,178.012,129.225,118.502,spoofing,High
Front,-0.03900997881044755,-0.17923084899508573,68.34482199335183,80.27096490947697,239.182,146.152,118.92,spoofing,High
Front,0.007576,0.093392,42.123,-4.598,350.808,158.1060682235415,553.4599999999999,noise_injection,High
Front,-0.081842,-0.029592,92.17,26.033,148.185,113.10513673815795,559.4,noise_injection,High
Back,0.08891449685065136,0.146750091922215,50.404102442002916,25.87561925285933,72.564,142.415,112.465,spoofing,Medium
Front,-0.014608,-0.028709,54.567,3.37,348.672,224.7807116161929,349.74,noise_injection,Medium
Back,-0.24051402334621613,-0.1532191288142501,76.65986908504016,104.0966085813337,121.874,131.803,108.944,spoofing,Low
Front,-0.4949070945416232,-0.03294080926522547,70.4783374849624,161.64855602411856,511.555,104.867,111.177,spoofing,Low
Front,0.240081,0.032503,148.769,0.032,99.982,214.63632585458635,318.165,noise_injection,Medium
Front,0.3060617151327044,-0.17844956296198872,14.874241675563745,29.039270112876714,622.78,106.309,100.064,spoofing,High
Back,-0.277893,-0.070402,162.179,16.357,546.577,193.17527009211733,160.5915,noise_injection,Low
Front,-0.17819953792231205,0.03444219478405057,56.67605169060767,74.05979992509776,265.832,137.942,116.476,spoofing,Low
Back,-0.115348,-0.070704,110.367,24.775,933.018,218.43931539974437,542.6700000000001,noise_injection,High
Front,-0.033742,-0.035103,184.04,8.824,668.83,237.18255298555047,341.76300000000003,noise_injection,Medium
Front,-0.23170856628583042,0.16995316600493898,113.82368828978402,-25.29896466651616,108.748,123.894,104.139,spoofing,Medium
Back,-0.074772,0.094386,80.192,6.709,234.158,114.05479597946577,541.76,noise_injection,High
Front,0.135428,0.087042,169.964,25.242,269.049,211.32744654496312,551.665,noise_injection,High
Front,-0.5366691100031411,0.1323440014501451,32.32084799139817,-27.499575000969486,169.032,153.232,117.292,spoofing,High
Front,0.5019091743909014,0.11009368872343456,161.69231243214315,82.64783219692752,737.74,102.962,105.834,spoofing,High
Back,0.177943,-0.050434,119.119,-0.883,49.861,96.44499735895909,350.802,noise_injection,Medium
Back,0.109548,0.028576,138.721,29.731,678.412,98.02434502379339,553.085,noise_injection,High
Front,-0.006179154242043669,0.009304672333979313,135.75432044725292,29.867114778716587,881.401,158.467,117.297,spoofing,Low
Front,0.153762,0.006836,52.504,19.676,674.526,134.74044499598202,168.006,noise_injection,Low
Back,-0.47844040147459,-0.13343672432948164,35.14248913185153,21.387757569203835,214.118,127.867,112.77,spoofing,Low
Back,0.180445,-0.094509,50.055,10.301,627.068,152.84615768043386,157.968,noise_injection,Low
Back,0.052085,0.080619,112.119,39.791,937.849,271.51026082304065,517.07,noise_injection,High
Front,0.246745,0.034971,44.055,4.836,129.439,79.46382770137384,567.4649999999999,noise_injection,High
Front,0.5180135160262271,-0.22400597567239833,109.44716306073144,-28.41297956892759,432.198,129.052,110.504,spoofing,High
Back,0.00048054667603805723,-0.010078772141944206,159.8433005227673,-8.15816768308724,61.663,150.373,100.107,spoofing,Low
Front,0.40688088650339893,0.08504070129759543,168.73685159428982,133.86480500516598,295.54,103.246,100.309,spoofing,Medium
Back,0.5333010620540897,-0.0236191319455855,39.43081737844038,27.86798917934815,645.498,108.948,111.92,spoofing,High
Front,0.6803725989249164,-0.0561356626724398,287.7567750739807,-14.585967286423783,771.471,137.764,106.546,spoofing,Medium
Back,0.026621,0.068975,86.083,13.271,540.992,106.74046847491915,175.78799999999998,noise_injection,Low
Back,0.09988,-0.017211,81.631,14.616,340.517,132.26589666952378,159.2835,noise_injection,Low
Back,-0.2631390467779221,0.16399574058587138,150.96635277288613,96.97386089329538,780.179,102.012,119.331,spoofing,Low
Front,0.239046,0.065609,26.371,8.835,917.804,133.27188034798374,177.5925,noise_injection,Low
Back,-0.146141,-0.041713,57.234,25.743,709.609,125.65640906144179,533.48,noise_injection,High
Front,-0.10127817296681235,0.10889491700250717,57.59703331960348,126.97221124627593,689.498,156.287,117.372,spoofing,Low
Front,-0.18875359577974715,0.1160892238736874,40.545358309433006,60.94272075617978,116.157,149.293,116.607,spoofing,Low
Back,0.0017395350284066524,-0.1538168796234354,162.9214520734146,73.14366978809338,551.808,122.53,103.591,spoofing,Medium
Back,0.063868,-0.074425,74.443,-2.415,590.147,221.24244344916332,349.467,noise_injection,Medium
Front,0.5716289271027266,0.08889453581012438,230.91535928314238,19.657043456058634,244.634,142.541,102.394,spoofing,Low
Back,-0.3347132751294094,-0.07582317710509268,43.39299094872502,50.35768169321617,799.676,126.297,105.197,spoofing,Medium
Back,0.12127376424702174,-0.17130491080637414,215.23262282339488,32.35113382578761,827.343,137.642,102.775,spoofing,Low
Front,-0.08305513342650178,0.1418785373421128,20.34792134933173,56.48830597106714,907.204,108.972,104.02,spoofing,Medium
Back,-0.22418595421507997,-0.13223307405478668,92.26951681316686,1.3172049364601353,91.17,138.482,111.365,spoofing,Medium
Back,0.13461689238038707,-0.19666461907462982,64.26851692145506,-4.943011715520454,919.331,145.646,103.76,spoofing,High
Back,-0.049983,-0.027229,116.523,16.308,149.514,70.64608930169403,348.37800000000004,noise_injection,Medium
Back,0.1034744957990744,0.09709983043590821,124.13449207162232,77.08452442659762,981.842,154.444,111.305,spoofing,Medium
Front,-0.217654,-0.059788,71.23,35.828,813.769,95.31271558373517,505.355,noise_injection,High
Front,0.227983,0.037162,100.406,0.298,489.865,144.43206103259334,515.63,noise_injection,High
Front,-0.029364221848474564,-0.19849637488754937,260.78636092637436,-13.12399804337937,100.279,129.167,100.274,spoofing,High
Back,0.105443,0.019621,164.23,-8.887,292.605,93.7765782028646,354.714,noise_injection,Medium
Back,-0.023173,0.02535,102.442,21.436,636.776,173.64896279512564,324.82500000000005,noise_injection,Medium
Front,0.22283624495058413,-0.05602447272426116,207.50377214399336,25.187220325076556,572.301,111.856,100.901,spoofing,Medium
Back,0.189541,0.011678,116.946,15.258,970.134,87.4697788928247,313.14,noise_injection,Medium
Front,-0.1237681131339376,-0.11380558944466888,35.75377734385138,122.21756922256913,12.143,135.453,105.834,spoofing,Low
Back,-0.230655,0.092843,69.635,6.326,732.096,162.5235586098396,510.4,noise_injection,High
Front,-0.3233031364389968,-0.09147401567575804,212.67279961835405,146.64977853610225,660.965,150.441,113.687,spoofing,Medium
Front,0.4663904347874899,0.06399471565029177,138.67976061083226,-15.7793632537795,638.701,101.285,106.203,spoofing,Low
Back,0.4488883563035708,-0.18844044829098278,159.90567444237507,143.68623272633096,763.966,146.225,105.485,spoofing,Medium
Front,-0.3985059296931051,0.00484535541076378,144.1053560890759,-5.246377310128407,327.87,112.334,118.14,spoofing,Medium
Back,0.215752,0.034965,79.444,37.586,695.677,59.760548576883714,313.371,noise_injection,Medium
Back,0.200674,-0.059597,21.324,28.641,721.059,238.0320296134204,325.56,noise_injection,Medium
Front,-0.024553,0.075483,135.531,36.962,720.515,130.41708664409495,179.1015,noise_injection,Low
Back,0.006704522115213191,-0.19145361068450834,199.52961832678363,-22.985345712659146,990.345,141.324,104.867,spoofing,Medium
Back,0.155537,0.00515,124.706,29.435,263.441,151.23907397256394,179.046,noise_injection,Low
Back,0.254494,0.038108,58.822,30.411,387.244,152.7756975876495,179.076,noise_injection,Low
Front,-0.141919,-0.061083,129.601,7.245,235.642,182.53836615663135,581.11,noise_injection,High
Back,-0.09147850796422177,0.08380996378929297,222.3242098426998,-8.053543718369541,244.621,119.53,103.325,spoofing,High
Front,-0.009467,-0.022193,39.667,5.52,261.549,280.30977849523055,173.736,noise_injection,Low
Front,-0.240421,-0.00827,123.277,23.347,274.413,165.0605272733429,583.96,noise_injection,High
Back,-0.035624,-0.01864,115.389,25.764,960.157,284.58937626372335,302.604,noise_injection,Medium
Front,0.6668898624908497,0.004112170856624714,182.78393519979093,-9.048521429184353,314.895,158.067,119.132,spoofing,Medium
Front,0.112497,-0.029639,150.245,14.025,301.281,76.82643961347873,358.668,noise_injection,Medium
Front,0.127529,-0.076359,179.248,20.301,354.163,112.32190314767246,558.655,noise_injection,High
Back,0.25694877050845233,0.12511000404905526,89.51979295049357,7.141699269404821,461.077,106.406,110.347,spoofing,Low
Front,0.212013,-0.056084,137.502,8.069,644.561,156.7949600108612,542.86,noise_injection,High
Front,0.262627,-0.008373,147.199,-8.472,955.981,172.77562729356805,161.937,noise_injection,Low
Back,0.046277,0.083372,161.018,1.853,312.774,297.1876110094625,587.47,noise_injection,High
Front,0.3506362032646899,0.09983765498335169,193.02130445499554,9.510801802048446,699.884,138.508,100.443,spoofing,Medium
Front,-0.114867,0.082657,168.778,-8.359,968.405,132.69352009289727,170.9865,noise_injection,Low
Front,0.1258,-0.020613,36.128,20.678,636.03,95.64964447672688,165.8445,noise_injection,Low
Back,0.2728386298612907,-0.08808031344962049,28.650140619098575,41.589817470980265,563.788,156.698,116.279,spoofing,Low
Front,0.204545,-0.022498,150.413,-4.01,949.478,212.7248067737205,311.241,noise_injection,Medium
Back,-0.2498837117442823,-0.022685881187258727,51.63176914986064,-7.383337787010058,210.352,129.105,103.592,spoofing,Low
Back,-0.16175016687574706,-0.021485743688734904,36.240126491240744,118.24937870370027,474.754,102.307,114.11,spoofing,High
Front,-0.237293,-0.021995,124.552,18.308,604.938,106.76699447404853,165.21,noise_injection,Low
Front,0.29746167673346746,-0.06273271092117529,192.8680635412998,-40.92092216993734,339.887,157.673,110.108,spoofing,Low
Back,0.201679,-0.048209,187.412,-1.848,503.053,163.2099259581477,320.973,noise_injection,Medium
Front,0.42297450509658485,0.000648989510477857,111.82606755274978,142.5066207220993,399.615,153.61,117.122,spoofing,Medium
Front,-0.072132,-0.005352,100.534,27.565,924.699,109.32838857292023,326.892,noise_injection,Medium
Front,-0.04158142445768795,0.11118990170212609,135.79449075268298,29.458255426088204,773.241,119.7,112.623,spoofing,Medium
Front,-0.049245,0.099941,166.544,21.143,466.291,108.48260492812742,580.785,noise_injection,High
Front,-0.15507043492419137,0.06665910109410468,17.679393206485628,-16.60162456663691,300.781,103.636,113.965,spoofing,High
Back,-0.1213736499743289,0.14836181773174234,61.044315765276664,86.45768760276641,748.016,149.166,114.118,spoofing,Medium
Front,-0.15617001448975754,-0.06265014557528029,108.3946467611892,27.885529871379916,760.153,106.468,111.225,spoofing,High
Back,-0.0017716324884631263,-0.20698367987131316,85.00184251403186,111.24962949889537,486.382,152.824,110.384,spoofing,Medium
Front,-0.2030570143448467,0.0378525122903558,142.3535481679915,37.76321752249626,226.582,110.341,102.87,spoofing,Medium
Back,0.22830505787620597,-0.09269175102363628,75.40447702256154,72.30308250207987,808.551,153.924,109.037,spoofing,Low
Front,-0.38463858612560603,-0.054891484257569775,174.93639674054745,71.33329846629454,29.83,153.292,106.906,spoofing,High
Front,-0.215218,0.082117,94.375,18.372,369.696,76.58259752192917,160.4715,noise_injection,Low
Front,-0.029395,-0.011921,25.16,16.758,153.958,185.4322322424624,327.16200000000003,noise_injection,Medium
Front,-0.223823,0.011677,147.859,18.166,675.299,260.0533534389862,160.407,noise_injection,Low
Front,-0.13033787418754644,-0.24192214132030715,115.96206908471714,109.65075010902869,96.316,133.855,114.037,spoofing,Medium
Front,-0.24329,-0.087394,79.985,23.475,857.27,98.59078558487381,152.05349999999999,noise_injection,Low
Back,0.197136,-0.073171,164.85,26.932,108.238,133.99955975241534,162.7545,noise_injection,Low
Front,-0.16681,0.098063,69.752,11.608,673.615,164.81789747343697,563.79,noise_injection,High
Back,-0.3129712942345339,-0.2246802137851165,127.9592862526987,-22.242298696408273,51.351,107.958,119.068,spoofing,Medium
Front,-0.038211932460856884,-0.009377980256775442,38.01175141940692,-7.776406767594964,104.117,101.512,102.161,spoofing,Low
Back,0.251813,-0.067685,48.066,-8.135,188.454,60.41203719564797,172.266,noise_injection,Low
Back,-0.133779,0.092938,25.71,2.073,588.254,127.74018231062823,158.69549999999998,noise_injection,Low
Back,0.2665591633514574,-0.06619422567978611,229.58966533549662,41.21063167766981,658.334,138.303,108.853,spoofing,Low
Back,0.5169035912126249,-0.02368882004099398,71.99254320289843,-16.044513256265166,68.46,109.225,118.916,spoofing,Medium
Front,-0.2259113427480356,-0.03186175185130816,115.84544709515247,-1.9487028736247691,141.453,112.415,104.604,spoofing,Medium
Back,0.20819893539588283,0.16760983069574498,37.07688728071138,105.11423278155262,147.151,105.053,108.555,spoofing,Medium
Front,-0.042205,-0.048869,35.838,3.556,419.854,158.62363731990294,308.59499999999997,noise_injection,Medium
Front,-0.157520471120657,-0.09656649397078745,31.946737105241457,-32.363884215087495,635.467,110.186,100.491,spoofing,High
Back,0.35374856468273946,-0.030678724463505107,109.64293459238115,-26.98362150979743,926.77,123.922,106.615,spoofing,High
Front,0.576665980906896,-0.041115150789346404,263.98239962664655,4.097738205358056,983.75,145.948,109.506,spoofing,Low
Front,0.34269757732395034,-0.256869903579886,76.92522022271514,21.789716838978222,368.136,111.298,108.048,spoofing,Low
Front,-0.140408,-0.032196,98.821,8.678,268.003,120.84909260955529,519.63,noise_injection,High
Back,0.257323,0.090166,40.169,21.421,827.677,258.09098277622456,164.25,noise_injection,Low
Back,0.34051102607836053,-0.1098509108423647,144.92290915464795,27.893275776992365,131.126,126.722,110.872,spoofing,Low
Front,0.298214,-0.036666,109.867,15.438,264.113,190.09441922680446,315.945,noise_injection,Medium
Front,-0.030275340795585914,-0.0749584316252357,55.259653328466165,34.53968395198724,171.713,115.344,111.719,spoofing,Low
Front,0.00311,-0.049045,78.343,28.175,987.495,117.12800203292036,556.755,noise_injection,High
Front,-0.3651394239997879,-0.11887587429115248,61.734245898081106,109.83508950089862,363.973,101.634,115.15,spoofing,Medium
Front,-0.159153,0.037389,197.234,30.542,748.641,164.47563947988775,314.958,noise_injection,Medium
Back,0.228375,-0.065814,110.809,27.446,234.471,73.65428294572466,338.517,noise_injection,Medium
Back,0.293259,-0.068729,41.365,27.452,71.061,152.34024774953642,161.139,noise_injection,Low
Back,0.165322,0.09362,114.303,28.788,792.865,183.83912620304554,152.853,noise_injection,Low
Front,0.20983318844697393,0.18838124996707067,52.0690495433382,97.34980371834932,548.248,111.717,109.772,spoofing,High
Back,0.099281,-0.053628,152.353,-3.175,715.477,224.54645627389087,594.1949999999999,noise_injection,High
Back,0.5083405252528196,-0.2754411220181282,132.93135314639883,76.0312701921931,21.201,157.6,113.526,spoofing,Low
Front,0.2557242139740278,0.053882656717932756,154.23545379186163,-21.468397343272777,418.302,126.525,113.804,spoofing,High
Front,-0.066419,0.037433,29.674,1.168,291.68,264.6601790327207,158.1105,noise_injection,Low
Back,0.033604,-0.031307,173.922,-4.677,470.922,258.3287680282137,556.075,noise_injection,High
Front,0.2798976312720511,-0.11187115054304603,59.64031578110045,95.64975480272116,175.183,146.459,100.954,spoofing,Low
Front,0.030615,-0.067555,132.786,4.675,885.961,106.88166616886065,512.025,noise_injection,High
Front,0.17085746284027253,0.08266579054328999,53.31846557438499,157.58749351451516,784.287,104.42,111.715,spoofing,Low
Back,0.11103137949459271,0.08675111666024155,46.70579629195685,108.79746929961749,991.731,135.148,114.767,spoofing,Low
Front,0.166549,-0.016816,118.74,20.646,801.031,78.8141399265329,314.127,noise_injection,Medium
Back,0.001857,-0.064026,118.002,16.776,239.848,95.45845124017464,597.9549999999999,noise_injection,High
Front,-0.3005394200913924,-0.03066478763841124,65.94156584587567,69.18173611177929,446.838,137.311,110.977,spoofing,Low
Front,0.2517319607077028,0.2958676056103157,49.38274846789979,36.41656964992842,525.854,102.331,109.361,spoofing,High
Front,-0.23252656539189456,-0.058194094815970786,62.05072912967462,-5.2423225485226785,601.608,141.182,106.49,spoofing,Low
Front,0.214554,0.01213,174.775,9.761,762.956,164.68707060012468,300.132,noise_injection,Medium
Back,-0.052992456518526826,-0.12351107920192786,120.93128783852825,102.00818233510817,248.77,114.68,115.124,spoofing,Medium
Front,0.07985137449901702,-0.14906141892122649,195.4754227335854,59.51782558330042,836.126,157.081,104.25,spoofing,Medium
Front,-0.222596,-0.069243,37.001,3.402,435.491,160.50539561729855,153.906,noise_injection,Low
Back,0.294159,0.052913,173.27,20.339,901.526,152.87559881441683,539.885,noise_injection,High
Back,0.35745772341235826,-0.14039948997484025,17.837924064602536,84.70967814375983,877.842,135.313,118.583,spoofing,Medium
Front,0.292429,-0.091565,74.102,-6.536,529.852,199.41071576383598,315.579,noise_injection,Medium
Back,0.4490566055935519,0.06653715426746848,30.614271297906964,-7.466316452180668,380.165,134.436,108.805,spoofing,High
Front,0.223587,0.092736,113.447,-0.857,563.501,236.34890340786222,359.1,noise_injection,Medium
Back,-0.297136,-0.04068,148.563,33.019,422.677,218.0975665496669,359.436,noise_injection,Medium
Back,-0.013554,-0.057061,129.329,38.884,394.14,185.29052393093568,164.877,noise_injection,Low
Front,-0.4494204218918551,-0.13177604822121203,131.30396136417187,-18.060302248801055,458.739,147.311,101.53,spoofing,Medium
Back,0.27415,0.036559,33.846,29.54,931.091,114.41370875923923,164.667,noise_injection,Low
