X,Y,Z,Intensity,Threat_Type,Attack_Severity
-10.558,-20.478,1.324,222.32,Normal,None
-19.058,-48.951,1.393,63.369,Normal,None
42.692,-1.764,-4.099,147.528,Normal,None
-7.153,9.345,1.085,174.685,Normal,None
30.941,11.727,4.476,148.612,Normal,None
38.366,4.447,-4.556,221.132,Normal,None
45.453,3.789,-2.12,198.289,Normal,None
26.235,25.679,-4.595,74.854,Normal,None
47.041,-8.375,3.835,213.669,Normal,None
-35.031,29.765,-0.22,44.548,Normal,None
-19.635,-22.622,-4.38,56.966,Normal,None
-44.101,-49.258,2.551,69.52,Normal,None
-47.967,-49.802,0.356,174.068,Normal,None
-38.144,14.417,-2.875,38.107,Normal,None
-27.926,14.05,-0.735,239.995,Normal,None
3.262,-31.38,-0.785,166.475,Normal,None
-21.338,-0.233,3.053,68.25,Normal,None
39.108,-48.7,3.723,97.96,Normal,None
15.788,2.518,2.788,250.988,Normal,None
48.902,1.428,4.682,58.966,Normal,None
1.344,-12.499,3.752,150.516,Normal,None
47.173,-17.501,1.435,138.893,Normal,None
-12.661,38.523,0.357,151.188,Normal,None
32.843,9.617,-1.376,39.397,Normal,None
-15.752,-1.333,-2.267,64.329,Normal,None
7.735,22.053,2.569,87.74,Normal,None
-25.991,-34.6,-2.454,111.064,Normal,None
28.271,17.071,-0.749,41.971,Normal,None
30.982,-13.143,-0.127,194.179,Normal,None
48.017,-46.118,-0.019,127.984,Normal,None
11.949,43.304,-2.01,71.58,Normal,None
-42.84,35.934,-4.867,117.918,Normal,None
-17.296,-20.042,0.797,225.791,Normal,None
5.114,-33.48,1.869,139.647,Normal,None
-27.773,-46.997,-4.744,156.911,Normal,None
14.653,40.145,3.711,246.587,Normal,None
27.971,5.463,-3.958,164.478,Normal,None
26.382,-40.616,0.654,106.034,Normal,None
2.723,-2.191,0.023,144.648,Normal,None
32.185,-45.887,-4.631,23.165,Normal,None
14.719,-33.6,0.046,41.031,Normal,None
-3.034,21.859,-3.644,156.131,Normal,None
34.411,-20.022,-3.963,178.405,Normal,None
21.98,-12.001,0.152,32.318,Normal,None
-36.396,-9.027,2.183,231.944,Normal,None
16.179,13.531,2.378,0.351,Normal,None
-2.779,-40.895,-3.041,45.685,Normal,None
38.061,-38.477,-4.221,120.289,Normal,None
31.154,15.0,4.484,224.3,Normal,None
-33.067,-17.095,-1.399,167.26,Normal,None
-41.578,-12.191,4.022,251.041,Normal,None
35.389,-21.182,-2.504,139.162,Normal,None
45.045,12.112,-2.136,43.857,Normal,None
-39.586,25.525,1.687,113.875,Normal,None
-22.476,0.165,-3.331,11.6,Normal,None
10.35,-16.478,0.641,7.879,Normal,None
-34.538,-28.712,4.565,148.229,Normal,None
-18.035,-35.781,-4.014,39.731,Normal,None
16.917,-43.632,-2.779,17.953,Normal,None
-16.702,-37.854,-0.084,204.315,Normal,None
-7.275,20.935,-0.409,26.583,Normal,None
-20.078,10.946,-2.347,121.737,Normal,None
-0.543,18.704,-0.662,109.607,Normal,None
14.898,23.088,-3.275,205.824,Normal,None
-27.288,-27.871,1.416,29.764,Normal,None
-22.96,11.427,-1.719,52.968,Normal,None
29.212,25.032,-2.911,156.031,Normal,None
-23.228,27.234,3.993,197.687,Normal,None
3.825,47.22,-2.673,108.473,Normal,None
26.894,-23.231,-2.958,172.577,Normal,None
47.638,-34.721,4.516,159.122,Normal,None
38.341,-40.194,-0.916,194.651,Normal,None
-41.032,-21.875,0.007,181.241,Normal,None
-30.136,-1.703,4.02,172.135,Normal,None
-25.322,15.185,4.613,83.744,Normal,None
48.255,30.883,-3.653,100.916,Normal,None
-27.967,-7.076,2.904,209.198,Normal,None
-29.138,-36.611,3.113,59.284,Normal,None
14.761,26.111,1.261,49.342,Normal,None
-31.354,34.883,3.183,105.065,Normal,None
-31.707,20.799,-1.388,118.162,Normal,None
-20.012,0.808,4.96,52.998,Normal,None
-1.307,-2.38,-3.621,6.237,Normal,None
14.598,-18.44,-3.992,242.548,Normal,None
-49.84,-9.838,-3.07,69.377,Normal,None
7.187,10.397,1.208,202.911,Normal,None
-31.589,40.964,0.685,67.665,Normal,None
-5.613,9.235,1.192,248.806,Normal,None
21.331,-36.358,0.637,90.21,Normal,None
-17.999,8.694,4.95,83.444,Normal,None
17.916,19.134,2.567,145.723,Normal,None
-43.969,33.763,1.437,104.741,Normal,None
45.196,-27.075,1.866,189.915,Normal,None
-5.94,-2.434,-4.57,58.76,Normal,None
5.893,39.839,2.116,51.607,Normal,None
-29.2,-16.069,-0.658,182.004,Normal,None
34.589,-11.631,-4.984,250.536,Normal,None
34.957,28.171,1.267,190.649,Normal,None
33.475,9.455,1.372,165.742,Normal,None
40.135,-27.03,0.191,10.131,Normal,None
41.462,45.569,-0.862,158.578,Normal,None
38.937,43.222,-3.847,158.801,Normal,None
-5.223,26.703,-3.363,199.729,Normal,None
-11.567,33.147,1.423,223.212,Normal,None
-23.087,-49.05,0.751,88.445,Normal,None
-41.448,7.851,-4.069,220.143,Normal,None
1.471,-19.581,-4.338,118.848,Normal,None
24.536,-28.912,2.42,190.993,Normal,None
-39.857,-37.421,-2.557,127.924,Normal,None
-46.252,5.915,4.416,107.683,Normal,None
-9.869,18.614,2.288,119.765,Normal,None
21.906,7.644,4.448,17.508,Normal,None
26.92,-21.212,2.14,29.819,Normal,None
9.664,-5.293,2.732,90.081,Normal,None
-8.823,-15.07,-1.144,218.228,Normal,None
40.348,-37.311,1.199,108.91,Normal,None
-22.893,-30.998,-1.264,2.933,Normal,None
-25.147,9.9,2.085,120.983,Normal,None
21.14,49.893,0.192,199.349,Normal,None
8.958,34.87,2.437,201.362,Normal,None
16.622,-19.536,-1.184,227.344,Normal,None
-3.058,38.96,0.892,219.967,Normal,None
-13.824,-9.588,-1.681,254.876,Normal,None
44.402,-32.51,1.182,99.682,Normal,None
31.23,-27.597,4.543,115.563,Normal,None
-21.62,25.155,1.435,127.406,Normal,None
-24.936,43.255,-4.942,174.872,Normal,None
-17.787,2.406,3.02,5.77,Normal,None
-6.943,-2.472,-0.015,56.23,Normal,None
26.458,39.825,1.26,226.987,Normal,None
19.812,-19.834,-4.234,130.283,Normal,None
8.057,13.873,-3.6,114.657,Normal,None
-35.417,-40.546,-2.469,93.44,Normal,None
-23.026,-19.773,-0.397,125.242,Normal,None
-48.397,-12.482,1.781,8.961,Normal,None
12.136,-27.182,-0.034,17.745,Normal,None
-13.802,24.172,-4.749,167.088,Normal,None
33.976,28.491,-0.466,47.865,Normal,None
19.067,-23.047,-3.046,36.511,Normal,None
-8.104,-42.686,-4.602,186.688,Normal,None
-28.158,2.216,-2.043,229.617,Normal,None
-39.225,42.359,2.148,198.617,Normal,None
15.07,20.409,-0.957,56.66,Normal,None
-48.959,-41.055,-4.781,185.637,Normal,None
-23.904,0.617,0.624,44.101,Normal,None
-13.377,46.754,-1.102,111.667,Normal,None
-47.761,43.812,-3.119,65.702,Normal,None
-27.186,32.192,3.676,49.584,Normal,None
-2.95,-6.768,1.02,14.184,Normal,None
-27.401,6.456,-0.244,220.073,Normal,None
-35.274,40.049,1.726,49.544,Normal,None
13.866,3.58,4.725,123.535,Normal,None
38.84,15.799,2.965,191.063,Normal,None
-16.983,-47.117,-1.831,190.505,Normal,None
46.758,20.26,1.799,157.765,Normal,None
26.073,2.395,0.353,186.131,Normal,None
19.898,-12.877,4.69,71.715,Normal,None
-9.946,38.269,-3.992,196.796,Normal,None
-10.638,14.643,0.588,190.912,Normal,None
27.776,-5.44,3.805,130.626,Normal,None
-37.111,-0.329,-3.193,161.825,Normal,None
-4.224,6.767,-4.304,7.086,Normal,None
-24.378,27.28,3.614,84.933,Normal,None
-39.128,-28.564,-1.662,67.219,Normal,None
45.028,41.228,2.175,227.103,Normal,None
-33.969,-10.636,1.603,17.822,Normal,None
49.535,14.667,-1.288,168.867,Normal,None
-3.07,29.481,0.478,31.737,Normal,None
-25.535,-41.768,-2.831,76.274,Normal,None
-0.724,-24.337,3.879,102.688,Normal,None
1.319,48.629,4.082,229.912,Normal,None
39.899,-0.902,-0.411,55.563,Normal,None
-34.517,-4.18,-1.722,93.149,Normal,None
-42.904,21.819,2.953,40.859,Normal,None
18.055,-25.375,4.152,69.492,Normal,None
27.8,42.602,-0.69,57.875,Normal,None
23.328,15.652,2.122,225.873,Normal,None
0.595,19.324,1.062,167.341,Normal,None
-26.584,-39.923,-4.14,121.634,Normal,None
-16.807,32.307,1.692,31.194,Normal,None
41.976,29.359,-0.189,69.002,Normal,None
-15.372,33.032,4.197,32.766,Normal,None
4.942,30.578,-2.589,207.958,Normal,None
-33.83,15.445,-2.032,176.786,Normal,None
-13.742,49.3,-2.963,190.903,Normal,None
42.591,22.086,1.049,243.635,Normal,None
-14.017,-32.449,-4.607,75.761,Normal,None
28.754,45.404,2.36,252.883,Normal,None
3.158,-31.868,-2.019,103.072,Normal,None
46.883,32.255,-1.468,179.138,Normal,None
-29.447,10.988,-3.78,231.694,Normal,None
-41.918,28.848,-4.49,67.886,Normal,None
18.128,-18.781,2.643,253.778,Normal,None
35.327,44.262,2.396,176.371,Normal,None
20.044,37.553,-0.152,117.174,Normal,None
2.893,-44.483,0.704,89.76,Normal,None
23.469,47.744,1.54,41.765,Normal,None
30.47,-37.976,1.732,71.911,Normal,None
-8.111,-37.075,-1.685,62.704,Normal,None
45.381,42.107,3.381,16.75,Normal,None
-35.116,33.173,4.826,115.738,Normal,None
-30.707,-6.491,-2.976,68.01,Normal,None
-48.831,-3.333,1.791,144.467,Normal,None
-15.002,-31.898,-1.54,53.355,Normal,None
14.431,-43.828,3.812,28.65,Normal,None
-15.97,18.141,-4.404,154.885,Normal,None
-7.795,-25.266,2.876,72.879,Normal,None
-28.369,9.325,1.061,75.328,Normal,None
-48.349,26.334,3.622,104.914,Normal,None
19.044,-10.776,-3.642,8.582,Normal,None
-2.855,-36.892,0.676,46.229,Normal,None
-41.023,11.4,4.859,167.28,Normal,None
-39.968,32.533,3.809,9.596,Normal,None
38.1,32.115,3.125,25.298,Normal,None
47.283,-37.186,2.61,186.35,Normal,None
-12.268,47.832,4.554,254.198,Normal,None
-26.863,26.753,-3.283,25.405,Normal,None
-10.227,24.905,-2.939,42.221,Normal,None
32.479,41.09,4.847,204.805,Normal,None
-5.062,-29.823,-4.319,148.497,Normal,None
-38.36,19.453,3.054,103.023,Normal,None
45.351,14.516,3.45,12.577,Normal,None
33.997,29.634,3.977,69.943,Normal,None
37.302,31.357,-4.026,66.199,Normal,None
-1.15,27.728,4.476,62.92,Normal,None
45.263,-13.018,-2.522,2.67,Normal,None
23.428,43.471,-4.588,23.598,Normal,None
-19.148,39.917,-2.587,161.296,Normal,None
-19.745,36.524,-4.652,154.076,Normal,None
18.981,31.284,-0.42,241.668,Normal,None
-15.001,-48.209,3.388,22.649,Normal,None
-30.717,-49.684,-4.708,164.467,Normal,None
2.455,-25.392,-4.429,38.786,Normal,None
-32.807,-35.856,0.677,62.178,Normal,None
-37.883,-22.974,3.193,47.694,Normal,None
8.39,23.861,0.874,47.015,Normal,None
-24.603,45.069,-3.866,18.321,Normal,None
9.078,27.803,0.219,0.263,Normal,None
-5.639,14.94,3.341,251.456,Normal,None
47.036,46.392,1.557,185.933,Normal,None
-45.247,-30.229,4.177,115.208,Normal,None
-43.856,-47.851,-3.968,137.287,Normal,None
3.492,-20.822,4.103,171.734,Normal,None
-4.26,-34.043,2.74,96.595,Normal,None
7.041,6.669,0.704,5.76,Normal,None
-23.842,-1.505,2.389,31.197,Normal,None
-49.558,6.93,4.018,190.393,Normal,None
-8.138,44.806,3.081,242.953,Normal,None
-31.019,-15.43,0.14,117.816,Normal,None
28.98,47.3,-2.774,127.252,Normal,None
-19.284,-10.986,-2.638,126.843,Normal,None
46.146,-37.636,4.758,20.19,Normal,None
-16.424,-31.793,-2.63,190.862,Normal,None
-20.607,-19.721,3.617,145.266,Normal,None
-3.231,49.134,-2.788,105.978,Normal,None
-36.716,-44.914,0.055,156.404,Normal,None
-0.948,-48.0,-3.706,104.537,Normal,None
-37.017,49.235,-3.382,41.247,Normal,None
49.046,-21.095,3.46,164.645,Normal,None
-47.615,-19.908,-1.763,184.223,Normal,None
-16.981,-16.578,-1.518,246.981,Normal,None
-6.281,13.946,0.431,63.151,Normal,None
36.901,44.522,-1.43,25.746,Normal,None
-47.806,7.464,-2.678,33.802,Normal,None
49.843,7.523,-4.843,131.956,Normal,None
48.711,27.182,1.889,67.562,Normal,None
-22.521,43.877,4.992,201.88,Normal,None
-49.053,7.231,-0.765,78.626,Normal,None
43.939,-35.133,0.812,138.517,Normal,None
14.833,-40.011,-1.731,98.851,Normal,None
15.372,4.399,2.543,146.857,Normal,None
-8.689,28.579,-1.831,63.255,Normal,None
-3.768,-5.331,-0.768,194.074,Normal,None
-41.856,-12.924,-1.326,105.074,Normal,None
12.508,41.943,-4.962,73.811,Normal,None
-34.905,42.628,1.369,98.958,Normal,None
-32.385,-38.017,2.234,192.506,Normal,None
37.776,-28.864,-0.119,84.914,Normal,None
-6.437,34.036,-0.049,242.383,Normal,None
-14.433,-28.36,-4.07,231.928,Normal,None
48.007,-12.902,-1.708,88.537,Normal,None
24.915,-24.837,-0.369,110.965,Normal,None
-49.803,-37.081,-0.111,202.647,Normal,None
36.379,3.236,3.201,44.0,Normal,None
-26.384,14.116,3.458,181.912,Normal,None
5.35,10.442,-0.241,35.259,Normal,None
-28.331,-18.288,0.447,47.796,Normal,None
-1.026,-40.71,0.483,134.153,Normal,None
46.594,-9.677,-0.756,138.696,Normal,None
13.689,-24.52,-2.031,55.256,Normal,None
-18.143,1.383,-0.569,208.997,Normal,None
49.335,-48.83,4.352,42.382,Normal,None
-37.066,-49.857,-0.672,220.716,Normal,None
-43.443,-48.423,-2.268,83.199,Normal,None
44.645,-7.479,3.813,204.682,Normal,None
46.895,-29.573,3.438,41.558,Normal,None
15.396,-42.245,-1.86,8.593,Normal,None
-29.281,-17.911,1.897,62.392,Normal,None
-39.686,20.187,1.923,132.293,Normal,None
-19.161,-43.424,0.818,194.087,Normal,None
42.138,-20.324,3.508,23.543,Normal,None
10.935,32.01,-3.246,168.487,Normal,None
15.846,-44.972,1.34,150.252,Normal,None
26.796,-30.971,-4.143,91.981,Normal,None
-28.649,-30.681,-0.906,52.481,Normal,None
-0.345,-36.555,-3.15,180.632,Normal,None
-28.439,2.815,2.298,38.868,Normal,None
36.253,-44.913,2.562,120.581,Normal,None
36.508,33.443,4.224,5.323,Normal,None
-7.003,-49.568,2.839,6.093,Normal,None
34.515,-28.674,-0.139,158.789,Normal,None
-21.189,2.39,-4.045,223.03,Normal,None
44.949,31.206,-1.293,11.259,Normal,None
25.296,-35.695,-0.075,45.781,Normal,None
3.086,-12.773,2.062,30.542,Normal,None
-8.773,-28.479,-1.24,120.366,Normal,None
4.731,19.29,-3.014,14.733,Normal,None
3.998,22.414,4.856,178.031,Normal,None
37.173,28.122,-0.495,106.171,Normal,None
-29.44,47.034,1.17,195.618,Normal,None
-8.56,-8.683,-2.675,240.036,Normal,None
20.929,43.025,-2.761,254.646,Normal,None
8.403,-19.969,0.419,55.858,Normal,None
-27.617,-3.619,1.111,166.21,Normal,None
-4.567,28.443,4.647,172.048,Normal,None
-33.26,24.13,2.826,56.696,Normal,None
9.584,14.609,3.665,115.204,Normal,None
-19.633,-28.402,-1.425,61.87,Normal,None
3.169,-15.934,-0.598,47.722,Normal,None
48.132,-6.469,3.433,81.724,Normal,None
4.384,49.183,2.515,20.559,Normal,None
-30.1,2.637,-4.584,229.221,Normal,None
-26.728,-41.705,4.193,8.034,Normal,None
31.257,30.601,-4.589,240.984,Normal,None
-4.449,12.558,3.859,163.557,Normal,None
-28.804,44.674,-0.751,10.802,Normal,None
-3.563,22.043,4.419,172.08,Normal,None
-43.908,34.078,-2.387,35.066,Normal,None
-24.259,-43.126,-0.403,205.238,Normal,None
-22.199,-27.373,2.045,227.309,Normal,None
-29.0,40.111,1.092,218.807,Normal,None
2.044,-34.685,4.599,116.919,Normal,None
-29.834,-3.791,-4.73,137.501,Normal,None
46.761,-0.303,4.062,109.445,Normal,None
45.245,-10.839,-2.664,16.407,Normal,None
-21.329,11.925,-3.418,151.446,Normal,None
-39.499,-10.642,2.991,13.438,Normal,None
44.311,-25.281,-1.35,36.866,Normal,None
-46.229,3.524,0.198,249.29,Normal,None
24.062,-19.238,-3.26,231.484,Normal,None
-36.154,-24.51,0.808,81.361,Normal,None
11.861,-49.39,0.608,150.958,Normal,None
24.966,-47.542,-1.084,61.979,Normal,None
27.565,-0.531,4.845,91.644,Normal,None
45.792,16.444,-4.16,199.566,Normal,None
-36.436,22.136,-0.065,144.508,Normal,None
5.967,27.368,-1.92,76.949,Normal,None
32.072,0.877,4.488,99.628,Normal,None
-38.888,14.569,-0.643,97.035,Normal,None
46.76,17.425,3.71,94.104,Normal,None
-21.767,37.828,-1.334,235.694,Normal,None
21.157,11.599,2.061,55.027,Normal,None
-25.04,-11.961,-3.421,27.363,Normal,None
7.421,31.446,1.506,78.246,Normal,None
6.581,42.883,1.864,236.616,Normal,None
-8.31,5.063,4.651,56.047,Normal,None
-24.396,-40.068,-0.901,43.702,Normal,None
49.904,40.307,1.504,20.663,Normal,None
37.017,-36.088,4.404,80.969,Normal,None
28.874,19.918,-4.284,18.166,Normal,None
7.677,10.055,3.567,49.538,Normal,None
30.306,-37.63,-3.065,160.669,Normal,None
17.49,33.439,1.314,208.668,Normal,None
19.267,44.146,-4.934,53.593,Normal,None
48.776,19.043,2.088,202.062,Normal,None
37.563,8.667,-0.51,24.097,Normal,None
-11.12,-16.637,0.751,179.285,Normal,None
7.58,2.24,2.438,161.194,Normal,None
-0.925,-32.3,-4.56,191.906,Normal,None
-43.173,-20.089,-3.637,241.365,Normal,None
-41.379,46.641,1.629,92.148,Normal,None
27.546,6.191,-1.161,73.881,Normal,None
45.714,-49.738,2.679,119.807,Normal,None
-14.237,-46.475,-2.538,127.475,Normal,None
-15.598,41.572,4.358,246.519,Normal,None
-9.867,-46.491,-2.869,44.574,Normal,None
2.999,-42.079,0.361,78.203,Normal,None
-43.887,-0.983,-2.001,110.5,Normal,None
4.348,38.113,2.411,11.339,Normal,None
33.937,43.001,-0.883,74.941,Normal,None
15.045,7.554,-3.536,214.99,Normal,None
-24.133,-4.247,3.524,129.371,Normal,None
-11.512,33.244,-3.785,219.237,Normal,None
6.01,-13.11,0.415,230.676,Normal,None
-25.891,7.328,3.127,73.252,Normal,None
36.129,-49.54,0.279,198.262,Normal,None
-27.412,46.684,2.967,43.545,Normal,None
19.113,-30.854,-1.303,25.951,Normal,None
-29.658,22.832,3.731,242.575,Normal,None
-45.311,-39.076,0.201,199.069,Normal,None
-16.306,22.631,0.395,194.848,Normal,None
38.133,19.394,4.485,25.203,Normal,None
-35.16,26.963,-0.32,102.855,Normal,None
30.674,-5.066,1.715,60.689,Normal,None
47.52,35.367,-3.122,247.551,Normal,None
-44.149,-30.233,-1.762,87.868,Normal,None
34.033,-18.808,1.348,225.177,Normal,None
-49.845,-12.197,4.29,183.481,Normal,None
5.751,17.338,2.925,185.291,Normal,None
-34.249,-32.854,0.105,84.467,Normal,None
26.144,-34.202,1.731,218.727,Normal,None
46.648,-7.769,3.461,189.829,Normal,None
5.423,43.375,1.567,81.204,Normal,None
8.27,39.834,2.332,75.156,Normal,None
32.853,-14.668,1.494,198.876,Normal,None
-44.84,-20.451,1.563,31.95,Normal,None
37.381,-29.91,1.051,181.594,Normal,None
32.57,-37.857,3.482,68.739,Normal,None
48.994,-37.996,3.619,181.63,Normal,None
15.651,8.701,1.68,174.758,Normal,None
-2.751,-8.127,4.752,132.528,Normal,None
20.635,20.452,-1.138,27.143,Normal,None
-44.558,-29.814,-3.909,66.781,Normal,None
-29.261,-34.446,3.351,185.463,Normal,None
6.619,-47.409,3.522,204.936,Normal,None
28.286,49.673,-2.118,182.439,Normal,None
-19.177,-23.496,-4.492,220.558,Normal,None
19.111,29.951,-2.18,224.715,Normal,None
-3.696,-14.145,-4.606,70.29,Normal,None
29.352,-26.625,2.624,27.368,Normal,None
5.492,-31.256,2.347,145.666,Normal,None
-0.533,13.976,-2.685,147.64,Normal,None
17.399,-11.057,3.08,166.433,Normal,None
24.285,1.137,-2.819,48.795,Normal,None
-19.383,-34.551,1.049,64.831,Normal,None
-47.718,-42.826,1.866,215.757,Normal,None
0.697,-36.37,4.557,116.333,Normal,None
-28.558,22.125,2.914,176.447,Normal,None
-8.494,-46.852,-2.802,53.719,Normal,None
-5.507,6.157,-2.41,50.557,Normal,None
5.658,-6.295,-3.599,45.64,Normal,None
31.119,14.743,-3.273,9.532,Normal,None
9.765,-22.643,-4.792,54.782,Normal,None
-21.9,-6.087,-1.208,231.904,Normal,None
49.047,-23.225,0.218,229.628,Normal,None
-20.241,-3.5,-3.233,112.82,Normal,None
1.143,-30.106,-1.683,229.803,Normal,None
-31.382,-36.318,-4.453,14.295,Normal,None
27.063,3.117,-2.79,72.824,Normal,None
-12.072,0.945,-3.118,46.941,Normal,None
-3.669,-25.197,-2.05,7.068,Normal,None
-25.13,9.47,2.164,125.026,Normal,None
-41.893,-47.107,3.862,98.705,Normal,None
15.433,42.696,4.844,137.172,Normal,None
-31.225,36.125,-0.271,221.171,Normal,None
19.398,36.387,2.191,38.146,Normal,None
24.654,-15.75,-4.541,79.626,Normal,None
-41.906,-2.516,2.155,3.164,Normal,None
42.515,-14.851,1.331,82.796,Normal,None
6.066,-23.026,-4.789,234.683,Normal,None
10.082,3.404,-0.802,211.447,Normal,None
12.401,3.988,1.126,44.328,Normal,None
34.351,31.92,-4.771,95.952,Normal,None
4.341,-14.896,-3.605,12.692,Normal,None
-38.149,33.581,-1.255,78.82,Normal,None
-4.16,-30.927,2.157,17.616,Normal,None
-20.656,11.252,0.245,104.819,Normal,None
-3.351,-17.325,2.551,28.019,Normal,None
21.845,45.023,4.531,30.67,Normal,None
29.816,-37.131,-1.375,90.386,Normal,None
20.994,14.007,-4.499,81.224,Normal,None
15.114,-45.615,-4.443,36.496,Normal,None
33.362,23.485,-4.254,100.12,Normal,None
42.338,41.383,-2.901,77.151,Normal,None
27.856,49.306,-3.808,37.762,Normal,None
-38.177,19.752,2.646,246.24,Normal,None
-10.015,8.107,1.095,67.841,Normal,None
29.99,-4.727,-2.404,84.89,Normal,None
24.477,-35.227,1.789,100.281,Normal,None
-31.876,-8.103,-1.391,139.801,Normal,None
-16.475,28.381,1.744,202.428,Normal,None
31.584,46.138,4.064,194.817,Normal,None
-31.142,12.163,1.216,197.953,Normal,None
-26.819,-43.526,0.493,5.786,Normal,None
24.094,-49.913,-1.795,109.2,Normal,None
37.191,-7.737,0.164,166.567,Normal,None
-36.14,17.525,3.127,78.285,Normal,None
26.928,-44.399,4.257,229.48,Normal,None
-32.132,35.675,4.447,11.363,Normal,None
-11.378,42.558,-4.813,217.98,Normal,None
2.286,11.411,4.528,78.521,Normal,None
8.825,-21.765,3.959,0.634,Normal,None
47.153,-36.905,0.49,239.004,Normal,None
47.216,18.243,-3.344,73.678,Normal,None
5.53,17.791,-4.419,27.42,Normal,None
-26.139,5.845,-2.947,84.359,Normal,None
-22.55,-8.749,2.749,229.39,Normal,None
-48.234,-17.605,-1.986,64.761,Normal,None
7.533,8.848,2.627,37.576,Normal,None
26.22,-15.058,2.973,121.204,Normal,None
45.339,-4.576,-2.39,179.634,Normal,None
4.481,-18.899,3.428,222.917,Normal,None
38.654,-41.537,2.322,240.417,Normal,None
11.835,22.943,0.918,147.532,Normal,None
41.352,-12.245,-2.694,168.521,Normal,None
23.84,-4.16,-0.019,162.994,Normal,None
25.408,4.092,-4.861,188.792,Normal,None
-49.261,48.558,3.679,79.813,Normal,None
-39.075,26.941,-1.658,79.187,Normal,None
1.784,47.228,0.219,27.432,Normal,None
39.651,-45.351,-2.124,72.34,Normal,None
-32.36,47.993,-2.06,89.771,Normal,None
-18.896,-25.117,-3.849,131.294,Normal,None
-18.823,36.466,-0.262,243.87,Normal,None
27.61,12.577,-4.698,14.728,Normal,None
-8.526,-29.269,-0.78,134.288,Normal,None
-35.997,44.445,3.275,45.061,Normal,None
1.47,47.96,1.268,249.925,Normal,None
-15.371,-10.408,-3.644,50.997,Normal,None
19.433,16.58,-2.433,253.32,Normal,None
-46.268,-33.693,-3.087,119.54,Normal,None
42.348,-25.047,4.321,123.573,Normal,None
-1.458,-22.929,-2.704,253.556,Normal,None
36.615,-29.3,-4.518,131.536,Normal,None
-3.243,-18.932,0.813,184.13,Normal,None
-21.622,-9.709,-2.453,246.47,Normal,None
-7.116,-38.845,1.594,155.411,Normal,None
-3.927,17.691,-4.49,173.438,Normal,None
-18.754,33.847,-1.068,228.849,Normal,None
-7.659,14.823,-1.568,98.141,Normal,None
27.676,-46.845,-4.591,184.962,Normal,None
37.504,-26.144,-3.787,25.858,Normal,None
-42.694,18.664,-0.464,107.096,Normal,None
43.552,42.864,0.371,228.912,Normal,None
19.707,36.838,-1.474,110.616,Normal,None
41.017,-6.903,1.218,86.898,Normal,None
-20.573,30.404,-2.488,222.052,Normal,None
-46.029,19.747,4.612,230.029,Normal,None
-46.887,-49.327,-3.671,70.599,Normal,None
-7.11,5.014,-3.249,178.734,Normal,None
26.29,-29.067,-4.699,140.066,Normal,None
13.805,38.222,2.346,138.773,Normal,None
36.766,46.431,3.372,161.087,Normal,None
27.04,-33.061,-0.82,140.302,Normal,None
-17.778,-18.413,4.892,104.817,Normal,None
-2.728,-24.402,0.853,183.371,Normal,None
15.252,18.982,1.433,126.801,Normal,None
-7.409,8.76,-3.472,24.363,Normal,None
9.619,49.182,1.689,72.185,Normal,None
-24.994,-33.39,1.318,210.917,Normal,None
21.448,30.374,-0.71,210.92,Normal,None
5.862,8.599,3.087,229.076,Normal,None
43.663,-11.583,-0.438,50.251,Normal,None
-35.65,-12.989,-2.909,45.958,Normal,None
-49.876,30.331,4.012,105.189,Normal,None
-1.426,31.839,-4.343,154.805,Normal,None
2.927,26.857,-2.777,202.026,Normal,None
-28.016,-23.787,3.845,145.294,Normal,None
46.493,-49.731,-3.72,24.037,Normal,None
14.677,-13.747,-2.449,97.025,Normal,None
43.336,16.212,-0.507,181.227,Normal,None
2.294,40.935,-4.938,155.288,Normal,None
11.782,-13.142,-3.164,194.912,Normal,None
20.312,7.415,2.144,72.039,Normal,None
10.82,-23.303,-0.854,152.948,Normal,None
43.808,-11.751,-4.969,250.695,Normal,None
-36.842,28.204,-4.107,29.556,Normal,None
-4.424,39.412,-0.698,9.397,Normal,None
26.112,30.955,0.718,198.717,Normal,None
3.769,4.304,1.23,107.45,Normal,None
-0.365,-27.751,2.476,123.87,Normal,None
5.671,-27.158,0.636,253.398,Normal,None
-43.771,18.778,-4.316,95.705,Normal,None
-47.889,-36.671,-1.895,19.277,Normal,None
-23.883,0.565,-3.494,43.542,Normal,None
47.575,-12.616,0.197,196.488,Normal,None
1.541,-45.999,4.785,47.54,Normal,None
0.079,3.466,2.797,124.905,Normal,None
44.702,-20.957,-4.008,42.068,Normal,None
42.631,30.243,0.623,195.036,Normal,None
-35.563,-17.167,3.635,200.489,Normal,None
-8.946,1.398,-4.392,227.799,Normal,None
41.88,-30.931,0.222,2.654,Normal,None
-47.269,-34.966,4.224,220.879,Normal,None
41.363,21.319,4.439,71.0,Normal,None
10.317,41.006,4.584,40.009,Normal,None
44.548,5.219,-2.973,222.596,Normal,None
14.736,-24.633,-1.836,236.84,Normal,None
36.183,-0.685,-2.635,181.6,Normal,None
38.224,11.84,-1.57,97.901,Normal,None
-43.776,40.749,3.341,23.159,Normal,None
26.073,32.442,2.492,112.165,Normal,None
10.072,-11.571,-3.503,42.991,Normal,None
36.975,-24.253,-0.192,150.045,Normal,None
19.783,49.092,4.56,207.851,Normal,None
47.632,-14.471,2.869,97.983,Normal,None
11.447,-21.622,-2.777,98.177,Normal,None
9.806,-25.902,0.725,142.573,Normal,None
48.343,-15.495,-4.012,14.801,Normal,None
-21.731,9.7,0.423,221.197,Normal,None
25.928,-26.887,0.146,96.437,Normal,None
-24.054,-14.402,0.948,235.131,Normal,None
15.427,23.347,1.735,68.714,Normal,None
-2.985,-20.174,0.357,63.26,Normal,None
38.87,-33.913,2.929,194.146,Normal,None
14.39,39.733,0.818,78.131,Normal,None
-27.798,7.215,-1.128,84.263,Normal,None
-45.504,37.356,-3.272,125.759,Normal,None
0.268,-33.564,-4.038,64.02,Normal,None
-5.907,-20.701,2.306,243.705,Normal,None
47.314,15.918,4.078,56.742,Normal,None
-39.78,28.888,0.527,2.809,Normal,None
-6.594,-48.061,-0.253,5.586,Normal,None
-23.315,-26.971,3.264,63.625,Normal,None
10.167,25.738,2.242,232.047,Normal,None
49.632,-29.338,-4.62,37.824,Normal,None
-32.063,40.167,-0.031,163.156,Normal,None
38.957,-7.051,1.144,59.401,Normal,None
36.679,-28.121,-4.135,223.482,Normal,None
14.324,-16.976,1.349,14.577,Normal,None
19.482,-28.401,-2.953,146.795,Normal,None
28.642,-18.814,-0.057,81.355,Normal,None
25.218,-28.991,-4.959,234.34,Normal,None
-37.863,-19.529,-0.737,231.072,Normal,None
-48.995,-44.358,0.765,192.088,Normal,None
-0.52,-49.846,-3.954,17.934,Normal,None
-39.993,47.839,2.154,6.71,Normal,None
9.615,20.002,-4.841,62.758,Normal,None
8.575,29.574,2.874,118.532,Normal,None
-46.793,-10.059,0.057,139.274,Normal,None
14.904,37.706,4.842,164.092,Normal,None
-5.759,-12.443,1.187,35.874,Normal,None
-14.912,45.277,1.693,181.031,Normal,None
24.759,49.641,-1.5,251.749,Normal,None
11.867,2.02,-3.709,50.897,Normal,None
45.492,28.568,-0.26,26.21,Normal,None
9.064,47.91,-2.314,193.714,Normal,None
-24.18,-42.296,-3.782,51.878,Normal,None
-5.322,23.056,-4.195,220.656,Normal,None
-34.586,37.344,-3.046,167.113,Normal,None
-14.438,-30.662,4.433,111.088,Normal,None
2.892,-27.606,2.05,2.665,Normal,None
-0.564,-5.127,-3.921,95.48,Normal,None
7.767,-29.642,-3.438,162.655,Normal,None
22.709,5.455,-2.143,3.754,Normal,None
-35.597,-27.224,2.967,91.303,Normal,None
37.18,22.428,4.611,148.488,Normal,None
1.427,-33.229,2.487,16.245,Normal,None
-30.235,46.24,-3.69,245.181,Normal,None
36.63,2.813,3.886,245.509,Normal,None
26.498,14.223,-4.522,101.562,Normal,None
11.833,-12.803,3.573,59.922,Normal,None
40.613,41.319,-1.76,109.112,Normal,None
-45.145,-43.317,4.793,210.471,Normal,None
-43.152,34.336,4.58,173.453,Normal,None
2.695,32.497,-3.059,0.064,Normal,None
-29.689,-0.007,-2.607,243.452,Normal,None
29.311,45.928,0.692,88.813,Normal,None
18.377,-22.444,-2.24,71.992,Normal,None
33.614,-26.296,-4.249,86.017,Normal,None
20.161,-21.353,-2.328,138.145,Normal,None
-40.493,-11.937,2.505,87.029,Normal,None
35.603,39.06,-4.9,84.102,Normal,None
-8.401,23.539,3.428,88.073,Normal,None
-10.122,2.497,3.688,190.705,Normal,None
-45.892,12.717,4.324,193.468,Normal,None
-12.54,1.365,4.194,159.303,Normal,None
-15.862,-18.971,1.805,141.125,Normal,None
-48.053,-3.769,-0.081,247.259,Normal,None
-18.38,-24.205,4.576,80.401,Normal,None
15.217,38.871,-3.892,50.447,Normal,None
-2.227,-38.38,-3.244,129.619,Normal,None
18.833,1.77,4.232,0.837,Normal,None
-3.078,-5.961,1.836,131.184,Normal,None
7.605,-10.298,0.093,76.888,Normal,None
-36.079,2.557,3.596,29.325,Normal,None
-18.228,-4.062,-4.155,178.332,Normal,None
5.769,-5.038,-2.667,119.487,Normal,None
21.392,13.892,4.156,109.767,Normal,None
-19.849,-20.461,4.485,26.932,Normal,None
31.681,14.338,0.53,239.406,Normal,None
-7.118,-20.098,4.759,161.131,Normal,None
-33.949,13.578,-4.286,226.202,Normal,None
-32.163,-16.792,-0.777,242.454,Normal,None
0.828,35.532,-2.207,156.829,Normal,None
32.026,29.77,4.9,68.038,Normal,None
37.133,-13.165,3.968,212.166,Normal,None
-27.046,-48.073,-3.074,171.915,Normal,None
-15.429,-12.996,-2.748,131.566,Normal,None
-22.511,31.803,3.061,113.1,Normal,None
17.469,29.566,-0.908,168.339,Normal,None
18.172,-41.054,1.192,60.17,Normal,None
7.518,-4.964,2.04,247.037,Normal,None
-38.98,26.205,-4.285,224.737,Normal,None
-41.068,-48.123,2.771,181.447,Normal,None
-11.431,43.685,-4.065,110.603,Normal,None
31.862,24.169,4.138,75.429,Normal,None
39.981,23.53,1.032,12.036,Normal,None
-21.768,-11.002,1.588,156.813,Normal,None
7.738,23.276,3.399,179.943,Normal,None
13.846,-46.704,-4.195,225.045,Normal,None
29.683,14.827,2.142,96.425,Normal,None
-36.562,23.64,-4.431,152.149,Normal,None
17.601,-46.076,-0.998,210.063,Normal,None
16.099,23.723,-2.769,227.851,Normal,None
2.707,17.872,4.154,78.516,Normal,None
33.642,27.611,-0.736,148.523,Normal,None
44.289,16.679,2.153,44.926,Normal,None
45.6,-26.56,-4.954,91.865,Normal,None
29.454,44.333,-1.785,158.314,Normal,None
18.424,33.141,2.937,7.182,Normal,None
7.869,24.945,0.581,64.165,Normal,None
41.805,14.621,-1.72,8.822,Normal,None
-25.543,13.639,-1.03,195.398,Normal,None
-8.494,31.14,-2.552,2.552,Normal,None
33.763,-21.604,-0.283,135.307,Normal,None
8.505,19.298,-4.509,117.479,Normal,None
15.068,9.562,-0.184,203.025,Normal,None
47.169,13.295,2.689,153.351,Normal,None
-24.319,-20.74,-3.051,158.1,Normal,None
36.627,-46.826,3.116,135.28,Normal,None
32.105,30.491,1.856,249.127,Normal,None
40.285,-37.232,-2.394,239.465,Normal,None
2.067,-44.469,-3.459,81.068,Normal,None
39.502,-27.1,-0.608,139.993,Normal,None
22.463,11.675,0.901,238.669,Normal,None
-24.758,39.789,1.819,125.298,Normal,None
47.324,6.143,-4.88,50.755,Normal,None
-42.929,-36.116,-1.838,143.782,Normal,None
-38.708,-30.445,-1.608,230.875,Normal,None
18.019,-30.756,0.64,83.472,Normal,None
-31.496,-37.865,-4.774,27.638,Normal,None
21.539,10.764,2.528,147.623,Normal,None
6.118,8.322,-1.419,227.9,Normal,None
20.438,-38.889,2.974,21.522,Normal,None
36.47,44.855,2.934,217.338,Normal,None
-37.807,-44.227,1.022,103.963,Normal,None
-44.999,35.182,-1.875,92.591,Normal,None
-38.013,-17.332,0.598,43.173,Normal,None
-14.484,36.973,-3.882,165.279,Normal,None
39.388,35.859,-2.573,32.717,Normal,None
27.679,15.517,-3.625,183.085,Normal,None
-49.988,-48.93,-1.728,103.504,Normal,None
41.717,29.404,3.597,83.984,Normal,None
-23.9,-11.473,1.361,233.403,Normal,None
-48.925,-48.308,1.325,243.516,Normal,None
-18.328,9.942,-2.835,35.369,Normal,None
49.929,-29.683,-4.903,159.823,Normal,None
-13.258,23.874,1.865,224.586,Normal,None
12.503,40.669,-2.334,35.208,Normal,None
9.61,26.157,0.32,164.655,Normal,None
-4.176,-18.57,-1.188,154.426,Normal,None
32.131,34.495,0.279,232.477,Normal,None
-0.961,-1.522,2.905,165.754,Normal,None
-29.038,-15.033,3.174,7.097,Normal,None
-35.18,48.069,1.125,108.538,Normal,None
25.088,-24.118,1.608,131.703,Normal,None
19.793,-40.776,0.795,12.214,Normal,None
-24.152,3.738,-3.027,99.589,Normal,None
4.32,44.163,-4.807,10.194,Normal,None
-10.621,19.214,3.36,85.659,Normal,None
37.792,18.191,2.363,74.888,Normal,None
46.572,-20.146,2.421,248.542,Normal,None
-35.819,29.381,3.075,203.155,Normal,None
-2.569,0.072,0.994,167.667,Normal,None
24.952,-29.886,-1.765,167.233,Normal,None
35.057,-41.125,0.021,83.266,Normal,None
5.282,-24.922,4.367,30.169,Normal,None
24.752,-14.819,-2.692,244.513,Normal,None
14.87,29.942,1.115,90.374,Normal,None
3.407,-32.607,3.803,192.754,Normal,None
-12.679,-5.571,-1.395,174.943,Normal,None
-20.534,1.212,2.367,138.619,Normal,None
47.081,33.707,4.085,203.955,Normal,None
25.026,-42.257,1.183,162.88,Normal,None
-32.193,-43.589,-1.038,224.781,Normal,None
-5.65,9.885,-3.884,221.789,Normal,None
-21.784,44.202,-3.724,186.649,Normal,None
-4.915,42.598,-1.443,48.08,Normal,None
47.248,-27.072,2.286,236.057,Normal,None
23.05,33.33,4.468,44.321,Normal,None
-15.158,-18.837,2.385,88.791,Normal,None
-45.172,-39.015,-4.392,141.246,Normal,None
21.633,-21.249,-1.48,61.275,Normal,None
27.544,-13.028,1.693,73.137,Normal,None
-23.996,-23.74,-3.092,187.593,Normal,None
35.796,17.618,3.179,28.38,Normal,None
20.343,-16.486,1.889,234.442,Normal,None
-29.404,-31.633,-4.888,152.548,Normal,None
-44.458,47.53,0.171,137.999,Normal,None
44.492,-2.356,1.116,162.657,Normal,None
32.588,-41.324,3.516,150.181,Normal,None
19.164,43.645,3.967,79.258,Normal,None
36.49,-43.979,-2.568,53.546,Normal,None
-21.809,-3.262,2.164,147.375,Normal,None
-1.088,-6.153,-0.276,250.542,Normal,None
24.693,15.552,2.388,75.007,Normal,None
8.955,-7.399,-0.402,2.797,Normal,None
-3.689,26.444,-3.239,124.257,Normal,None
32.574,-4.741,-1.527,185.386,Normal,None
-24.731,1.965,3.497,129.13,Normal,None
-21.08,-44.376,-3.045,140.895,Normal,None
-11.355,32.013,2.969,23.947,Normal,None
12.121,-34.253,3.882,182.251,Normal,None
-49.912,41.986,0.448,43.119,Normal,None
-24.054,-21.755,-1.621,98.403,Normal,None
37.974,9.831,3.75,21.72,Normal,None
28.716,-3.334,0.896,141.837,Normal,None
47.931,1.457,3.82,16.621,Normal,None
27.036,17.885,-2.591,204.204,Normal,None
-32.199,2.681,1.651,248.128,Normal,None
-17.584,-11.73,-4.312,126.221,Normal,None
-1.827,-28.046,-2.418,88.81,Normal,None
-42.583,-10.498,-1.246,71.42,Normal,None
41.523,-20.354,4.917,112.695,Normal,None
-4.45,-47.354,-1.066,246.952,Normal,None
47.979,-8.392,0.92,55.304,Normal,None
-34.597,-39.417,2.133,144.373,Normal,None
-8.834,-34.831,-0.843,115.729,Normal,None
39.366,4.521,-4.688,77.615,Normal,None
37.807,0.886,-3.062,13.87,Normal,None
8.624,34.179,4.387,62.782,Normal,None
1.414,-18.152,-0.93,171.895,Normal,None
-5.03,7.811,4.343,135.295,Normal,None
-35.926,-33.852,1.505,150.348,Normal,None
21.162,-30.053,-0.277,100.024,Normal,None
-38.526,-16.169,2.039,90.158,Normal,None
-41.567,22.835,-0.772,180.683,Normal,None
20.395,-28.161,-2.079,225.135,Normal,None
-9.407,-44.857,2.242,186.544,Normal,None
1.896,-21.392,-1.018,149.822,Normal,None
-43.222,36.885,0.433,160.282,Normal,None
-9.305,-29.469,0.509,118.082,Normal,None
-36.313,17.547,-2.998,101.804,Normal,None
12.983,34.97,-2.555,219.989,Normal,None
-46.27,25.407,-3.095,197.237,Normal,None
-40.61,-17.823,3.842,228.74,Normal,None
-32.55,3.027,-1.526,29.915,Normal,None
31.45,-14.441,3.123,226.212,Normal,None
-45.965,-40.825,0.335,63.451,Normal,None
-8.112,-20.316,-3.437,81.863,Normal,None
-29.51,49.387,3.057,171.207,Normal,None
41.41,15.55,4.886,95.438,Normal,None
-49.118,-35.035,3.512,229.541,Normal,None
43.552,-31.184,-2.197,246.406,Normal,None
-9.643,3.12,4.13,134.293,Normal,None
-19.09,43.845,2.682,207.901,Normal,None
12.39,35.11,-0.548,22.555,Normal,None
46.458,-15.535,4.647,181.83,Normal,None
26.28,-46.842,-4.245,119.692,Normal,None
17.345,-46.173,0.203,231.434,Normal,None
-25.777,19.06,-0.689,45.059,Normal,None
-34.599,-47.068,-3.368,205.704,Normal,None
-33.442,-34.59,-2.227,207.04,Normal,None
-32.828,2.66,0.4,247.973,Normal,None
-41.887,-45.187,4.358,173.375,Normal,None
6.768,-35.064,1.484,124.158,Normal,None
40.988,10.531,3.129,28.107,Normal,None
7.666,1.383,2.697,31.05,Normal,None
0.436,-17.317,-0.936,198.616,Normal,None
-33.743,-43.984,4.867,249.655,Normal,None
-47.087,-10.259,-1.488,114.304,Normal,None
-24.632,12.221,-1.295,147.583,Normal,None
11.409,-22.382,-0.268,132.655,Normal,None
41.942,42.73,-3.353,144.608,Normal,None
15.237,45.363,4.296,8.163,Normal,None
20.64,-18.574,3.677,130.643,Normal,None
39.357,-3.376,-2.57,74.58,Normal,None
-42.858,34.638,3.78,95.163,Normal,None
22.717,26.041,1.488,235.541,Normal,None
-13.844,-42.869,-0.135,39.435,Normal,None
17.823,-9.704,2.129,63.661,Normal,None
39.879,12.466,3.698,125.401,Normal,None
14.429,9.882,-2.997,49.79,Normal,None
16.275,35.207,3.033,98.849,Normal,None
49.574,28.446,-0.627,220.381,Normal,None
-25.256,-2.926,0.096,97.135,Normal,None
-5.894,28.462,1.369,130.496,Normal,None
-40.3,32.436,-1.945,223.823,Normal,None
-33.847,40.638,4.654,193.047,Normal,None
18.196,-1.145,-1.172,58.161,Normal,None
-37.708,-14.702,0.282,2.426,Normal,None
27.953,-11.457,-3.517,202.61,Normal,None
-21.669,33.782,-0.104,14.753,Normal,None
12.424,37.488,-0.124,64.576,Normal,None
-4.945,-3.421,3.877,203.955,Normal,None
-41.785,36.727,2.798,236.917,Normal,None
37.095,43.835,0.762,159.207,Normal,None
-2.628,10.823,0.127,132.228,Normal,None
-42.182,-18.514,2.458,206.07,Normal,None
-42.099,-28.693,3.87,249.039,Normal,None
39.163,-26.286,-0.656,103.216,Normal,None
-24.557,48.909,3.023,98.609,Normal,None
-6.92,-42.649,4.115,211.146,Normal,None
-30.343,-20.047,2.165,167.659,Normal,None
43.664,-37.75,-0.413,211.867,Normal,None
4.907,8.475,-2.954,6.659,Normal,None
20.255,-42.457,-3.479,76.328,Normal,None
-29.157,10.423,4.305,4.258,Normal,None
9.298,-42.607,-1.834,126.46,Normal,None
29.607,11.615,3.367,85.335,Normal,None
-13.147,-0.284,-3.38,118.492,Normal,None
19.606,0.373,0.501,124.504,Normal,None
-7.973,-2.251,-3.825,173.419,Normal,None
-9.145,15.713,-4.146,12.869,Normal,None
3.522,-2.675,1.962,135.573,Normal,None
29.724,5.539,-0.444,168.193,Normal,None
-10.842,45.578,-3.544,234.75,Normal,None
-42.61,27.354,2.625,177.12,Normal,None
-9.064,-23.059,0.526,6.528,Normal,None
28.009,-22.533,3.243,84.649,Normal,None
19.911,-6.901,-4.143,153.763,Normal,None
-2.699,38.873,-0.383,150.081,Normal,None
-13.112,-38.374,-0.445,4.069,Normal,None
-41.405,-7.135,0.156,67.288,Normal,None
-9.214,34.808,-0.012,129.927,Normal,None
-48.588,45.599,-3.699,226.571,Normal,None
-9.716,42.437,4.457,132.36,Normal,None
47.707,-12.764,4.699,156.971,Normal,None
5.527,-10.188,-2.619,189.28,Normal,None
-3.618,31.385,-4.394,134.964,Normal,None
-26.877,-49.532,4.738,138.672,Normal,None
24.488,48.372,4.106,151.106,Normal,None
42.732,-27.399,-2.785,9.222,Normal,None
40.921,39.297,-4.414,198.083,Normal,None
44.125,-17.185,2.985,145.549,Normal,None
-24.877,-1.718,-2.992,72.895,Normal,None
-38.37,-40.13,-1.228,193.095,Normal,None
-34.338,-6.055,3.963,132.153,Normal,None
12.678,-37.007,-4.781,179.87,Normal,None
-34.981,48.37,3.661,183.486,Normal,None
-8.486,-19.696,-4.025,232.651,Normal,None
38.186,-39.655,0.862,107.298,Normal,None
49.018,-35.334,1.942,214.28,Normal,None
-30.132,-29.286,-0.638,72.099,Normal,None
-9.277,-36.532,0.374,6.314,Normal,None
41.078,13.178,-3.643,183.393,Normal,None
-25.703,7.962,-3.048,7.228,Normal,None
36.706,22.912,1.23,47.102,Normal,None
-23.818,42.193,1.997,43.999,Normal,None
4.697,47.274,0.82,125.196,Normal,None
10.686,17.256,2.502,49.522,Normal,None
-27.932,-8.442,-3.803,139.717,Normal,None
-15.616,-30.738,-4.328,186.555,Normal,None
-13.678,-8.941,-1.359,111.233,Normal,None
21.532,-48.775,1.258,32.958,Normal,None
38.833,43.561,2.534,106.847,Normal,None
-42.818,26.493,0.702,184.961,Normal,None
46.173,15.309,1.502,32.518,Normal,None
27.848,-47.949,4.395,30.636,Normal,None
9.283,-25.76,-1.671,246.947,Normal,None
-48.481,25.727,-0.688,226.89,Normal,None
19.909,39.874,4.968,147.246,Normal,None
5.161,-36.072,-1.343,49.078,Normal,None
19.797,-21.402,-2.427,163.829,Normal,None
-31.4,13.695,1.386,61.721,Normal,None
26.829,-28.89,-4.237,164.675,Normal,None
16.342,0.284,1.553,117.634,Normal,None
29.106,38.584,2.334,11.86,Normal,None
-29.571,0.488,1.326,112.733,Normal,None
-41.325,-11.315,4.061,240.236,Normal,None
49.112,32.562,1.615,32.036,Normal,None
33.863,39.823,-0.645,36.665,Normal,None
-24.068,19.442,3.766,170.415,Normal,None
28.16,46.225,0.13,103.116,Normal,None
-19.959,-44.309,1.411,0.435,Normal,None
-34.435,-36.628,-2.883,143.913,Normal,None
-7.443,-28.09,4.291,197.513,Normal,None
4.511,-22.95,-0.207,252.979,Normal,None
31.381,-26.573,-3.685,45.262,Normal,None
-48.018,-32.977,-1.122,98.681,Normal,None
15.39,34.4,3.599,185.473,Normal,None
8.582,-14.092,4.152,250.209,Normal,None
30.811,16.917,1.734,37.598,Normal,None
21.354,22.592,-2.532,242.074,Normal,None
-14.511,10.081,-4.778,209.854,Normal,None
40.856,-8.136,-1.212,240.375,Normal,None
20.162,44.299,1.142,158.087,Normal,None
5.469,-13.968,-0.953,134.17,Normal,None
-1.574,3.342,2.534,52.212,Normal,None
-35.994,41.914,2.38,141.916,Normal,None
-45.579,4.371,-3.293,234.619,Normal,None
20.56,-27.853,1.075,150.534,Normal,None
-5.965,36.286,0.941,227.74,Normal,None
36.763,21.792,-4.129,99.963,Normal,None
29.652,22.74,-4.366,65.464,Normal,None
-18.241,45.522,-1.848,199.594,Normal,None
8.603,15.707,-0.301,227.262,Normal,None
23.981,-18.105,-2.519,50.297,Normal,None
-24.181,28.246,2.651,137.395,Normal,None
0.901,5.705,-2.261,1.588,Normal,None
-38.384,13.4,-2.272,202.385,Normal,None
-33.977,-29.932,-4.949,131.984,Normal,None
4.647,-43.165,4.47,31.368,Normal,None
21.458,9.919,-0.679,171.415,Normal,None
48.048,-30.898,2.259,248.707,Normal,None
-47.462,-16.027,-4.308,56.777,Normal,None
-44.347,-40.829,0.975,209.653,Normal,None
-40.668,-40.784,-0.076,144.564,Normal,None
36.711,-26.604,-1.138,154.247,Normal,None
-30.493,7.371,-3.374,16.873,Normal,None
-11.068,16.767,-2.252,75.602,Normal,None
11.921,-8.486,0.672,121.867,Normal,None
41.554,4.462,-0.028,68.203,Normal,None
-26.122,-19.549,-2.676,156.14,Normal,None
-20.641,10.894,-3.875,150.017,Normal,None
-10.295,-15.58,-4.547,100.976,Normal,None
-28.939,-0.946,4.205,98.807,Normal,None
22.315,40.652,-3.273,239.467,Normal,None
6.903,-4.982,-4.971,68.829,Normal,None
34.706,-9.23,1.991,87.77,Normal,None
-45.079,-37.035,0.915,109.663,Normal,None
-23.551,24.646,-2.404,164.554,Normal,None
-13.292,-26.714,-2.219,75.897,Normal,None
-8.482,-16.111,-1.778,224.942,Normal,None
41.452,-39.658,0.319,187.947,Normal,None
-33.672,-8.466,4.718,205.702,Normal,None
-17.352,-1.007,-2.8,24.395,Normal,None
35.061,-32.538,1.35,94.559,Normal,None
-39.007,0.29,0.972,29.024,Normal,None
-2.52,-0.96,-0.413,92.669,Normal,None
-12.698,-31.403,0.891,73.818,Normal,None
11.376,14.429,-1.31,49.353,Normal,None
20.318,22.019,-4.618,64.997,Normal,None
-24.107,-39.245,-2.569,84.419,Normal,None
-25.774,2.078,3.663,29.28,Normal,None
22.001,-16.76,-4.485,19.214,Normal,None
34.117,4.445,1.36,193.358,Normal,None
-32.395,-24.332,0.078,132.542,Normal,None
22.324,25.206,0.939,61.344,Normal,None
-45.215,38.951,0.536,186.327,Normal,None
-32.63,35.136,-0.316,126.761,Normal,None
2.404,-19.975,0.687,100.921,Normal,None
-16.765,-21.345,0.009,105.998,Normal,None
48.868,-8.41,4.546,87.88,Normal,None
-17.046,-5.455,-2.7,188.777,Normal,None
-26.226,-7.818,3.162,136.139,Normal,None
-4.647,4.349,3.834,209.435,Normal,None
-4.395,8.233,-2.03,2.008,Normal,None
23.625,26.861,-1.435,84.136,Normal,None
-29.466,45.26,-2.178,189.762,Normal,None
6.719,1.703,1.763,58.778,Normal,None
29.049,11.587,4.691,13.439,Normal,None
-14.832,47.966,4.768,118.756,Normal,None
-46.41,-12.32,1.859,76.615,Normal,None
-28.447,35.442,-3.698,21.516,Normal,None
0.684,22.944,4.674,1.72,Normal,None
-28.329,43.1,-4.05,145.577,Normal,None
-37.536,-28.566,0.619,123.869,Normal,None
-19.617,48.488,1.694,178.804,Normal,None
-35.023,28.471,-4.394,144.185,Normal,None
-18.263,13.054,3.603,88.092,Normal,None
41.248,-14.392,-0.849,72.432,Normal,None
39.145,12.002,-2.234,23.256,Normal,None
-38.166,44.72,-3.856,198.379,Normal,None
8.837,15.416,-2.898,163.634,Normal,None
-12.325,6.612,1.625,60.027,Normal,None
-32.492,12.679,-4.373,43.864,Normal,None
43.319,-48.214,-1.766,11.077,Normal,None
-18.869,-38.551,3.052,154.107,Normal,None
17.847,-39.737,2.898,32.355,Normal,None
-25.475,-32.887,3.857,242.862,Normal,None
46.754,38.884,0.031,228.976,Normal,None
29.365,13.31,-4.793,189.741,Normal,None
-39.623,-40.823,-4.198,124.6,Normal,None
-43.685,15.813,-0.07,92.735,Normal,None
27.273,-33.819,1.269,169.466,Normal,None
0.171,-40.47,3.996,237.078,Normal,None
14.719,-25.769,-1.175,42.731,Normal,None
8.567,-4.082,-4.987,225.161,Normal,None
-15.128,29.799,-2.952,53.085,Normal,None
-36.031,-18.749,-4.875,89.22,Normal,None
-4.614,7.983,-2.595,139.279,Normal,None
-32.468,17.902,4.132,62.715,Normal,None
-31.224,17.673,3.544,98.114,Normal,None
21.138,10.511,-4.217,160.891,Normal,None
48.058,27.394,2.137,5.127,Normal,None
27.581,16.36,3.999,234.834,Normal,None
-15.918,-12.172,-0.34,89.336,Normal,None
21.701,8.095,-0.026,207.552,Normal,None
8.49,15.93,0.879,43.233,Normal,None
19.031,-4.962,-0.506,109.323,Normal,None
24.697,34.191,3.417,203.278,Normal,None
-48.546,40.186,0.803,186.62,Normal,None
36.37,-26.317,-3.242,78.484,Normal,None
23.631,2.388,1.488,16.58,Normal,None
48.596,-35.562,-4.991,51.55,Normal,None
-18.364,40.103,-3.302,179.992,Normal,None
35.103,35.767,-2.866,155.649,Normal,None
-46.476,-46.552,-4.889,169.572,Normal,None
-3.432,-11.324,3.324,83.512,Normal,None
-12.015,48.938,-0.163,7.523,Normal,None
-35.743,-12.556,3.873,49.634,Normal,None
-39.703,40.255,4.302,53.78,Normal,None
5.805,5.712,-2.591,162.22,Normal,None
-15.435,-37.65,0.032,58.253,Normal,None
26.736,-20.745,-3.282,74.878,Normal,None
28.259,8.743,4.867,31.069,Normal,None
35.494,-35.901,0.209,171.924,Normal,None
-36.611,37.14,-3.004,125.315,Normal,None
14.323,33.827,0.211,177.526,Normal,None
47.421,14.186,-3.027,232.978,Normal,None
34.737,-42.841,3.519,71.94,Normal,None
32.534,8.89,-3.779,254.346,Normal,None
-41.359,49.482,3.843,243.035,Normal,None
39.102,-19.322,-4.7,121.792,Normal,None
-0.696,32.198,-1.216,111.667,Normal,None
-36.433,-19.894,-3.185,34.136,Normal,None
17.399,23.54,4.53,40.693,Normal,None
42.668,-19.086,1.971,66.046,Normal,None
34.339,5.843,3.115,77.037,Normal,None
-17.955,45.762,-4.22,244.541,Normal,None
-9.328,-19.713,4.609,162.516,Normal,None
-24.706,-42.396,4.203,107.703,Normal,None
24.063,-15.922,-2.133,159.064,Normal,None
12.787,6.022,3.499,217.623,Normal,None
-22.683,39.504,3.866,133.326,Normal,None
0.873,18.256,2.874,35.435,Normal,None
-10.106,-33.401,-3.951,156.666,Normal,None
16.065,9.319,-4.282,131.469,Normal,None
11.81,-7.718,1.106,189.743,Normal,None
26.705,-49.682,-1.865,55.367,Normal,None
40.227,-41.412,-0.094,139.151,Normal,None
-20.022,-44.198,1.522,32.709,Normal,None
34.173,17.292,-1.402,58.714,Normal,None
20.326,47.814,-2.226,182.333,Normal,None
9.483,-18.446,4.598,158.597,Normal,None
-5.339,24.846,2.176,31.086,Normal,None
49.495,-44.974,-2.041,234.627,Normal,None
42.874,3.379,-1.715,135.966,Normal,None
-5.578,-6.256,-2.728,196.07,Normal,None
-44.681,-35.253,-0.944,205.407,Normal,None
0.441,37.463,-1.13,38.013,Normal,None
-14.597,10.025,3.156,200.262,Normal,None
42.727,20.756,4.082,54.288,Normal,None
15.89,13.593,-3.209,108.978,Normal,None
-2.793,-3.194,0.869,129.711,Normal,None
12.637,-12.976,2.584,233.204,Normal,None
-41.816,28.031,4.404,125.644,Normal,None
8.858,-11.935,3.89,119.031,Normal,None
30.381,17.946,-1.395,84.576,Normal,None
44.108,-33.051,-1.72,183.505,Normal,None
42.814,-5.537,4.9,73.384,Normal,None
41.143,-42.227,-1.469,55.679,Normal,None
44.831,27.867,4.237,153.997,Normal,None
-14.669,21.056,-2.704,144.807,Normal,None
-4.683,-42.434,-4.744,79.495,Normal,None
29.954,-2.175,2.998,74.798,Normal,None
-27.791,8.457,-2.008,182.781,Normal,None
-5.799,-15.419,3.644,40.362,Normal,None
26.425,49.744,2.697,74.969,Normal,None
-45.927,-27.985,0.684,136.194,Normal,None
-43.194,1.456,-3.382,2.849,Normal,None
-34.396,-19.991,1.526,79.937,Normal,None
-42.421,12.466,-1.751,52.592,Normal,None
-30.114,42.529,3.4,21.882,Normal,None
-1.37,35.785,4.776,73.22,Normal,None
-31.308,-32.682,4.826,24.958,Normal,None
48.385,38.039,-0.056,158.095,Normal,None
-28.524,-8.981,-2.309,248.05,Normal,None
4.585,32.059,3.045,66.193,Normal,None
23.393,41.021,0.785,46.914,Normal,None
-9.78,32.489,-1.555,116.149,Normal,None
18.724,-17.521,4.261,253.952,Normal,None
46.582,-45.849,3.828,89.691,Normal,None
13.69,39.941,4.465,180.793,Normal,None
-35.0,40.05,0.656,212.326,Normal,None
-4.077,-5.66,2.204,82.479,Normal,None
22.577,-2.617,-2.283,92.374,Normal,None
39.817,-38.269,0.477,207.66,Normal,None
29.023,-18.094,-4.79,128.463,Normal,None
7.599,-5.241,4.167,3.13,Normal,None
16.25,-45.225,-2.991,130.632,Normal,None
-20.701,-11.362,3.057,17.276,Normal,None
25.272,8.863,-1.592,76.935,Normal,None
22.688,-3.882,2.616,33.37,Normal,None
4.734,-35.522,-2.734,94.989,Normal,None
-48.35,11.44,3.23,86.351,Normal,None
-48.331,23.761,1.393,37.637,Normal,None
24.021,-41.63,-3.898,57.12,Normal,None
24.155,7.872,-2.156,209.836,Normal,None
-17.051,21.703,3.345,150.602,Normal,None
7.303,13.194,-3.923,49.043,Normal,None
-0.353,12.057,2.996,152.277,Normal,None
-14.086,49.277,-2.446,164.085,Normal,None
-42.709,10.014,-4.994,98.334,Normal,None
-31.652,-27.34,-1.633,97.032,Normal,None
0.749,29.534,-3.155,163.047,Normal,None
32.719,8.445,2.207,25.38,Normal,None
-25.562,-41.851,4.511,127.682,Normal,None
-15.848,-23.261,1.578,129.559,Normal,None
49.268,34.057,1.211,214.698,Normal,None
-24.275,30.713,1.133,142.499,Normal,None
36.153,25.556,2.158,45.396,Normal,None
-34.771,-29.341,4.989,223.88,Normal,None
-1.712,48.019,-4.172,46.255,Normal,None
-36.414,-49.319,-4.769,78.458,Normal,None
8.123,-14.281,4.428,140.058,Normal,None
43.978,1.377,-2.244,213.331,Normal,None
26.523,-0.967,4.911,79.951,Normal,None
4.254,43.247,2.875,225.09,Normal,None
22.234,12.216,0.749,25.377,Normal,None
-11.935,-47.736,-2.646,90.157,Normal,None
-21.916,-23.093,-3.639,103.885,Normal,None
15.234,-32.553,0.974,133.132,Normal,None
5.769,-43.827,-0.295,176.183,Normal,None
-30.622,29.892,2.748,112.859,Normal,None
-45.687,28.903,3.364,25.475,Normal,None
-34.851,49.715,4.11,35.586,Normal,None
8.375,-11.251,0.219,210.016,Normal,None
-39.982,-22.223,-0.249,171.921,Normal,None
1.474,-14.003,3.182,110.114,Normal,None
23.853,22.234,3.235,169.766,Normal,None
20.359,18.987,4.955,46.841,Normal,None
-33.995,-42.393,-0.175,41.032,Normal,None
-30.614,-30.174,-4.066,250.136,Normal,None
0.342,-44.646,-4.916,15.244,Normal,None
12.856,-24.142,-2.987,178.431,Normal,None
-22.698,3.011,1.493,112.677,Normal,None
24.768,37.909,-1.137,29.285,Normal,None
9.145,-5.738,3.29,203.873,Normal,None
-45.233,29.044,3.237,129.005,Normal,None
0.595,32.757,-3.236,15.388,Normal,None
32.433,28.284,0.932,188.984,Normal,None
-10.764,27.736,3.444,28.045,Normal,None
-15.254,-43.593,-4.057,83.34,Normal,None
40.56,44.62,-0.351,32.909,Normal,None
2.692,-19.81,-4.531,128.499,Normal,None
-49.873,12.66,3.53,135.65,Normal,None
-29.27,25.145,4.878,12.057,Normal,None
34.256,28.669,4.01,145.484,Normal,None
46.383,-40.468,-4.559,90.333,Normal,None
-26.422,42.759,-0.467,195.144,Normal,None
-34.764,-19.554,1.297,239.807,Normal,None
-29.912,48.585,-2.734,229.796,Normal,None
16.198,-36.986,-2.411,10.812,Normal,None
32.155,-49.598,4.447,125.303,Normal,None
14.54,0.115,3.618,1.261,Normal,None
-31.37,-39.083,0.73,78.318,Normal,None
8.147,4.817,-1.571,223.527,Normal,None
12.417,-4.154,-3.079,91.907,Normal,None
-24.092,-16.567,4.342,36.722,Normal,None
-22.888,29.043,4.119,30.085,Normal,None
-2.646,-12.81,-3.792,227.256,Normal,None
-3.152,12.12,3.981,4.024,Normal,None
-27.579,-17.258,-2.222,169.526,Normal,None
3.041,-31.289,2.688,23.103,Normal,None
-8.898,-48.482,3.291,216.482,Normal,None
-13.929,15.289,1.406,171.867,Normal,None
-9.028,-23.464,-2.259,154.082,Normal,None
37.942,1.288,-2.863,65.349,Normal,None
25.694,-13.586,-4.82,229.372,Normal,None
43.716,3.505,2.276,127.794,Normal,None
29.84,45.014,0.411,186.504,Normal,None
39.869,28.063,-1.298,158.076,Normal,None
48.678,7.415,4.686,51.029,Normal,None
-32.304,-27.116,3.502,110.677,Normal,None
15.031,-1.757,-1.121,139.013,Normal,None
24.132,4.825,-4.329,229.823,Normal,None
-15.58,-42.987,-2.239,34.621,Normal,None
-37.081,35.343,0.614,171.843,Normal,None
47.562,25.517,-3.765,49.493,Normal,None
-10.31,45.737,4.145,150.432,Normal,None
-34.397,8.164,2.107,145.73,Normal,None
-28.393,-26.181,4.753,244.893,Normal,None
-22.63,27.679,-2.281,87.967,Normal,None
-21.075,14.873,-2.966,180.507,Normal,None
-17.423,-30.304,4.064,102.081,Normal,None
38.522,-7.393,0.279,61.866,Normal,None
-19.323,46.857,3.883,170.673,Normal,None
24.634,-46.949,4.505,227.561,Normal,None
-2.914,8.344,-1.447,246.041,Normal,None
44.075,-0.417,-0.962,249.937,Normal,None
-16.41,-24.51,1.51,31.98,Normal,None
-35.923,32.815,2.401,237.241,Normal,None
9.984,15.513,3.698,161.956,Normal,None
26.589,0.851,2.918,67.791,Normal,None
-19.793,-29.611,-2.855,79.324,Normal,None
-8.549,-2.248,-0.656,223.136,Normal,None
-23.643,-43.497,-2.325,76.573,Normal,None
7.585,-37.965,-4.54,198.515,Normal,None
45.06,-41.62,2.559,194.769,Normal,None
-27.366,-15.046,4.522,42.06,Normal,None
31.546,-30.198,-4.602,80.665,Normal,None
-30.493,-35.667,0.027,193.784,Normal,None
35.349,18.197,-0.425,213.08,Normal,None
-2.171,-43.59,1.891,32.094,Normal,None
-38.77,-8.433,2.353,199.187,Normal,None
25.967,-21.738,-2.579,70.534,Normal,None
20.23,-33.026,4.319,209.763,Normal,None
-41.034,-46.446,1.868,32.602,Normal,None
-29.381,-28.414,-4.277,194.463,Normal,None
6.905,7.623,3.321,183.857,Normal,None
-20.036,29.419,-2.033,144.04,Normal,None
1.487,27.36,-1.729,126.203,Normal,None
14.185,-23.529,3.485,124.19,Normal,None
-30.283,1.097,0.994,241.703,Normal,None
43.551,-32.911,0.759,138.405,Normal,None
38.579,10.779,-0.563,253.184,Normal,None
40.433,-49.009,-1.879,175.898,Normal,None
-24.39,-22.34,-4.406,174.178,Normal,None
-31.752,47.141,4.434,58.745,Normal,None
-47.043,-29.748,-4.532,174.188,Normal,None
-42.507,-26.782,-0.222,68.075,Normal,None
33.411,47.708,0.268,233.889,Normal,None
-11.129,27.722,1.373,237.476,Normal,None
-17.538,-21.55,1.715,214.917,Normal,None
21.942,-25.289,-4.54,51.189,Normal,None
26.476,-24.394,-4.067,88.244,Normal,None
-42.559,10.483,0.744,49.516,Normal,None
44.423,43.785,-0.532,69.764,Normal,None
44.257,1.636,4.895,91.32,Normal,None
-31.922,-39.898,-0.726,126.227,Normal,None
21.178,-43.436,2.033,207.236,Normal,None
48.382,-11.743,-0.726,211.304,Normal,None
38.562,-33.08,-2.269,108.304,Normal,None
-25.625,24.881,3.066,69.039,Normal,None
13.763,-49.218,-1.062,217.241,Normal,None
-0.956,37.222,0.608,129.039,Normal,None
-2.769,-38.942,1.322,172.154,Normal,None
-43.062,-5.754,2.283,127.78,Normal,None
0.418,36.858,-4.685,15.91,Normal,None
37.715,30.38,2.132,170.899,Normal,None
48.561,-12.483,-4.822,100.796,Normal,None
14.686,37.882,1.247,197.413,Normal,None
-39.855,35.137,-4.236,124.41,Normal,None
28.57,-14.604,-2.164,22.489,Normal,None
-29.155,-38.389,-3.059,125.738,Normal,None
16.235,3.67,-3.074,126.433,Normal,None
-9.747,49.356,0.028,178.876,Normal,None
7.569,-44.161,1.562,222.308,Normal,None
-34.773,5.447,-1.477,63.537,Normal,None
20.804,-22.104,2.645,36.979,Normal,None
-15.811,34.52,-0.477,204.294,Normal,None
-5.789,-36.833,-1.854,196.817,Normal,None
-34.278,39.266,-4.636,70.404,Normal,None
23.956,47.778,-2.717,195.392,Normal,None
0.201,20.502,4.679,23.75,Normal,None
-23.337,-3.354,4.403,94.157,Normal,None
21.261,-30.851,0.772,98.045,Normal,None
44.991,-25.053,-1.238,33.725,Normal,None
45.348,-40.018,-4.254,17.671,Normal,None
43.083,44.465,3.082,36.612,Normal,None
-41.041,-42.291,-0.316,251.331,Normal,None
-10.611,-28.663,2.229,21.676,Normal,None
-48.728,-26.946,-0.27,87.541,Normal,None
-14.174,-8.588,0.523,59.971,Normal,None
44.681,30.742,2.199,123.372,Normal,None
30.254,-22.886,-4.477,13.818,Normal,None
48.971,32.609,0.799,139.24,Normal,None
3.758,-12.116,-2.84,245.9,Normal,None
20.939,26.311,0.287,163.408,Normal,None
29.375,4.296,-3.28,61.141,Normal,None
8.758,-41.753,-4.513,69.825,Normal,None
5.502,-11.31,0.986,111.172,Normal,None
28.778,38.381,-3.427,226.629,Normal,None
36.3,-26.686,1.436,137.623,Normal,None
2.07,-17.666,2.72,176.377,Normal,None
-43.888,14.206,0.733,204.204,Normal,None
-21.886,-20.29,-4.766,40.016,Normal,None
-13.027,44.511,4.531,133.9,Normal,None
-25.374,-30.7,1.436,85.727,Normal,None
28.072,-14.276,1.058,176.055,Normal,None
-6.506,5.67,3.447,45.887,Normal,None
-29.57,-49.929,-1.542,244.724,Normal,None
-15.778,-9.649,-2.17,180.545,Normal,None
18.009,16.854,4.095,135.646,Normal,None
25.187,42.06,3.034,127.419,Normal,None
8.066,-2.602,-1.93,56.386,Normal,None
-27.387,25.5,-4.094,227.284,Normal,None
-3.367,16.173,2.504,40.856,Normal,None
-1.238,-46.421,1.714,216.573,Normal,None
3.592,-9.956,-2.371,128.158,Normal,None
-3.448,15.115,-1.109,141.243,Normal,None
3.945,-45.098,-1.903,140.183,Normal,None
-16.107,48.288,4.199,59.925,Normal,None
29.284,36.728,-4.296,141.883,Normal,None
41.796,-13.867,2.963,66.354,Normal,None
-42.751,-44.363,1.694,57.102,Normal,None
9.276,-32.841,-2.782,85.279,Normal,None
9.857,-19.849,0.701,66.334,Normal,None
34.37,-5.586,-1.835,74.639,Normal,None
42.489,15.57,-0.955,196.682,Normal,None
-6.659,-33.741,-3.609,80.663,Normal,None
-37.22,-1.943,1.467,44.654,Normal,None
7.951,32.995,-3.639,1.899,Normal,None
36.602,-11.311,1.469,145.544,Normal,None
-22.062,41.668,-1.274,183.904,Normal,None
7.644,31.922,-4.224,29.187,Normal,None
34.144,16.55,1.916,197.056,Normal,None
-27.341,17.793,3.635,130.707,Normal,None
23.717,-1.577,-1.813,152.964,Normal,None
27.845,40.911,-3.164,111.205,Normal,None
-21.725,-39.324,4.73,100.068,Normal,None
7.516,20.413,3.344,143.408,Normal,None
26.909,33.397,0.394,55.197,Normal,None
33.814,-14.146,4.159,48.733,Normal,None
38.251,-13.958,3.559,120.454,Normal,None
16.915,9.811,4.939,186.996,Normal,None
-40.035,-47.272,0.775,175.554,Normal,None
17.501,-48.796,-3.952,52.471,Normal,None
0.183,-38.464,2.965,38.489,Normal,None
-46.682,1.026,-3.791,200.268,Normal,None
9.314,-43.463,-4.902,21.178,Normal,None
11.441,-44.26,-4.338,81.026,Normal,None
28.15,-36.195,4.029,187.653,Normal,None
25.577,5.662,-3.285,70.533,Normal,None
42.191,17.033,-1.201,168.422,Normal,None
26.79,36.125,4.42,237.774,Normal,None
-44.512,34.447,-2.096,206.338,Normal,None
2.96,-31.497,-0.815,52.534,Normal,None
-3.1,-7.601,0.058,247.275,Normal,None
36.818,45.356,3.876,67.419,Normal,None
3.945,34.869,3.555,81.618,Normal,None
-20.657,-4.378,-2.978,222.188,Normal,None
23.503,35.251,-0.473,33.39,Normal,None
20.881,16.263,-0.781,100.0,Normal,None
41.714,6.104,-4.243,111.053,Normal,None
3.766,15.567,4.25,57.862,Normal,None
43.112,43.847,-1.946,156.403,Normal,None
48.959,49.32,3.295,115.095,Normal,None
11.163,-22.283,-0.325,35.094,Normal,None
28.485,31.832,0.465,60.953,Normal,None
-4.825,-40.081,2.977,104.831,Normal,None
-6.253,-40.463,-1.801,134.264,Normal,None
-47.385,47.675,4.057,209.735,Normal,None
-30.025,31.445,1.947,157.171,Normal,None
33.044,39.834,2.424,163.674,Normal,None
-49.654,17.467,-3.559,66.121,Normal,None
32.102,25.914,0.974,213.258,Normal,None
-12.63,6.656,1.86,147.301,Normal,None
41.685,29.027,4.741,243.807,Normal,None
-34.04,37.752,-4.402,112.595,Normal,None
-9.796,17.69,-4.602,140.87,Normal,None
46.365,-40.46,0.742,159.536,Normal,None
-19.815,19.702,0.065,63.023,Normal,None
-5.958,-37.41,1.172,17.379,Normal,None
-36.188,-28.187,3.994,25.464,Normal,None
40.28,3.11,-4.483,208.518,Normal,None
-43.06,-15.247,3.083,102.183,Normal,None
36.694,28.863,-0.858,238.454,Normal,None
-38.236,38.566,-1.594,205.046,Normal,None
38.083,15.098,0.457,83.857,Normal,None
49.19,-15.584,-0.998,195.918,Normal,None
-1.056,-4.566,3.573,45.293,Normal,None
49.558,31.238,-1.124,137.573,Normal,None
9.085,-45.259,-4.925,73.691,Normal,None
35.232,20.499,2.036,240.11,Normal,None
-5.103,-4.06,-0.431,168.56,Normal,None
-8.702,17.252,-3.289,213.5,Normal,None
17.166,7.248,-3.553,254.613,Normal,None
35.085,6.718,3.057,6.093,Normal,None
7.605,13.286,2.819,128.131,Normal,None
-21.832,-4.442,0.619,29.64,Normal,None
-20.199,6.429,-1.408,138.918,Normal,None
24.489,38.17,-2.562,236.709,Normal,None
-30.333,-49.178,-3.293,194.622,Normal,None
-6.604,-31.718,0.234,131.229,Normal,None
27.202,-40.033,-4.036,163.502,Normal,None
-11.241,48.393,3.186,252.53,Normal,None
-21.646,38.878,1.145,30.729,Normal,None
30.028,29.344,-4.824,104.58,Normal,None
38.214,-22.822,0.034,69.532,Normal,None
-4.548,49.568,-1.163,235.952,Normal,None
-28.348,39.405,4.645,9.609,Normal,None
36.125,9.567,-2.814,238.531,Normal,None
-30.071,-17.552,4.123,238.428,Normal,None
-13.841,-33.937,0.313,83.66,Normal,None
-34.303,32.772,-2.92,241.823,Normal,None
-44.267,-40.767,-3.233,138.099,Normal,None
-10.733,30.218,3.304,214.607,Normal,None
-31.171,11.518,2.385,24.243,Normal,None
49.435,12.204,-0.754,147.303,Normal,None
-13.573,-42.646,4.764,82.971,Normal,None
-4.788,48.007,-2.954,31.603,Normal,None
46.374,8.507,3.397,213.322,Normal,None
39.181,-46.536,3.412,90.832,Normal,None
2.237,8.532,-0.433,210.391,Normal,None
21.821,43.668,-4.488,4.162,Normal,None
32.579,15.176,4.52,63.525,Normal,None
-46.394,43.548,-2.972,168.53,Normal,None
-37.543,-4.49,-3.645,191.569,Normal,None
-7.559,-12.209,-1.84,212.644,Normal,None
6.19,-5.402,-1.688,156.71,Normal,None
-28.956,-18.51,3.635,236.619,Normal,None
-9.487,10.98,3.044,132.513,Normal,None
48.843,-33.122,-0.633,187.372,Normal,None
20.858,-14.555,4.574,225.435,Normal,None
-41.659,47.387,3.162,6.604,Normal,None
49.979,0.639,4.794,247.575,Normal,None
30.506,40.699,-2.399,61.593,Normal,None
14.315,42.857,-0.036,170.548,Normal,None
-47.333,11.931,4.987,64.208,Normal,None
-23.869,-4.142,0.583,131.72,Normal,None
12.204,44.385,-2.012,59.218,Normal,None
-1.861,40.199,-1.315,77.115,Normal,None
-39.729,39.519,-0.275,45.81,Normal,None
-3.441,18.528,1.426,97.192,Normal,None
21.451,33.749,-0.136,94.54,Normal,None
-4.345,-11.764,3.861,122.379,Normal,None
-40.278,24.795,-2.256,248.703,Normal,None
31.279,41.273,0.661,238.061,Normal,None
-0.192,8.151,-1.183,127.042,Normal,None
30.822,29.016,4.806,91.956,Normal,None
10.256,27.878,3.878,236.883,Normal,None
-22.334,11.334,0.094,225.156,Normal,None
-38.937,-21.694,3.127,183.309,Normal,None
24.657,3.358,3.212,177.461,Normal,None
-49.767,-5.105,-1.284,154.298,Normal,None
18.307,-40.612,1.348,68.483,Normal,None
-24.824,6.052,-1.152,169.999,Normal,None
-46.553,37.676,2.148,100.04,Normal,None
-16.004,29.187,-0.726,241.754,Normal,None
-29.346,41.236,3.929,174.412,Normal,None
-23.464,-1.496,0.263,232.695,Normal,None
-3.467,-44.12,-0.48,248.177,Normal,None
-17.377,-21.835,-3.197,72.721,Normal,None
48.901,28.559,3.081,32.538,Normal,None
-37.01,38.774,-2.351,244.477,Normal,None
-30.86,43.073,-1.975,147.679,Normal,None
10.564,27.715,-1.935,126.597,Normal,None
-44.14,37.154,2.216,250.684,Normal,None
-8.493,-18.44,4.735,64.389,Normal,None
36.951,-20.311,-3.904,13.145,Normal,None
-27.324,-13.225,-1.16,2.652,Normal,None
30.008,-31.023,4.602,60.841,Normal,None
-36.199,-13.197,-1.34,95.982,Normal,None
16.152,25.61,-0.218,50.029,Normal,None
42.728,-14.273,3.719,88.843,Normal,None
23.598,-13.024,-3.384,237.981,Normal,None
19.862,-43.495,-3.877,220.664,Normal,None
1.617,7.361,-2.792,96.817,Normal,None
0.364,-18.519,-2.314,98.317,Normal,None
-21.965,19.263,3.869,239.748,Normal,None
0.758,-0.577,1.655,121.208,Normal,None
-40.001,25.289,1.776,179.688,Normal,None
13.03,31.737,2.486,219.597,Normal,None
-44.71,15.706,1.052,222.078,Normal,None
-13.474,-22.351,1.375,4.766,Normal,None
42.467,10.368,1.488,107.866,Normal,None
-20.988,48.984,-0.697,60.306,Normal,None
8.634,46.714,0.678,90.083,Normal,None
-22.574,-28.549,0.531,243.528,Normal,None
-11.543,-46.533,-2.675,176.581,Normal,None
12.866,46.513,-1.612,222.922,Normal,None
-32.818,-46.389,1.869,176.007,Normal,None
10.805,-37.291,-4.672,147.485,Normal,None
7.253,-32.693,2.779,137.184,Normal,None
32.056,24.63,-1.213,11.217,Normal,None
25.665,42.861,-2.303,196.394,Normal,None
-25.681,-49.242,2.818,169.281,Normal,None
20.866,36.465,-0.962,150.808,Normal,None
5.222,-10.121,-4.163,92.343,Normal,None
-29.276,2.649,1.937,166.602,Normal,None
27.42,18.911,-3.942,213.423,Normal,None
23.871,27.582,-3.171,159.473,Normal,None
37.495,-7.16,3.531,54.489,Normal,None
25.17,19.943,2.239,35.326,Normal,None
-46.413,-31.141,2.328,46.584,Normal,None
0.38,44.531,1.533,242.369,Normal,None
38.892,4.997,0.044,72.759,Normal,None
35.735,33.229,-4.74,243.659,Normal,None
-14.43,-25.524,-4.556,141.494,Normal,None
-21.123,39.046,2.121,169.922,Normal,None
-49.357,28.705,4.471,157.777,Normal,None
-46.73,-32.182,-2.08,217.481,Normal,None
-38.636,-26.509,3.915,17.584,Normal,None
21.935,-34.958,-2.991,91.741,Normal,None
-7.533,-33.798,2.712,145.464,Normal,None
19.493,20.065,-4.627,50.651,Normal,None
-11.83,34.861,1.049,135.09,Normal,None
35.308,-20.222,-2.359,84.33,Normal,None
29.384,46.999,2.397,248.172,Normal,None
45.899,6.074,-2.425,147.013,Normal,None
-44.073,-4.906,2.492,147.276,Normal,None
23.737,-7.937,3.056,10.677,Normal,None
7.384,-0.776,2.961,115.25,Normal,None
45.979,38.811,2.886,114.993,Normal,None
8.06,10.869,3.366,55.893,Normal,None
35.926,17.849,2.547,238.627,Normal,None
-44.088,39.342,-3.235,219.057,Normal,None
11.911,-36.002,-1.363,243.497,Normal,None
41.118,1.44,-4.739,205.968,Normal,None
-44.773,-19.428,3.67,249.77,Normal,None
6.815,3.05,0.986,40.733,Normal,None
-17.212,49.146,1.355,78.358,Normal,None
-42.794,42.783,1.947,240.333,Normal,None
-19.533,-25.235,4.276,153.19,Normal,None
-37.847,-30.235,-1.271,235.375,Normal,None
40.144,5.258,2.341,12.722,Normal,None
-39.257,-39.36,-5.0,223.614,Normal,None
-32.682,29.428,-4.852,169.221,Normal,None
-15.579,18.534,1.33,36.379,Normal,None
-0.056,45.908,3.277,212.174,Normal,None
34.333,-44.645,4.189,138.631,Normal,None
-21.213,-39.534,-1.842,211.838,Normal,None
-13.132,-36.456,-1.815,247.678,Normal,None
-36.57,6.215,-0.828,239.715,Normal,None
-15.54,7.449,0.323,99.014,Normal,None
31.838,-29.408,3.468,239.189,Normal,None
-6.05,4.702,-4.938,102.968,Normal,None
17.191,4.532,-1.07,59.084,Normal,None
-16.747,32.766,-0.238,107.872,Normal,None
15.378,40.292,-1.368,42.8,Normal,None
25.071,-37.469,-1.415,248.341,Normal,None
-21.696,35.769,-4.255,89.503,Normal,None
-18.919,-16.771,1.734,75.239,Normal,None
-4.172,8.338,0.269,12.685,Normal,None
-17.88,-36.626,4.95,239.224,Normal,None
-44.452,16.875,3.608,162.247,Normal,None
-18.552,31.027,-2.677,122.613,Normal,None
-19.957,12.361,4.112,85.113,Normal,None
22.274,-7.957,3.144,139.709,Normal,None
-17.558,43.285,2.089,163.42,Normal,None
-35.621,39.46,-2.184,113.312,Normal,None
29.707,-49.491,3.675,5.449,Normal,None
21.247,-20.051,-4.235,209.271,Normal,None
34.879,10.485,1.049,9.389,Normal,None
36.929,49.944,-1.139,99.247,Normal,None
-41.873,-38.962,1.275,149.102,Normal,None
-7.814,-16.514,-0.487,35.159,Normal,None
-41.257,39.798,2.594,54.277,Normal,None
-12.106,21.848,2.737,43.575,Normal,None
-2.217,11.924,4.266,116.211,Normal,None
10.292,-44.763,-4.703,24.369,Normal,None
16.237,27.627,-0.1,52.396,Normal,None
-37.675,18.314,2.795,98.994,Normal,None
22.205,19.605,1.852,119.325,Normal,None
-15.195,-24.307,2.366,73.703,Normal,None
-38.435,-14.09,-0.803,151.823,Normal,None
44.158,48.791,4.347,250.378,Normal,None
26.6,-28.77,-1.002,190.32,Normal,None
-3.148,21.651,4.125,176.071,Normal,None
22.321,46.55,-4.589,111.171,Normal,None
46.102,-8.132,2.084,252.962,Normal,None
14.922,4.562,-1.597,72.943,Normal,None
11.057,7.885,2.153,178.63,Normal,None
18.693,30.672,-2.123,113.14,Normal,None
-7.437,-13.483,3.61,143.778,Normal,None
-47.511,-30.065,-0.771,119.603,Normal,None
3.375,34.453,-3.372,141.16,Normal,None
6.857,-44.187,2.339,231.272,Normal,None
23.556,31.88,-0.739,211.422,Normal,None
27.126,-47.584,3.698,148.172,Normal,None
3.21,-22.681,3.289,22.133,Normal,None
-20.931,-5.098,3.136,54.807,Normal,None
19.278,30.98,0.216,26.018,Normal,None
-43.562,8.244,-1.024,192.149,Normal,None
17.577,-12.737,-0.276,46.795,Normal,None
16.952,-24.391,3.824,3.546,Normal,None
-40.406,-8.067,4.971,183.938,Normal,None
-2.076,-10.239,0.785,109.317,Normal,None
10.622,-44.294,-1.755,127.065,Normal,None
3.273,37.354,-3.18,54.871,Normal,None
1.498,-19.537,-2.327,148.12,Normal,None
-30.641,-42.814,-0.948,196.879,Normal,None
-18.726,49.664,-3.992,177.487,Normal,None
8.362,1.548,3.869,1.009,Normal,None
17.558,-29.671,-2.66,49.089,Normal,None
-11.811,-42.998,4.574,117.735,Normal,None
-25.983,-7.745,3.29,86.341,Normal,None
48.363,9.496,-4.632,224.804,Normal,None
-38.695,22.775,-4.613,225.35,Normal,None
34.271,12.419,-4.344,87.675,Normal,None
-6.2,-28.465,-4.296,129.513,Normal,None
26.894,-14.005,-2.701,115.097,Normal,None
-27.151,-4.352,3.862,88.151,Normal,None
21.634,-8.424,4.953,61.914,Normal,None
37.222,-49.218,1.471,93.5,Normal,None
20.77,-26.183,2.918,207.132,Normal,None
19.935,15.604,-2.772,14.609,Normal,None
-38.973,46.943,-0.932,80.276,Normal,None
-35.137,-20.208,4.873,234.836,Normal,None
11.241,33.346,2.934,2.385,Normal,None
47.074,44.747,3.611,229.635,Normal,None
10.902,43.172,0.51,24.471,Normal,None
7.256,13.986,2.694,111.054,Normal,None
-2.32,7.852,0.223,210.488,Normal,None
44.401,17.15,1.957,242.95,Normal,None
-43.349,-0.758,-4.29,73.84,Normal,None
-9.371,-4.95,-2.977,69.766,Normal,None
46.906,23.288,2.098,79.203,Normal,None
-37.674,20.478,2.579,136.195,Normal,None
-9.324,-21.498,0.902,54.86,Normal,None
-28.055,19.764,-0.933,94.556,Normal,None
-34.894,-8.926,4.995,138.63,Normal,None
11.394,39.643,-1.233,230.996,Normal,None
30.727,44.786,-4.767,198.939,Normal,None
-14.251,34.919,2.733,139.215,Normal,None
31.674,-41.525,-2.695,225.36,Normal,None
-6.782,1.861,1.681,167.937,Normal,None
2.379,-25.835,4.948,172.421,Normal,None
39.97,-13.087,2.372,48.517,Normal,None
-37.985,-27.055,0.572,103.496,Normal,None
-19.622,-40.481,-2.378,9.624,Normal,None
-47.879,-35.0,1.147,107.002,Normal,None
1.011,-24.352,3.969,167.39,Normal,None
9.389,-23.895,-2.822,172.559,Normal,None
23.525,-29.015,-3.204,7.521,Normal,None
-26.602,-10.863,4.496,249.973,Normal,None
11.099,31.716,-1.719,63.438,Normal,None
-38.77,2.264,3.816,115.371,Normal,None
11.754,-7.135,4.915,51.668,Normal,None
-20.967,15.101,-4.04,22.889,Normal,None
-22.442,31.157,-3.141,168.438,Normal,None
-10.777,-49.618,4.99,149.565,Normal,None
-22.933,-31.743,-2.3,232.783,Normal,None
3.498,-2.941,4.37,85.754,Normal,None
-40.027,-17.444,-4.213,147.256,Normal,None
9.284,-6.65,4.402,85.241,Normal,None
-16.149,16.004,-0.572,198.765,Normal,None
-10.53,-37.178,1.515,58.862,Normal,None
32.513,48.446,-2.194,105.816,Normal,None
-8.839,-17.476,-2.606,245.797,Normal,None
34.701,26.553,-3.266,104.164,Normal,None
6.207,-6.661,0.373,20.288,Normal,None
5.058,-28.055,4.612,77.645,Normal,None
19.705,43.514,0.727,206.126,Normal,None
-34.892,-13.31,2.677,248.641,Normal,None
44.933,37.999,4.387,245.784,Normal,None
10.717,6.207,4.933,121.239,Normal,None
15.478,-3.35,3.476,202.114,Normal,None
39.617,2.83,4.129,3.854,Normal,None
-25.997,12.292,3.776,29.279,Normal,None
-15.058,5.483,-2.685,159.333,Normal,None
32.604,1.571,3.078,53.657,Normal,None
-32.278,-19.638,4.321,245.068,Normal,None
3.192,11.739,4.022,252.586,Normal,None
7.769,-47.501,3.995,136.744,Normal,None
-12.212,21.273,3.368,205.622,Normal,None
20.515,-48.608,3.037,20.354,Normal,None
-16.622,-47.402,0.385,231.372,Normal,None
49.049,-30.201,0.185,120.759,Normal,None
-49.673,1.696,-0.537,224.076,Normal,None
-36.233,-2.197,3.42,79.536,Normal,None
14.815,-20.408,4.551,57.372,Normal,None
-48.819,-6.977,1.931,54.104,Normal,None
3.612,-25.35,-1.841,177.385,Normal,None
25.013,25.726,2.044,166.548,Normal,None
-41.971,18.1,4.531,97.807,Normal,None
-6.27,-13.75,-3.579,121.041,Normal,None
-19.293,14.349,2.188,153.735,Normal,None
22.935,-18.816,-0.709,116.016,Normal,None
37.383,-17.172,-2.919,6.919,Normal,None
-10.55,-42.99,-0.463,224.024,Normal,None
-13.318,-43.589,-4.839,127.84,Normal,None
29.907,-18.881,4.655,243.583,Normal,None
-29.735,-28.829,-2.597,118.974,Normal,None
6.638,19.242,2.026,249.597,Normal,None
0.623,42.165,3.526,243.504,Normal,None
28.409,-32.678,1.926,67.437,Normal,None
-48.173,-35.027,-2.161,233.569,Normal,None
20.142,24.796,4.41,109.519,Normal,None
-41.726,10.132,-2.663,53.652,Normal,None
-48.494,10.343,3.388,215.074,Normal,None
-4.432,-16.199,-4.686,148.702,Normal,None
-22.67,-46.772,0.654,230.653,Normal,None
8.69,40.619,0.768,45.435,Normal,None
24.539,-16.459,1.659,147.666,Normal,None
-8.879,12.647,-4.654,98.266,Normal,None
9.064,-37.517,0.889,24.398,Normal,None
11.929,14.017,0.806,160.181,Normal,None
-34.677,-40.415,1.245,252.318,Normal,None
-29.485,29.007,2.51,154.248,Normal,None
-28.677,-21.959,1.387,176.405,Normal,None
-37.754,48.519,-1.485,138.3,Normal,None
-41.048,36.897,-2.909,237.062,Normal,None
18.701,-17.896,3.322,181.144,Normal,None
-16.732,35.449,-2.337,249.938,Normal,None
-30.254,6.092,4.708,76.12,Normal,None
-39.185,29.444,-0.663,80.339,Normal,None
39.673,3.815,3.16,193.63,Normal,None
-16.601,1.998,-4.787,82.431,Normal,None
22.373,-15.557,-0.517,221.407,Normal,None
11.718,31.615,3.297,149.064,Normal,None
9.535,-31.339,0.65,74.351,Normal,None
35.479,-14.535,-4.005,216.824,Normal,None
18.65,-11.137,0.396,35.915,Normal,None
-0.907,8.204,3.86,116.76,Normal,None
-35.225,37.455,3.045,38.769,Normal,None
-19.289,47.783,-0.896,154.314,Normal,None
7.95,30.362,3.865,247.049,Normal,None
45.2,-20.292,-2.366,188.91,Normal,None
30.289,38.471,-3.489,46.995,Normal,None
0.711,-19.847,1.83,15.158,Normal,None
-14.959,43.979,-3.373,34.878,Normal,None
43.153,-41.403,0.646,70.286,Normal,None
-1.129,33.875,2.747,10.544,Normal,None
-14.775,-33.085,3.411,106.238,Normal,None
-34.436,31.109,1.98,76.692,Normal,None
-11.518,39.063,-3.577,31.218,Normal,None
-6.119,-29.037,-3.327,104.456,Normal,None
-37.822,-24.887,-0.2,15.817,Normal,None
15.772,0.075,1.604,94.278,Normal,None
-39.851,47.814,0.877,25.97,Normal,None
27.353,-6.562,-3.413,184.869,Normal,None
47.701,-15.347,3.043,60.749,Normal,None
15.892,-40.511,-1.0,94.06,Normal,None
-18.564,18.769,0.689,128.525,Normal,None
36.025,12.91,-0.362,235.156,Normal,None
-6.95,21.457,3.522,197.081,Normal,None
-25.701,6.305,-0.701,81.71,Normal,None
-14.121,25.861,-2.916,205.986,Normal,None
-25.189,-27.677,3.095,45.206,Normal,None
-12.319,-26.536,0.316,202.673,Normal,None
-48.918,-38.383,4.455,38.185,Normal,None
21.09,3.222,0.462,171.098,Normal,None
-34.254,-46.908,-4.964,138.531,Normal,None
39.01,-39.878,-4.457,16.165,Normal,None
-45.611,10.174,2.326,148.198,Normal,None
44.55,7.542,-2.674,239.947,Normal,None
5.836,19.988,-0.641,139.892,Normal,None
12.182,47.518,2.162,105.474,Normal,None
-24.907,-48.385,3.898,220.982,Normal,None
0.316,-42.6,4.961,104.024,Normal,None
-43.229,-23.396,-3.74,119.872,Normal,None
43.126,27.248,-3.272,111.307,Normal,None
-38.738,34.087,0.368,18.615,Normal,None
-37.694,13.833,-0.903,199.746,Normal,None
27.907,-30.103,3.516,99.57,Normal,None
-35.917,6.186,2.895,233.723,Normal,None
11.357,-1.848,2.88,33.243,Normal,None
-23.004,2.032,-1.0,121.921,Normal,None
6.54,30.682,0.813,69.151,Normal,None
-20.415,29.409,1.454,139.116,Normal,None
18.57,10.577,-1.292,105.963,Normal,None
-46.926,19.048,2.282,44.864,Normal,None
-6.796,-23.717,4.62,142.134,Normal,None
-26.055,-17.161,0.45,190.863,Normal,None
28.179,-3.38,-0.462,116.231,Normal,None
24.651,-47.644,-3.434,228.235,Normal,None
10.508,-44.637,-1.963,5.096,Normal,None
48.858,-26.624,1.423,148.916,Normal,None
-25.958,-38.383,4.341,32.457,Normal,None
-31.418,7.13,3.846,134.662,Normal,None
11.73,-49.398,3.86,14.669,Normal,None
-18.741,-22.137,2.406,223.006,Normal,None
-45.408,-30.753,-2.566,41.121,Normal,None
-27.177,-34.427,0.159,27.006,Normal,None
-29.741,34.751,0.496,110.77,Normal,None
-19.536,-19.643,1.759,250.013,Normal,None
2.578,5.536,-0.295,10.404,Normal,None
33.993,4.978,-2.433,68.636,Normal,None
-48.05,-39.754,0.303,98.62,Normal,None
44.232,-1.103,-4.281,73.743,Normal,None
-41.772,-30.676,1.14,232.309,Normal,None
0.77,-25.592,-1.386,191.679,Normal,None
5.881,-44.316,-1.809,149.94,Normal,None
47.739,-13.749,-0.004,173.619,Normal,None
7.665,48.685,3.481,34.735,Normal,None
-3.519,-8.067,2.137,185.514,Normal,None
-21.113,21.89,-4.515,7.78,Normal,None
-15.39,-22.57,2.95,80.361,Normal,None
-43.107,-27.208,0.264,233.043,Normal,None
-22.931,-35.501,-0.362,114.079,Normal,None
39.146,-14.966,1.76,123.629,Normal,None
46.492,26.298,-0.678,196.25,Normal,None
-17.083,-37.134,3.169,209.089,Normal,None
-27.126,-34.418,-2.776,237.151,Normal,None
46.702,-17.113,0.77,82.404,Normal,None
-27.527,-36.241,-4.009,123.334,Normal,None
-6.643,10.312,0.502,39.941,Normal,None
19.626,-45.188,-0.603,69.206,Normal,None
-15.321,49.373,2.715,181.631,Normal,None
17.999,-37.235,-0.955,41.974,Normal,None
-15.159,2.932,-0.607,250.838,Normal,None
-29.773,-14.614,-2.043,148.76,Normal,None
-32.993,9.2,3.993,205.658,Normal,None
6.376,-23.469,-0.048,87.212,Normal,None
7.323,16.875,-4.039,234.72,Normal,None
-8.271,-42.842,-4.408,115.316,Normal,None
17.138,36.832,-0.263,45.249,Normal,None
13.01,-8.343,-3.887,116.066,Normal,None
-37.882,18.601,-1.591,97.811,Normal,None
-2.205,1.981,-2.043,50.981,Normal,None
-44.751,0.51,-2.134,200.612,Normal,None
-41.992,-47.257,4.926,40.12,Normal,None
9.27,-29.976,-3.787,8.102,Normal,None
39.495,42.925,2.882,164.769,Normal,None
-40.122,-13.759,3.842,114.796,Normal,None
-28.194,-35.968,3.366,157.237,Normal,None
24.82,-20.845,-4.435,103.791,Normal,None
-3.307,-14.51,-1.554,67.675,Normal,None
40.944,8.799,-2.15,140.189,Normal,None
30.11,42.645,-2.701,116.597,Normal,None
27.687,-2.28,4.092,33.995,Normal,None
-29.261,26.781,2.874,131.642,Normal,None
-13.725,-31.798,4.595,217.464,Normal,None
-34.478,13.829,-1.5,78.054,Normal,None
-31.3,-25.089,-1.481,73.539,Normal,None
27.721,4.298,-0.606,188.44,Normal,None
-45.374,43.799,-0.695,173.25,Normal,None
-13.133,-36.118,4.677,11.328,Normal,None
-26.483,45.043,-4.035,179.377,Normal,None
25.843,-32.919,-0.399,119.552,Normal,None
11.701,-6.084,-1.257,27.59,Normal,None
3.564,14.154,3.915,133.488,Normal,None
16.317,-14.215,-4.96,177.934,Normal,None
30.621,14.437,2.543,247.626,Normal,None
31.038,-25.154,-2.022,53.435,Normal,None
-10.298,-6.623,-2.622,158.523,Normal,None
-36.386,45.236,3.732,78.072,Normal,None
47.385,2.472,-3.728,9.446,Normal,None
-6.489,16.595,3.129,145.87,Normal,None
-24.148,-2.545,1.415,201.277,Normal,None
-16.49,-18.702,-3.036,33.601,Normal,None
17.664,-0.974,-0.356,115.283,Normal,None
-15.227,-11.436,-2.763,115.397,Normal,None
-15.753,31.368,-0.858,117.421,Normal,None
-26.496,-25.306,-3.245,195.984,Normal,None
2.696,30.522,-0.321,14.215,Normal,None
-13.262,-31.217,-1.461,172.625,Normal,None
-24.58,-15.777,-0.301,97.753,Normal,None
16.729,-14.968,3.149,243.653,Normal,None
4.277,7.895,-3.912,9.432,Normal,None
-14.007,-12.322,3.939,130.767,Normal,None
7.415,-6.64,3.862,30.813,Normal,None
43.501,35.829,-2.791,198.458,Normal,None
-16.61,10.822,-2.305,63.094,Normal,None
16.776,-32.837,1.343,114.239,Normal,None
-45.875,-13.826,1.553,93.234,Normal,None
-49.044,-46.198,1.071,129.301,Normal,None
7.865,31.356,0.717,125.272,Normal,None
38.061,8.841,2.71,75.744,Normal,None
-46.166,7.401,4.219,20.958,Normal,None
8.468,3.643,2.3,164.952,Normal,None
12.237,38.315,-4.623,242.281,Normal,None
13.319,-9.492,-4.872,86.47,Normal,None
20.453,13.897,-1.778,185.454,Normal,None
22.631,4.365,-4.236,90.422,Normal,None
-26.384,-49.413,3.516,27.963,Normal,None
-3.738,-2.398,1.427,165.2,Normal,None
-20.466,-10.689,4.796,51.871,Normal,None
28.471,39.454,-3.647,183.217,Normal,None
-40.063,-7.138,3.912,141.774,Normal,None
37.317,45.063,4.187,188.275,Normal,None
-6.8,43.548,-4.323,185.903,Normal,None
2.938,17.922,2.486,150.044,Normal,None
-44.129,-44.728,-4.933,152.733,Normal,None
-46.567,-44.221,-1.411,130.863,Normal,None
36.719,-34.638,-4.631,95.243,Normal,None
42.725,-48.098,-0.901,126.022,Normal,None
28.184,-20.91,-4.951,49.486,Normal,None
23.865,-48.867,4.639,13.191,Normal,None
-22.67,-22.093,2.906,39.238,Normal,None
-41.842,-11.152,3.374,156.771,Normal,None
-5.026,40.323,0.191,37.359,Normal,None
25.934,-7.836,-0.191,213.839,Normal,None
-41.399,0.186,-2.818,225.498,Normal,None
18.863,-3.205,-0.24,232.412,Normal,None
-34.177,-46.921,0.209,177.207,Normal,None
-28.468,-47.622,3.347,217.678,Normal,None
24.214,4.981,-1.489,81.397,Normal,None
30.095,-38.584,2.639,16.16,Normal,None
38.654,11.02,3.174,84.981,Normal,None
48.436,36.754,-4.816,187.901,Normal,None
12.362,-34.608,-2.88,140.868,Normal,None
10.942,-16.403,-4.357,48.383,Normal,None
-10.867,34.753,-0.863,35.656,Normal,None
-4.126,1.843,4.082,252.718,Normal,None
-32.464,-17.391,-4.689,90.386,Normal,None
12.254,-4.371,-3.584,253.014,Normal,None
33.682,-20.134,-2.165,5.178,Normal,None
-30.963,40.215,3.275,121.11,Normal,None
28.538,-33.864,-1.459,227.533,Normal,None
26.909,-25.852,4.523,139.452,Normal,None
-26.425,13.431,1.861,83.548,Normal,None
-35.736,-7.81,0.973,254.783,Normal,None
-37.002,1.89,-3.874,21.383,Normal,None
-34.213,-1.809,-4.644,143.58,Normal,None
-5.687,-37.903,-4.827,60.13,Normal,None
-1.169,11.543,-3.935,218.585,Normal,None
-20.196,-38.392,-0.121,172.226,Normal,None
12.543,33.235,0.857,209.188,Normal,None
-3.064,-46.699,-4.985,189.795,Normal,None
-28.387,-11.192,-0.794,236.829,Normal,None
12.719,46.326,-0.853,245.777,Normal,None
-0.614,17.17,1.582,86.866,Normal,None
-49.943,-33.312,-4.671,133.134,Normal,None
-30.906,-32.697,-4.234,208.476,Normal,None
42.654,48.349,-0.901,195.051,Normal,None
-34.305,34.936,4.442,64.403,Normal,None
-5.097,8.931,-4.945,254.026,Normal,None
38.028,-16.637,1.468,231.922,Normal,None
14.493,-28.991,-1.976,81.025,Normal,None
13.981,-48.092,1.626,248.12,Normal,None
9.378,28.191,-1.5,226.292,Normal,None
45.415,6.479,-0.776,56.553,Normal,None
-46.179,-43.116,2.234,243.61,Normal,None
-35.195,37.247,-4.783,50.71,Normal,None
-30.074,39.971,-0.099,77.42,Normal,None
-34.993,-22.954,2.449,42.347,Normal,None
22.236,38.792,0.921,205.028,Normal,None
-21.865,-33.11,-2.231,13.328,Normal,None
-42.958,2.91,3.466,207.982,Normal,None
15.243,-18.473,0.402,66.441,Normal,None
-10.469,15.829,-1.749,205.783,Normal,None
-33.668,47.138,-2.023,129.755,Normal,None
18.173,19.907,-1.123,74.864,Normal,None
35.865,47.936,4.507,57.163,Normal,None
-5.524,-0.248,1.402,148.903,Normal,None
41.197,-20.301,3.747,10.072,Normal,None
22.79,-38.194,-2.819,29.381,Normal,None
-49.089,-45.529,3.012,22.353,Normal,None
-26.719,19.853,1.472,124.51,Normal,None
-37.562,-6.07,-4.297,169.735,Normal,None
32.073,-42.587,0.913,73.257,Normal,None
3.068,-25.372,2.426,179.12,Normal,None
25.222,10.53,-2.335,135.018,Normal,None
17.132,-10.76,1.408,231.391,Normal,None
14.99,-44.285,-2.716,45.887,Normal,None
0.903,42.642,2.022,92.563,Normal,None
-21.193,48.192,-4.453,173.094,Normal,None
-39.933,25.605,-0.451,229.855,Normal,None
39.236,-17.816,-1.29,72.225,Normal,None
-34.348,19.43,4.089,73.151,Normal,None
2.111,-18.226,-4.018,143.961,Normal,None
-5.281,28.725,-0.362,160.321,Normal,None
8.161,-41.89,0.45,59.671,Normal,None
-22.323,16.531,1.824,111.986,Normal,None
34.041,-6.311,-3.112,253.037,Normal,None
9.011,37.803,-4.225,14.094,Normal,None
-37.86,-31.941,-2.411,98.824,Normal,None
-30.754,-19.542,-3.7,127.551,Normal,None
6.816,-7.299,-1.051,88.024,Normal,None
-29.088,7.544,0.67,30.001,Normal,None
-8.842,36.307,-4.371,89.648,Normal,None
21.45,-42.882,-0.386,208.559,Normal,None
1.778,34.774,0.295,127.616,Normal,None
-22.612,47.04,-2.11,128.378,Normal,None
-23.694,35.179,-1.837,219.516,Normal,None
25.151,1.509,0.436,243.387,Normal,None
21.372,-47.405,1.544,227.142,Normal,None
-0.797,48.988,0.024,34.416,Normal,None
43.622,12.174,0.7,131.368,Normal,None
25.251,-17.019,-3.576,28.436,Normal,None
-23.22,-14.776,-4.009,131.179,Normal,None
31.72,30.428,1.248,150.167,Normal,None
26.784,49.093,1.388,37.23,Normal,None
8.435,-0.253,0.281,32.453,Normal,None
22.266,1.281,-3.55,108.975,Normal,None
9.027,21.786,1.234,234.353,Normal,None
17.226,-10.73,-4.881,228.337,Normal,None
-37.516,21.517,1.836,92.936,Normal,None
32.621,-10.378,3.959,22.343,Normal,None
-23.525,-42.356,4.632,135.27,Normal,None
44.009,33.288,3.728,185.378,Normal,None
-16.736,21.873,0.858,68.035,Normal,None
31.495,-28.91,3.106,111.566,Normal,None
15.698,26.451,-2.504,66.224,Normal,None
14.529,-7.888,3.819,89.012,Normal,None
-36.758,26.822,-4.208,112.601,Normal,None
-23.128,37.81,2.713,114.304,Normal,None
28.021,-40.613,-4.323,177.751,Normal,None
18.007,40.004,-4.48,205.24,Normal,None
-20.802,9.362,3.441,38.698,Normal,None
8.035,-13.822,-2.689,145.469,Normal,None
34.926,-43.248,2.842,103.653,Normal,None
33.181,-2.166,-3.598,49.25,Normal,None
23.654,27.038,0.386,249.426,Normal,None
-4.361,13.405,3.483,183.599,Normal,None
-6.73,-10.447,-0.238,49.495,Normal,None
-37.056,-32.289,3.821,185.568,Normal,None
40.582,6.788,4.566,42.261,Normal,None
-16.561,-4.992,-3.637,11.168,Normal,None
-47.534,43.356,3.967,251.241,Normal,None
-20.924,14.142,-4.412,22.022,Normal,None
29.441,13.043,0.765,181.419,Normal,None
13.271,10.025,-0.806,1.574,Normal,None
-18.771,-11.103,-1.338,209.887,Normal,None
46.047,-13.364,-3.249,83.916,Normal,None
-12.164,-39.093,1.434,21.562,Normal,None
38.49,48.21,-3.682,96.936,Normal,None
37.365,25.199,-1.333,200.859,Normal,None
7.27,22.086,3.475,138.709,Normal,None
38.843,20.559,-0.443,113.053,Normal,None
-27.254,16.813,-4.111,143.458,Normal,None
-36.957,-35.798,0.776,89.532,Normal,None
6.447,46.419,4.36,201.759,Normal,None
22.638,20.717,4.826,118.455,Normal,None
-1.377,41.065,-0.245,55.255,Normal,None
-31.643,-6.935,2.325,76.022,Normal,None
-9.271,25.745,3.921,34.688,Normal,None
1.402,-44.376,-2.835,34.106,Normal,None
42.185,-41.562,3.004,196.465,Normal,None
-48.732,-47.289,2.753,131.162,Normal,None
28.667,-31.507,2.205,216.488,Normal,None
11.954,-15.532,-3.376,133.908,Normal,None
16.531,-46.26,-1.17,74.395,Normal,None
27.246,21.378,-2.862,27.113,Normal,None
14.086,-29.778,-2.052,168.729,Normal,None
4.039,21.757,1.05,101.703,Normal,None
-17.975,49.908,4.871,161.876,Normal,None
-26.138,-42.008,2.199,202.598,Normal,None
-43.36,-24.249,-3.357,199.98,Normal,None
29.8,43.761,-0.015,187.07,Normal,None
25.517,17.881,3.769,94.581,Normal,None
5.166,-47.78,-2.846,151.022,Normal,None
-1.417,-30.013,1.339,119.923,Normal,None
9.698,12.372,-0.789,152.151,Normal,None
-9.16,-28.27,1.416,48.982,Normal,None
4.507,-11.133,3.791,151.95,Normal,None
20.866,8.67,-1.724,37.236,Normal,None
-39.953,43.916,-4.306,247.761,Normal,None
32.891,10.574,2.979,155.319,Normal,None
-38.381,-36.719,2.548,231.709,Normal,None
21.044,43.46,0.7,195.158,Normal,None
0.764,21.36,-2.062,75.709,Normal,None
34.401,8.254,3.894,211.976,Normal,None
36.357,-8.787,-1.77,86.211,Normal,None
-17.842,7.349,-0.034,72.478,Normal,None
-25.983,-2.671,3.214,14.188,Normal,None
39.517,11.729,-2.05,36.09,Normal,None
43.303,-2.666,2.709,209.696,Normal,None
12.054,-41.921,-2.231,51.826,Normal,None
36.078,13.811,-2.972,64.775,Normal,None
-8.475,-3.941,-2.954,136.867,Normal,None
2.947,18.402,3.374,221.304,Normal,None
9.47,35.217,-1.16,27.165,Normal,None
-13.814,-32.38,3.908,171.565,Normal,None
32.318,-14.698,-0.96,44.983,Normal,None
27.787,-48.84,0.942,57.628,Normal,None
-4.216,21.029,-2.202,72.444,Normal,None
48.474,28.42,-2.27,195.298,Normal,None
-13.434,-19.759,-0.84,236.035,Normal,None
29.379,-34.088,4.244,11.845,Normal,None
33.393,19.535,-2.816,17.495,Normal,None
-22.821,-23.535,4.24,16.781,Normal,None
27.336,6.102,-1.783,118.013,Normal,None
39.159,-30.336,-0.538,131.027,Normal,None
-33.301,43.193,2.15,131.999,Normal,None
38.093,-28.678,2.735,144.685,Normal,None
5.785,21.119,-2.715,79.595,Normal,None
-33.797,38.563,0.526,10.292,Normal,None
42.801,-3.534,-4.851,181.04,Normal,None
15.147,-43.646,3.063,78.952,Normal,None
-31.208,-5.261,2.163,200.516,Normal,None
-35.512,-6.337,3.313,25.172,Normal,None
-19.836,31.633,3.536,18.821,Normal,None
-25.441,-9.35,-3.805,98.774,Normal,None
46.954,-46.652,-0.127,155.941,Normal,None
-9.535,-21.962,-1.791,8.345,Normal,None
-13.08,46.082,-3.276,151.185,Normal,None
-28.7,31.014,2.176,161.165,Normal,None
32.032,-35.693,1.182,220.808,Normal,None
-23.128,47.589,3.105,229.994,Normal,None
-22.245,16.978,-4.581,149.104,Normal,None
-41.535,25.141,-2.634,85.392,Normal,None
22.542,-45.306,-1.691,192.85,Normal,None
42.958,-31.001,2.59,86.18,Normal,None
-12.84,-3.191,-4.017,85.709,Normal,None
37.94,9.456,2.674,30.006,Normal,None
45.876,-27.933,-3.562,43.551,Normal,None
-2.594,28.337,3.587,10.847,Normal,None
-15.886,-37.219,-3.945,5.13,Normal,None
-19.999,1.562,4.527,21.875,Normal,None
27.264,-12.393,0.152,201.4,Normal,None
0.506,-47.735,-3.795,1.307,Normal,None
-34.819,-46.629,-4.06,245.576,Normal,None
29.738,-37.531,-4.154,76.953,Normal,None
27.869,2.783,4.028,72.478,Normal,None
40.875,-2.81,-2.289,106.799,Normal,None
47.455,17.435,-2.125,113.625,Normal,None
-33.459,-10.179,1.144,169.608,Normal,None
-1.23,-19.2,3.086,184.703,Normal,None
-40.575,-25.39,0.848,247.295,Normal,None
-38.034,-44.077,-2.868,148.247,Normal,None
-36.707,-39.263,4.152,151.172,Normal,None
17.758,-0.206,-2.334,66.152,Normal,None
-42.162,-6.651,4.483,40.365,Normal,None
48.796,48.934,4.783,228.975,Normal,None
-36.005,-29.545,-4.966,30.374,Normal,None
7.456,19.456,-4.726,37.503,Normal,None
-32.179,-27.398,3.826,20.601,Normal,None
41.196,-35.118,2.377,154.736,Normal,None
-15.339,-32.967,1.8,244.016,Normal,None
49.181,32.517,-3.422,153.286,Normal,None
26.252,32.96,-3.746,91.588,Normal,None
3.206,-11.862,3.944,197.111,Normal,None
2.815,-43.319,4.092,227.994,Normal,None
-8.304,-6.523,-1.848,168.026,Normal,None
45.995,9.131,2.566,142.07,Normal,None
17.323,45.883,-1.429,71.363,Normal,None
-45.953,-17.34,0.445,131.706,Normal,None
37.485,35.668,2.508,177.167,Normal,None
-26.844,28.579,-0.673,194.808,Normal,None
44.855,-23.446,2.032,70.769,Normal,None
2.415,-25.854,-0.75,45.484,Normal,None
29.657,37.458,-4.811,100.748,Normal,None
-9.908,23.225,-2.493,101.705,Normal,None
-4.801,6.191,-3.899,194.663,Normal,None
-4.405,-4.338,3.299,109.758,Normal,None
-42.381,-25.231,-0.465,60.69,Normal,None
18.061,-10.036,-4.613,138.241,Normal,None
24.928,13.535,-4.669,73.908,Normal,None
46.0,11.674,2.186,179.286,Normal,None
-41.593,-16.665,-4.098,43.326,Normal,None
-26.351,39.2,2.008,192.914,Normal,None
-9.326,6.496,-0.661,219.534,Normal,None
-25.99,-17.021,-2.565,7.15,Normal,None
-44.74,-10.498,-4.779,196.154,Normal,None
35.95,11.221,0.373,10.14,Normal,None
-36.815,33.75,3.658,52.975,Normal,None
-29.005,15.664,4.088,54.061,Normal,None
48.27,-38.338,2.85,55.121,Normal,None
-5.833,-49.054,3.773,106.714,Normal,None
37.786,-28.968,-0.512,131.488,Normal,None
9.934,29.121,4.648,81.48,Normal,None
-29.025,-16.363,1.114,117.513,Normal,None
28.789,3.53,2.277,179.532,Normal,None
-10.882,-9.998,0.682,19.766,Normal,None
43.663,46.925,3.392,20.113,Normal,None
-22.093,37.364,0.268,24.97,Normal,None
-19.843,10.493,-4.661,226.046,Normal,None
36.108,-13.216,0.45,70.144,Normal,None
-24.731,29.11,0.682,134.009,Normal,None
-42.366,33.412,1.796,95.467,Normal,None
-8.362,-45.918,2.652,69.659,Normal,None
45.616,25.971,1.395,88.063,Normal,None
-33.382,49.873,2.446,229.495,Normal,None
-2.596,34.601,1.095,4.507,Normal,None
8.73,6.08,1.743,24.422,Normal,None
-30.354,42.646,4.191,68.693,Normal,None
-20.679,37.83,-3.09,29.012,Normal,None
-23.707,-45.899,-2.574,247.998,Normal,None
-18.942,4.892,-1.166,42.068,Normal,None
16.534,27.523,4.043,212.072,Normal,None
8.251,4.845,0.524,88.764,Normal,None
-3.297,16.129,2.849,81.123,Normal,None
6.415,-24.703,-4.514,175.814,Normal,None
-21.373,43.582,0.448,233.121,Normal,None
8.553,26.103,-4.351,132.225,Normal,None
-21.726,6.191,1.919,175.731,Normal,None
-49.492,40.573,2.262,212.488,Normal,None
1.61,-0.703,-4.523,198.081,Normal,None
4.846,-33.85,-0.764,122.889,Normal,None
-1.815,-47.415,-3.905,178.639,Normal,None
-49.457,-43.64,3.594,106.829,Normal,None
-28.689,27.43,1.727,99.023,Normal,None
-19.087,5.556,1.917,223.613,Normal,None
-43.776,23.607,-3.628,22.662,Normal,None
-25.242,34.022,2.842,234.268,Normal,None
10.236,-6.447,2.137,121.309,Normal,None
49.962,0.71,-2.686,61.053,Normal,None
-46.734,-19.979,3.832,122.693,Normal,None
21.403,19.644,-3.918,135.482,Normal,None
38.711,40.997,1.196,178.902,Normal,None
43.604,-33.597,-3.057,192.225,Normal,None
-40.641,-2.988,1.089,180.761,Normal,None
-25.872,-48.97,2.917,0.001,Normal,None
-11.762,32.531,-2.233,156.979,Normal,None
-25.82,-7.794,2.3,226.921,Normal,None
27.07,8.502,4.796,217.493,Normal,None
6.206,40.091,-1.48,79.718,Normal,None
32.717,-40.218,-2.467,8.511,Normal,None
27.5,7.788,0.307,65.357,Normal,None
-9.015,-47.528,-4.563,124.603,Normal,None
9.927,-22.572,-0.984,163.908,Normal,None
38.43,44.022,-4.731,88.645,Normal,None
3.926,-28.338,2.631,159.822,Normal,None
-30.212,3.342,4.158,167.543,Normal,None
-33.98,-49.701,2.485,177.825,Normal,None
-4.468,13.113,-3.334,133.295,Normal,None
-40.945,37.43,-0.99,3.11,Normal,None
21.938,-21.058,-1.864,154.694,Normal,None
-0.266,20.751,-3.203,166.626,Normal,None
-5.046,7.389,2.311,28.053,Normal,None
35.658,43.423,2.577,21.075,Normal,None
33.668,24.665,-2.603,59.472,Normal,None
-45.868,12.823,3.76,58.98,Normal,None
14.504,2.721,3.697,165.564,Normal,None
-22.005,34.279,0.816,237.259,Normal,None
-26.912,9.457,2.274,96.25,Normal,None
27.095,-48.819,-2.44,34.641,Normal,None
-10.967,0.34,-2.749,202.769,Normal,None
45.868,49.588,4.223,232.749,Normal,None
11.676,-32.759,2.005,130.63,Normal,None
7.236,6.717,-3.993,114.184,Normal,None
9.639,-47.984,-2.883,138.741,Normal,None
-3.192,29.056,-0.742,7.274,Normal,None
23.108,-40.275,-2.013,237.776,Normal,None
-37.416,31.576,-0.256,168.591,Normal,None
-16.347,3.72,0.192,203.661,Normal,None
-27.084,-5.803,-2.352,30.774,Normal,None
11.687,23.84,1.206,37.451,Normal,None
-11.455,-36.079,0.558,193.342,Normal,None
4.171,22.466,-4.04,213.447,Normal,None
-38.805,41.247,3.821,48.324,Normal,None
35.49,-6.186,2.902,121.482,Normal,None
-6.928,10.961,-0.57,199.868,Normal,None
-42.754,46.621,1.471,97.662,Normal,None
18.396,13.49,0.437,133.494,Normal,None
35.312,-20.666,-2.986,32.076,Normal,None
10.287,35.798,-4.993,71.261,Normal,None
49.977,-28.07,4.529,206.996,Normal,None
44.498,20.517,-3.58,232.075,Normal,None
-28.756,40.495,1.168,201.548,Normal,None
-8.337,-48.746,-1.156,29.051,Normal,None
42.561,-28.305,4.986,203.983,Normal,None
14.412,-22.89,2.254,243.138,Normal,None
23.968,6.323,-1.913,78.066,Normal,None
-44.514,12.311,-4.363,174.544,Normal,None
39.931,13.891,1.162,234.473,Normal,None
-48.661,-9.219,2.852,167.123,Normal,None
48.279,24.662,4.052,116.206,Normal,None
33.73,30.714,3.498,91.279,Normal,None
35.257,-15.878,-0.777,168.37,Normal,None
42.758,48.695,2.381,53.084,Normal,None
47.546,0.742,4.487,179.793,Normal,None
1.241,37.018,2.265,242.42,Normal,None
-41.573,33.171,-0.604,110.045,Normal,None
-29.067,17.568,1.323,12.428,Normal,None
44.098,-4.66,-4.677,140.383,Normal,None
-28.979,27.13,-3.327,166.87,Normal,None
-49.337,-3.933,-4.433,113.59,Normal,None
0.469,35.342,-2.425,168.987,Normal,None
-23.12,41.141,-4.451,5.847,Normal,None
-15.538,-42.655,2.762,216.486,Normal,None
-26.297,-7.92,4.648,220.721,Normal,None
-6.594,7.663,-1.196,24.814,Normal,None
-47.543,-37.503,-4.045,38.837,Normal,None
19.088,-13.092,-3.985,32.773,Normal,None
21.191,25.607,2.184,156.358,Normal,None
-34.802,-1.916,-2.597,188.237,Normal,None
16.487,39.337,3.96,9.632,Normal,None
-18.252,-45.402,2.762,223.023,Normal,None
-14.468,-43.372,-3.22,43.208,Normal,None
49.397,33.826,-1.902,92.627,Normal,None
48.246,7.638,3.467,16.9,Normal,None
-24.229,44.421,0.25,74.535,Normal,None
-36.485,6.027,1.271,146.056,Normal,None
22.879,-10.323,-0.936,23.856,Normal,None
11.56,25.095,-1.036,86.862,Normal,None
46.72,45.225,1.319,127.921,Normal,None
3.356,9.704,2.918,30.279,Normal,None
47.347,15.343,-3.327,90.136,Normal,None
-26.469,2.376,3.128,17.107,Normal,None
0.632,48.172,-2.043,212.051,Normal,None
-0.791,-37.899,1.612,93.989,Normal,None
-43.335,14.406,4.267,180.508,Normal,None
-40.854,32.973,2.124,43.295,Normal,None
-40.018,5.501,-1.711,202.005,Normal,None
16.974,7.964,-3.842,158.886,Normal,None
-5.745,29.315,2.214,61.938,Normal,None
-9.792,3.964,3.954,249.556,Normal,None
-3.286,17.335,2.453,15.754,Normal,None
-34.533,-39.574,-2.222,61.569,Normal,None
-15.552,-27.123,-0.903,56.521,Normal,None
22.136,-40.77,-2.321,196.905,Normal,None
28.874,-20.379,3.59,228.968,Normal,None
19.013,13.066,2.474,157.757,Normal,None
42.581,40.611,3.696,49.235,Normal,None
-27.161,-1.348,-3.861,126.269,Normal,None
-20.094,-2.802,-2.923,145.722,Normal,None
41.122,-23.781,-0.156,117.486,Normal,None
43.142,31.945,-0.013,90.469,Normal,None
18.654,-26.664,-3.318,17.202,Normal,None
25.024,30.333,-1.649,205.048,Normal,None
19.568,32.576,-1.332,95.498,Normal,None
5.54,21.05,0.171,89.193,Normal,None
-5.381,-41.719,-4.846,145.995,Normal,None
41.277,18.681,-0.702,153.629,Normal,None
-38.923,22.996,-2.232,161.348,Normal,None
-18.875,-27.429,1.646,162.577,Normal,None
21.315,37.379,-1.705,114.226,Normal,None
38.432,28.6,-0.961,61.039,Normal,None
37.188,-48.337,-2.524,153.637,Normal,None
-28.18,20.189,1.113,160.984,Normal,None
22.117,8.783,-1.252,83.46,Normal,None
44.898,-48.0,-3.762,98.428,Normal,None
7.848,-46.409,4.199,23.146,Normal,None
39.166,6.278,2.008,41.374,Normal,None
11.95,-44.33,-4.389,88.992,Normal,None
29.283,9.627,0.977,193.059,Normal,None
-37.947,-49.108,-1.891,216.619,Normal,None
-40.93,-17.456,-0.815,183.915,Normal,None
-9.03,-6.194,-4.181,35.021,Normal,None
-6.177,40.686,4.177,249.871,Normal,None
-7.168,2.469,3.869,248.451,Normal,None
-38.121,-24.429,-4.985,14.897,Normal,None
31.851,38.101,-1.696,133.237,Normal,None
-11.689,43.229,-2.155,110.704,Normal,None
36.194,31.556,-1.194,31.443,Normal,None
-44.336,0.23,-4.094,146.534,Normal,None
37.805,46.234,0.957,160.968,Normal,None
-46.491,20.743,-1.835,199.36,Normal,None
-18.811,-7.33,2.273,19.993,Normal,None
42.004,36.372,-0.399,212.192,Normal,None
-1.842,10.585,-3.858,148.947,Normal,None
-18.006,46.256,-3.837,122.828,Normal,None
0.869,-40.944,-4.916,144.716,Normal,None
-20.499,21.616,-1.743,252.057,Normal,None
24.147,21.348,-2.267,52.047,Normal,None
19.272,-40.508,2.214,247.403,Normal,None
1.427,37.837,4.065,110.154,Normal,None
-10.475,9.291,-4.734,130.69,Normal,None
-7.761,-23.885,2.034,182.733,Normal,None
5.452,39.514,4.657,230.59,Normal,None
47.232,12.793,-0.556,181.031,Normal,None
45.139,34.34,2.28,143.614,Normal,None
-39.97,-3.592,-3.095,233.497,Normal,None
-37.428,22.583,-3.707,120.147,Normal,None
-24.164,11.631,-2.158,201.2,Normal,None
-33.149,3.739,1.799,159.11,Normal,None
-40.169,10.753,-2.632,227.521,Normal,None
-5.216,-42.891,-1.127,155.73,Normal,None
-43.388,16.131,-0.785,101.559,Normal,None
-26.83,15.627,-1.535,232.133,Normal,None
21.191,11.184,3.085,23.702,Normal,None
-35.791,-24.66,4.652,57.315,Normal,None
17.33,34.948,3.404,125.309,Normal,None
-7.548,-28.678,-1.913,93.816,Normal,None
22.356,-14.931,3.672,210.29,Normal,None
16.929,-18.679,-4.831,197.347,Normal,None
-41.091,-41.836,-4.262,42.622,Normal,None
-5.878,-33.785,-3.338,202.033,Normal,None
-13.01,-16.817,3.767,73.294,Normal,None
45.151,14.6,1.46,170.524,Normal,None
-2.441,12.993,3.892,171.673,Normal,None
45.725,-22.007,-0.486,97.549,Normal,None
35.158,-41.478,4.175,201.036,Normal,None
-46.818,31.133,-3.871,169.477,Normal,None
20.427,7.216,-3.797,94.114,Normal,None
47.563,46.811,0.764,205.358,Normal,None
8.778,-37.013,-3.484,62.127,Normal,None
36.373,-45.535,-4.607,168.664,Normal,None
-40.361,16.596,0.955,95.854,Normal,None
-28.953,-32.973,2.149,117.773,Normal,None
46.419,49.861,3.114,172.782,Normal,None
29.152,-7.709,2.694,183.126,Normal,None
17.931,-43.206,-3.513,123.924,Normal,None
-48.791,-2.583,2.385,126.171,Normal,None
15.172,1.563,-2.571,217.576,Normal,None
-16.894,-3.491,-2.041,14.903,Normal,None
10.521,-46.972,-3.43,111.971,Normal,None
18.423,0.857,2.828,200.335,Normal,None
44.761,4.034,-2.92,139.222,Normal,None
27.356,45.862,3.186,197.22,Normal,None
30.49,-34.801,-2.131,19.086,Normal,None
3.866,39.933,-0.58,45.353,Normal,None
-45.766,-13.901,4.685,89.05,Normal,None
42.752,22.193,-4.298,187.856,Normal,None
33.657,-24.154,4.967,240.814,Normal,None
37.325,-43.544,0.905,209.019,Normal,None
43.937,45.768,4.996,34.512,Normal,None
-46.7,-23.099,0.521,18.324,Normal,None
-25.513,35.685,-0.999,132.367,Normal,None
24.144,16.691,-3.711,150.009,Normal,None
-13.817,-43.474,4.912,6.894,Normal,None
3.787,-12.689,-0.458,158.357,Normal,None
45.46,-49.656,-4.31,162.849,Normal,None
37.707,-49.982,1.734,21.156,Normal,None
-44.816,46.775,1.43,207.018,Normal,None
40.739,-12.053,-3.949,222.439,Normal,None
21.271,15.002,-1.443,133.39,Normal,None
-29.716,35.325,3.75,171.627,Normal,None
-45.136,-22.053,0.816,37.701,Normal,None
-1.818,-10.084,-2.745,7.465,Normal,None
-15.948,17.584,-2.901,246.469,Normal,None
27.943,-4.857,2.188,122.713,Normal,None
18.79,-29.766,-4.428,249.024,Normal,None
42.101,31.027,1.072,104.662,Normal,None
-5.293,-1.783,3.279,156.511,Normal,None
-17.916,1.487,3.471,188.195,Normal,None
2.515,15.794,-3.215,174.712,Normal,None
7.222,-36.772,0.881,107.175,Normal,None
-15.414,-48.365,-3.331,25.935,Normal,None
28.718,-8.541,-2.995,62.843,Normal,None
-34.608,14.186,-4.457,112.151,Normal,None
-26.152,47.502,3.952,62.343,Normal,None
37.634,15.794,-3.142,58.71,Normal,None
-21.019,-42.132,-4.692,50.17,Normal,None
26.47,-32.399,-3.613,3.273,Normal,None
-5.965,7.473,0.497,96.382,Normal,None
11.085,3.142,0.502,17.704,Normal,None
23.185,14.479,-2.357,103.832,Normal,None
-49.928,10.27,-2.602,228.111,Normal,None
34.322,-29.005,-4.064,121.866,Normal,None
11.113,-6.142,-2.601,57.331,Normal,None
-29.092,13.288,4.991,23.206,Normal,None
-49.982,35.405,3.357,194.707,Normal,None
-47.763,-0.649,0.447,80.616,Normal,None
-40.13,2.013,-1.755,168.43,Normal,None
4.877,-37.149,0.139,60.818,Normal,None
47.244,-15.25,-0.867,246.727,Normal,None
-36.166,-44.502,-1.245,83.061,Normal,None
44.222,-27.019,-0.178,168.933,Normal,None
-42.89,29.176,-3.225,86.27,Normal,None
12.693,19.108,2.955,180.423,Normal,None
42.015,-16.931,0.717,230.015,Normal,None
-40.231,5.276,-4.493,28.139,Normal,None
4.305,-41.962,0.308,201.326,Normal,None
-0.953,-34.157,-2.598,120.429,Normal,None
28.721,-9.866,-2.398,50.296,Normal,None
49.111,3.687,3.682,254.76,Normal,None
-27.958,-5.4,1.637,139.836,Normal,None
13.037,33.056,-0.971,100.779,Normal,None
-9.177,-34.34,3.032,169.994,Normal,None
-17.214,3.28,2.159,201.738,Normal,None
-38.582,13.332,-0.267,168.185,Normal,None
35.689,-14.922,-2.982,205.421,Normal,None
-43.214,11.132,-0.162,231.042,Normal,None
-8.961,15.591,-2.637,99.821,Normal,None
7.398,-5.737,2.335,219.382,Normal,None
-39.9,12.962,0.278,243.382,Normal,None
-42.579,-20.916,-1.681,152.656,Normal,None
-46.696,-1.796,-4.701,181.511,Normal,None
28.869,8.355,4.866,34.308,Normal,None
39.544,-39.771,-0.173,112.378,Normal,None
45.713,-17.313,-1.591,175.37,Normal,None
-26.124,31.853,-0.389,26.382,Normal,None
30.507,36.941,-4.597,43.261,Normal,None
47.879,-29.701,3.275,145.21,Normal,None
12.512,-18.066,-4.585,252.159,Normal,None
27.612,-18.906,-0.936,167.944,Normal,None
45.966,-22.072,-0.365,104.104,Normal,None
49.237,3.392,0.011,80.238,Normal,None
2.664,-26.771,-0.292,223.838,Normal,None
-33.026,6.465,1.579,85.283,Normal,None
11.408,-9.898,-1.791,60.82,Normal,None
-21.794,-18.204,-2.25,190.241,Normal,None
-31.339,29.307,-2.957,122.689,Normal,None
-44.181,-18.946,1.684,35.543,Normal,None
-3.281,-46.36,1.825,99.009,Normal,None
34.718,1.109,-0.275,70.311,Normal,None
-12.978,29.358,3.81,87.629,Normal,None
24.341,11.34,1.457,84.944,Normal,None
34.54,-28.721,3.56,57.646,Normal,None
25.501,32.295,-1.948,20.439,Normal,None
27.388,-13.589,4.164,132.558,Normal,None
29.77,9.999,3.253,129.062,Normal,None
38.013,-48.692,-3.788,98.347,Normal,None
36.271,11.474,4.643,136.887,Normal,None
2.991,-45.478,-4.929,22.054,Normal,None
25.809,32.628,-1.075,85.312,Normal,None
-2.848,8.872,-1.798,157.201,Normal,None
-29.076,26.796,-2.402,79.923,Normal,None
-2.64,-48.105,-2.871,142.857,Normal,None
-23.765,-5.38,-3.637,44.954,Normal,None
-46.591,-7.693,-3.108,139.971,Normal,None
-42.73,31.62,1.111,132.375,Normal,None
46.232,-0.537,1.952,196.777,Normal,None
30.678,21.237,1.664,134.878,Normal,None
-11.367,20.233,4.906,131.763,Normal,None
-27.693,-11.574,1.4,172.119,Normal,None
-24.228,-18.579,-0.982,29.043,Normal,None
-30.75,-3.059,3.369,110.866,Normal,None
-49.75,-6.309,-0.465,82.703,Normal,None
-16.551,21.002,2.107,82.689,Normal,None
3.185,-3.288,-4.134,144.174,Normal,None
44.21,-44.979,1.354,204.251,Normal,None
-12.047,-27.685,3.654,102.517,Normal,None
16.093,-26.099,-1.121,58.174,Normal,None
37.052,-30.085,-0.785,161.144,Normal,None
20.243,-16.696,4.183,183.449,Normal,None
7.649,14.892,1.729,29.242,Normal,None
-35.651,45.167,2.078,182.862,Normal,None
-2.7,30.687,0.188,29.649,Normal,None
-32.539,-45.478,-0.268,157.352,Normal,None
6.366,-11.617,3.837,7.964,Normal,None
-45.491,-7.822,4.482,183.551,Normal,None
-6.136,11.214,3.688,162.2,Normal,None
-16.528,-26.905,4.436,195.959,Normal,None
3.506,-13.63,-3.012,106.058,Normal,None
5.399,32.152,0.407,30.369,Normal,None
-31.836,-14.45,-1.849,202.093,Normal,None
-10.688,-46.436,-2.33,68.325,Normal,None
34.078,21.839,-4.65,68.449,Normal,None
-11.667,-10.192,-3.513,251.034,Normal,None
-37.131,42.795,1.565,151.07,Normal,None
43.101,-4.643,0.724,221.187,Normal,None
-43.264,5.894,-0.384,136.3,Normal,None
10.649,18.605,-0.982,208.102,Normal,None
-3.357,-5.337,-3.799,184.843,Normal,None
47.623,-47.459,-3.592,229.838,Normal,None
-23.612,11.319,4.401,127.464,Normal,None
-33.06,11.537,-0.363,218.39,Normal,None
-5.758,-24.115,3.721,219.746,Normal,None
-46.363,11.46,-3.802,82.102,Normal,None
23.683,-47.497,0.725,246.65,Normal,None
-26.688,13.321,-3.097,184.037,Normal,None
-8.139,-37.668,2.673,115.624,Normal,None
-29.38,-23.952,4.881,6.203,Normal,None
21.6,-17.92,0.872,189.236,Normal,None
-37.104,23.802,-1.468,130.5,Normal,None
-19.092,41.36,-3.842,1.147,Normal,None
-40.141,-33.777,4.474,43.021,Normal,None
-13.117,5.627,0.618,201.456,Normal,None
23.502,5.748,2.167,149.548,Normal,None
13.963,-7.602,0.063,236.144,Normal,None
-32.963,-18.098,4.161,145.093,Normal,None
-2.071,-8.872,2.973,81.144,Normal,None
-42.241,-47.538,1.432,65.693,Normal,None
-16.89,-49.887,-1.653,106.205,Normal,None
28.32,14.263,-4.914,94.323,Normal,None
-7.394,24.912,-2.918,169.427,Normal,None
34.497,-14.141,-2.482,100.992,Normal,None
-33.416,-35.886,-1.562,32.991,Normal,None
44.41,44.944,-3.718,34.36,Normal,None
10.715,-28.833,-0.536,111.756,Normal,None
14.384,16.412,-3.763,15.04,Normal,None
46.039,37.32,-3.148,15.14,Normal,None
-17.798,49.931,0.059,82.916,Normal,None
22.2,-4.847,-1.469,28.467,Normal,None
40.484,-0.737,-3.761,38.141,Normal,None
-42.117,-35.526,-1.858,30.084,Normal,None
35.939,-46.457,-1.585,98.19,Normal,None
-32.78,24.09,-3.59,74.407,Normal,None
-13.79,-41.728,-4.33,182.776,Normal,None
-49.332,-40.441,-3.571,2.952,Normal,None
-45.607,30.44,-4.45,103.396,Normal,None
21.831,-32.819,3.146,3.594,Normal,None
44.22,-1.066,0.549,236.026,Normal,None
37.728,-34.466,-2.567,160.143,Normal,None
34.451,-26.37,1.305,211.19,Normal,None
8.983,39.166,-1.578,93.564,Normal,None
41.573,27.388,0.084,54.845,Normal,None
25.935,-19.118,-4.067,176.412,Normal,None
-32.47,-35.648,1.109,212.395,Normal,None
-15.288,23.281,-2.574,163.788,Normal,None
10.941,37.311,-2.223,111.391,Normal,None
-29.105,-45.942,4.225,152.901,Normal,None
-25.185,-27.292,-0.053,160.419,Normal,None
-46.663,27.747,2.234,51.724,Normal,None
-27.679,49.113,-1.939,137.518,Normal,None
35.668,-4.49,-1.014,25.492,Normal,None
36.065,27.383,0.407,238.632,Normal,None
-38.767,-4.39,1.256,62.519,Normal,None
-31.675,11.635,-4.684,115.067,Normal,None
-8.289,15.317,-0.17,80.621,Normal,None
-0.663,-11.387,2.599,233.952,Normal,None
34.93,24.944,1.034,143.744,Normal,None
8.16,23.846,-1.168,153.127,Normal,None
-15.308,9.069,2.587,151.336,Normal,None
-37.021,38.154,4.917,105.822,Normal,None
19.316,34.618,-1.345,214.148,Normal,None
-2.98,18.441,0.233,198.455,Normal,None
-20.373,-33.632,-2.781,12.14,Normal,None
-48.135,21.399,-1.266,125.826,Normal,None
37.874,11.807,0.571,181.14,Normal,None
-13.991,-12.949,1.376,133.938,Normal,None
13.232,15.807,-1.484,85.719,Normal,None
46.793,24.693,-4.462,99.274,Normal,None
45.452,19.178,2.39,104.033,Normal,None
43.453,-12.246,4.304,118.44,Normal,None
-45.173,-16.86,-0.943,2.438,Normal,None
-30.142,-39.438,0.443,57.895,Normal,None
-1.581,-40.313,4.212,75.966,Normal,None
26.535,-24.032,-3.804,48.276,Normal,None
-16.039,-1.187,3.917,97.437,Normal,None
-1.042,48.057,-2.123,168.021,Normal,None
-19.518,44.543,-2.648,120.339,Normal,None
-48.12,18.655,2.635,83.734,Normal,None
15.491,34.868,1.521,236.889,Normal,None
10.914,10.917,0.923,248.526,Normal,None
-8.633,-8.617,-1.52,61.169,Normal,None
-30.738,-16.036,2.161,13.708,Normal,None
-48.704,-13.103,-1.813,84.801,Normal,None
-17.868,48.614,-2.433,25.076,Normal,None
-45.925,-25.542,4.981,87.297,Normal,None
8.368,28.569,-3.765,125.879,Normal,None
8.17,31.033,-2.943,60.833,Normal,None
-47.523,12.192,-4.658,183.918,Normal,None
10.676,41.03,-3.5,252.514,Normal,None
-3.065,20.901,-2.606,62.15,Normal,None
-37.241,39.856,1.496,91.243,Normal,None
-11.173,-4.424,4.501,155.208,Normal,None
-28.568,47.058,-0.169,252.048,Normal,None
22.432,-4.621,2.132,243.697,Normal,None
2.192,9.228,-4.718,231.639,Normal,None
-25.009,-28.544,-1.861,86.003,Normal,None
-43.015,18.458,-0.864,59.586,Normal,None
21.016,-28.125,-3.693,190.282,Normal,None
37.343,9.828,0.848,5.082,Normal,None
-9.594,-14.284,4.516,29.547,Normal,None
21.905,-22.958,-3.78,60.836,Normal,None
28.935,38.771,0.051,81.808,Normal,None
39.058,-26.439,2.91,101.324,Normal,None
49.274,27.408,1.152,181.435,Normal,None
-6.631,9.999,-0.687,227.058,Normal,None
38.481,15.18,2.201,179.621,Normal,None
-16.002,-36.875,0.367,20.337,Normal,None
21.54,20.389,3.843,209.326,Normal,None
47.297,27.575,-2.117,105.275,Normal,None
19.154,-9.987,-2.186,212.765,Normal,None
-35.604,-40.724,-2.958,60.57,Normal,None
10.309,42.044,-4.391,3.651,Normal,None
21.935,-25.313,4.302,88.437,Normal,None
47.791,36.45,-1.876,41.152,Normal,None
-43.929,27.566,0.94,79.825,Normal,None
6.278,-16.552,3.907,235.816,Normal,None
35.387,43.781,2.031,127.683,Normal,None
-46.118,-21.538,-4.229,145.177,Normal,None
-25.062,-35.779,4.741,224.015,Normal,None
-48.631,-44.639,-3.35,163.117,Normal,None
-17.098,11.394,1.417,27.308,Normal,None
22.543,24.603,-3.833,215.743,Normal,None
27.131,25.354,-4.914,82.495,Normal,None
24.71,29.598,3.597,98.927,Normal,None
-5.134,-20.184,-3.499,3.748,Normal,None
-16.493,25.124,-1.74,99.66,Normal,None
-41.925,4.909,2.23,207.88,Normal,None
-16.691,1.499,-3.289,109.353,Normal,None
13.403,47.123,-0.046,232.956,Normal,None
32.441,-43.717,2.837,126.861,Normal,None
23.337,43.339,-2.007,87.413,Normal,None
8.857,42.193,-2.448,196.695,Normal,None
38.059,-11.964,4.223,49.822,Normal,None
-27.812,8.738,2.499,100.961,Normal,None
-33.159,-21.446,-0.386,91.578,Normal,None
-11.346,1.582,4.046,42.148,Normal,None
-24.086,-4.68,-4.24,89.741,Normal,None
-29.217,15.63,-4.179,161.582,Normal,None
22.378,-9.837,-3.255,33.893,Normal,None
34.896,38.981,2.25,135.706,Normal,None
-44.32,43.398,-2.979,11.105,Normal,None
-21.717,49.836,-3.599,167.994,Normal,None
49.922,-20.882,-1.278,47.288,Normal,None
39.434,25.282,4.824,218.184,Normal,None
-44.398,45.85,-3.607,143.03,Normal,None
-19.578,-22.014,-1.124,223.287,Normal,None
-40.999,-3.174,4.078,235.835,Normal,None
25.639,-10.335,1.476,73.336,Normal,None
-3.02,39.54,-4.144,175.593,Normal,None
-45.699,-46.799,0.217,31.696,Normal,None
-39.578,47.009,3.366,1.77,Normal,None
-44.105,24.18,-4.903,5.762,Normal,None
31.903,13.684,3.86,251.507,Normal,None
42.089,-48.659,-4.765,177.29,Normal,None
-38.592,-38.263,-3.942,171.749,Normal,None
31.918,-28.937,-4.246,180.641,Normal,None
46.861,2.114,-0.294,85.989,Normal,None
-7.748,-30.971,-0.434,55.768,Normal,None
-29.668,29.168,0.817,132.688,Normal,None
24.695,-46.373,2.439,230.245,Normal,None
5.07,-46.735,4.53,94.079,Normal,None
-24.431,11.568,2.417,111.451,Normal,None
-27.488,-41.928,-1.826,250.674,Normal,None
11.059,46.495,-2.963,47.688,Normal,None
-34.878,-12.705,-1.714,126.508,Normal,None
-5.266,-43.784,3.866,42.444,Normal,None
-17.482,35.179,2.62,148.495,Normal,None
7.867,46.366,2.279,63.636,Normal,None
-44.714,27.548,-3.499,92.237,Normal,None
1.046,-5.403,-4.313,52.533,Normal,None
-5.071,34.329,-1.744,129.779,Normal,None
-8.395,43.233,-3.748,80.591,Normal,None
9.263,-19.349,-2.169,108.297,Normal,None
49.073,-3.011,1.166,47.668,Normal,None
-5.604,-28.381,3.982,80.968,Normal,None
-25.131,1.589,-3.238,26.955,Normal,None
-0.52,-12.538,-3.256,174.459,Normal,None
36.692,-18.482,-4.425,205.239,Normal,None
-9.03,16.472,0.849,159.932,Normal,None
-12.47,20.567,-4.28,248.312,Normal,None
-22.602,45.16,-1.891,155.713,Normal,None
-10.753,19.987,0.251,240.676,Normal,None
-7.79,-13.296,1.658,4.262,Normal,None
29.937,7.878,2.335,184.296,Normal,None
-29.867,19.197,1.046,232.216,Normal,None
12.389,48.63,4.331,221.848,Normal,None
43.597,-0.954,1.266,77.546,Normal,None
-29.242,-40.98,-0.839,124.197,Normal,None
17.329,33.895,3.619,217.624,Normal,None
-15.185,-36.263,4.519,155.784,Normal,None
22.319,-29.789,-0.048,154.844,Normal,None
-13.109,36.983,2.7,57.099,Normal,None
3.912,-46.888,1.411,49.608,Normal,None
14.782,13.071,1.583,116.685,Normal,None
-30.414,25.384,-1.516,244.408,Normal,None
34.618,17.565,3.739,139.281,Normal,None
-45.064,39.425,2.022,20.327,Normal,None
-47.884,-18.334,-1.945,212.37,Normal,None
11.321,-31.155,-2.735,58.891,Normal,None
-35.327,-26.404,3.026,145.745,Normal,None
13.643,42.051,1.072,30.577,Normal,None
42.708,11.655,0.732,98.364,Normal,None
-40.915,-9.993,4.331,245.247,Normal,None
-16.501,35.576,0.895,191.916,Normal,None
49.162,0.025,2.355,79.637,Normal,None
-14.916,6.15,-4.034,251.164,Normal,None
44.723,-29.592,-4.272,56.086,Normal,None
5.953,12.341,1.832,161.18,Normal,None
-22.5,-48.673,3.334,8.268,Normal,None
-18.597,33.145,-3.077,124.194,Normal,None
-3.924,30.715,-0.736,59.401,Normal,None
38.35,-37.524,1.785,153.57,Normal,None
-5.638,-32.081,-4.172,184.085,Normal,None
3.381,-0.827,-3.178,196.556,Normal,None
-4.952,39.75,-4.693,130.598,Normal,None
-15.479,-22.023,0.995,161.209,Normal,None
23.552,-45.059,-0.826,88.693,Normal,None
-42.212,9.352,-2.648,42.478,Normal,None
20.208,14.306,3.531,120.778,Normal,None
-23.656,47.299,4.071,5.885,Normal,None
-43.869,-46.487,-1.926,25.788,Normal,None
-28.449,49.741,-0.247,198.698,Normal,None
-9.088,-19.919,-0.07,154.216,Normal,None
-5.207,-45.406,-4.04,234.46,Normal,None
49.44,-47.534,4.619,131.486,Normal,None
2.925,10.801,2.182,59.505,Normal,None
-30.614,-39.272,4.738,193.981,Normal,None
-35.392,-25.22,-2.803,84.052,Normal,None
35.168,38.817,1.378,74.751,Normal,None
38.695,25.168,1.714,180.535,Normal,None
-34.412,-22.512,4.323,170.497,Normal,None
-24.206,-17.519,-1.361,205.57,Normal,None
22.216,-15.079,2.731,60.695,Normal,None
-32.053,36.488,3.682,25.865,Normal,None
47.046,-28.92,-2.111,233.394,Normal,None
40.504,-41.219,-3.354,28.457,Normal,None
27.081,-11.411,4.98,101.823,Normal,None
9.593,21.518,4.463,38.064,Normal,None
-37.234,-21.459,-2.331,115.658,Normal,None
10.602,35.67,2.541,186.076,Normal,None
4.154,-1.622,1.662,39.749,Normal,None
-3.981,44.67,3.729,166.521,Normal,None
26.468,29.377,1.163,41.544,Normal,None
19.572,48.237,-3.097,65.925,Normal,None
-9.467,18.905,-0.335,31.948,Normal,None
-3.24,36.962,-2.122,73.045,Normal,None
-40.567,-27.597,0.311,219.238,Normal,None
21.095,28.162,-4.519,12.76,Normal,None
46.962,-33.623,3.315,147.725,Normal,None
-31.61,-0.181,2.863,244.016,Normal,None
-20.791,4.694,1.516,62.04,Normal,None
43.354,-45.278,-4.221,215.608,Normal,None
1.315,-3.021,1.551,17.937,Normal,None
38.071,-39.138,-4.26,72.784,Normal,None
10.461,32.18,0.441,120.671,Normal,None
8.884,-41.855,2.052,81.394,Normal,None
-45.2,-12.432,3.592,69.374,Normal,None
-13.234,43.768,-0.08,18.781,Normal,None
9.315,1.608,2.335,161.605,Normal,None
-28.708,-26.183,-4.221,251.048,Normal,None
13.596,-31.067,-2.659,141.734,Normal,None
-49.399,-21.7,-0.318,83.076,Normal,None
10.755,-17.324,-1.846,96.901,Normal,None
-7.393,-48.461,-0.166,198.341,Normal,None
1.238,-3.716,-3.407,154.062,Normal,None
45.348,-2.341,1.694,110.609,Normal,None
-25.922,-34.04,0.946,0.581,Normal,None
-21.731,12.183,1.546,212.861,Normal,None
3.131,-11.056,-4.677,103.273,Normal,None
-30.17,40.844,-3.627,216.052,Normal,None
-26.492,-3.723,1.299,52.879,Normal,None
-3.002,34.846,-1.156,231.297,Normal,None
-49.154,24.921,3.368,112.179,Normal,None
-1.839,27.359,1.672,23.55,Normal,None
-48.622,8.244,0.531,198.669,Normal,None
-10.212,39.162,2.57,249.209,Normal,None
12.195,-43.653,-0.206,187.174,Normal,None
-37.722,4.433,2.102,96.25,Normal,None
43.698,32.176,0.051,77.591,Normal,None
27.862,-20.316,-4.333,113.758,Normal,None
14.976,40.63,1.002,152.345,Normal,None
-44.219,-23.025,1.153,248.692,Normal,None
-12.873,-20.425,2.086,147.469,Normal,None
39.852,4.772,2.996,163.582,Normal,None
-35.525,21.056,-2.843,44.21,Normal,None
-18.409,-40.992,2.23,210.405,Normal,None
18.513,39.189,-2.528,225.168,Normal,None
1.532,35.458,-3.772,36.96,Normal,None
15.328,31.092,2.815,73.765,Normal,None
-38.716,-35.172,-0.837,230.945,Normal,None
-39.585,-10.867,-0.705,160.852,Normal,None
-27.976,25.714,3.833,158.179,Normal,None
-22.056,7.707,-0.442,14.66,Normal,None
38.161,12.757,0.6,162.99,Normal,None
20.823,-3.422,4.522,216.963,Normal,None
19.482,7.232,-0.781,222.036,Normal,None
-10.227,-34.878,2.199,51.656,Normal,None
-41.176,14.913,0.741,236.484,Normal,None
-10.273,31.565,0.569,16.556,Normal,None
46.0,19.737,1.338,161.83,Normal,None
33.299,8.08,0.522,156.95,Normal,None
24.068,-35.264,0.345,111.628,Normal,None
-47.671,22.694,-1.498,218.428,Normal,None
-40.607,25.698,-0.109,88.693,Normal,None
0.04,-12.647,-1.32,1.002,Normal,None
1.316,-26.364,3.084,211.297,Normal,None
-6.353,-1.017,2.509,71.304,Normal,None
-7.389,-18.623,-3.285,79.872,Normal,None
-46.932,30.217,3.537,242.935,Normal,None
31.683,6.968,2.326,77.578,Normal,None
28.234,26.832,-4.535,66.57,Normal,None
-47.678,-47.611,1.935,49.947,Normal,None
-32.566,18.116,-3.547,139.197,Normal,None
47.139,-40.035,1.099,38.825,Normal,None
24.164,-43.751,3.517,248.89,Normal,None
-15.12,27.1,-1.388,93.598,Normal,None
-48.377,-49.663,-4.767,55.666,Normal,None
33.737,31.74,1.113,4.186,Normal,None
3.254,29.855,4.836,111.771,Normal,None
11.286,1.712,2.35,181.012,Normal,None
8.884,-32.113,2.77,31.039,Normal,None
8.931,-30.705,-3.699,105.13,Normal,None
48.343,43.793,3.247,29.046,Normal,None
40.615,-24.975,-1.006,247.5,Normal,None
-21.993,-33.949,2.075,214.109,Normal,None
36.467,36.976,-1.779,44.377,Normal,None
36.727,18.054,-1.866,154.355,Normal,None
44.746,-7.091,1.115,214.933,Normal,None
-33.166,22.749,1.13,111.316,Normal,None
-48.083,-33.236,-0.783,123.844,Normal,None
38.119,-34.402,-2.603,93.189,Normal,None
1.455,-36.186,3.721,38.374,Normal,None
-5.259,-22.859,-2.865,94.734,Normal,None
-33.624,1.388,0.436,199.43,Normal,None
-29.175,-25.716,4.806,98.846,Normal,None
39.703,35.117,-1.156,87.241,Normal,None
9.542,-21.562,-0.383,31.825,Normal,None
5.688,-47.231,3.314,119.462,Normal,None
-22.985,-1.671,-4.467,227.187,Normal,None
10.057,-46.896,-2.956,241.501,Normal,None
15.935,-49.635,-1.92,7.384,Normal,None
-27.684,22.112,-0.775,193.378,Normal,None
-39.43,-28.764,-4.322,199.453,Normal,None
9.023,20.572,-1.546,55.941,Normal,None
22.859,-13.903,-0.938,65.974,Normal,None
26.842,-41.61,1.809,171.674,Normal,None
-15.25,19.116,2.016,235.992,Normal,None
9.198,35.341,1.56,198.433,Normal,None
13.468,40.871,-3.961,210.121,Normal,None
-16.054,29.556,2.041,35.037,Normal,None
-42.327,-16.141,4.402,65.003,Normal,None
39.274,-44.944,-1.019,207.628,Normal,None
28.96,18.735,4.827,248.186,Normal,None
0.091,-6.382,0.073,115.392,Normal,None
-29.497,33.548,-2.541,119.171,Normal,None
-11.476,45.878,-1.724,133.664,Normal,None
48.784,40.948,-3.093,105.925,Normal,None
16.29,-4.345,-1.556,50.833,Normal,None
-11.519,25.136,-2.161,179.489,Normal,None
23.121,-13.568,-3.713,40.05,Normal,None
13.585,-46.232,2.257,166.575,Normal,None
-41.773,48.287,-0.371,180.84,Normal,None
37.563,17.376,-0.061,81.335,Normal,None
-39.589,-18.917,-1.126,111.732,Normal,None
47.717,1.217,1.795,187.413,Normal,None
3.65,49.442,3.057,110.534,Normal,None
49.911,11.062,4.129,37.877,Normal,None
-12.223,-30.902,-3.364,205.643,Normal,None
-2.655,-39.211,1.552,45.757,Normal,None
-16.63,5.985,-4.78,107.895,Normal,None
9.42,-29.351,-1.904,78.281,Normal,None
31.647,-24.708,-1.41,195.501,Normal,None
1.869,-40.176,3.391,17.488,Normal,None
-0.813,1.563,3.211,186.845,Normal,None
10.662,-32.532,-4.382,47.965,Normal,None
-18.867,-1.868,3.531,252.937,Normal,None
-27.062,-30.371,1.13,62.074,Normal,None
-2.745,46.071,-1.08,172.04,Normal,None
-34.647,47.873,4.525,223.391,Normal,None
-27.132,-22.778,-2.702,118.842,Normal,None
-40.427,-25.474,-2.92,109.368,Normal,None
-47.254,29.875,-0.118,90.824,Normal,None
49.189,-3.368,-1.12,42.673,Normal,None
40.226,22.994,-4.281,64.124,Normal,None
32.886,-7.138,4.73,135.179,Normal,None
18.903,25.505,2.957,110.871,Normal,None
-44.863,9.676,3.953,220.939,Normal,None
-13.332,-37.43,0.828,50.689,Normal,None
-39.242,-31.434,3.94,214.111,Normal,None
-32.257,-18.434,-3.361,176.205,Normal,None
-42.151,12.638,4.846,74.903,Normal,None
35.861,-48.03,-1.487,52.567,Normal,None
32.911,-2.971,-2.446,73.139,Normal,None
21.454,-0.697,3.732,55.24,Normal,None
18.126,-19.625,-4.378,111.692,Normal,None
18.007,-21.28,0.093,42.694,Normal,None
-48.516,-27.304,4.778,245.795,Normal,None
20.875,-32.036,-3.973,188.433,Normal,None
2.464,-42.844,-4.802,132.881,Normal,None
-49.934,47.639,4.745,135.59,Normal,None
46.821,-6.746,-4.267,20.203,Normal,None
-2.371,-28.516,-2.339,177.139,Normal,None
10.496,-40.639,4.214,15.841,Normal,None
31.98,4.644,0.978,75.455,Normal,None
27.782,-49.946,-1.982,69.106,Normal,None
19.093,-25.539,0.211,36.264,Normal,None
0.78,16.355,1.178,220.307,Normal,None
-16.138,-46.286,2.799,121.481,Normal,None
-28.916,-11.495,0.263,185.839,Normal,None
29.974,-17.926,-3.653,119.38,Normal,None
-46.826,-17.832,-0.532,209.12,Normal,None
-46.952,9.544,-0.259,184.58,Normal,None
5.7,40.887,1.366,123.02,Normal,None
13.371,0.156,-2.751,75.558,Normal,None
35.338,-23.372,2.529,46.006,Normal,None
2.883,-40.343,-0.337,64.731,Normal,None
41.389,7.573,-1.442,249.262,Normal,None
47.924,36.95,4.322,128.529,Normal,None
-16.786,34.981,1.488,186.677,Normal,None
-14.797,-5.109,1.965,10.466,Normal,None
47.901,-13.227,-3.045,16.195,Normal,None
45.67,-11.981,3.518,30.169,Normal,None
-42.879,3.49,-2.663,134.448,Normal,None
41.386,37.179,-1.374,20.283,Normal,None
-23.009,-16.7,3.682,162.951,Normal,None
-10.512,-20.364,-4.298,23.767,Normal,None
-11.739,15.889,-3.193,49.869,Normal,None
21.466,-37.515,-3.163,160.899,Normal,None
49.249,-41.811,-2.112,213.23,Normal,None
29.26,18.41,2.821,112.391,Normal,None
-2.996,33.426,0.138,75.793,Normal,None
-31.059,34.41,-2.407,74.407,Normal,None
-46.01,-6.836,-1.067,196.027,Normal,None
29.853,-32.281,4.614,131.107,Normal,None
47.725,-39.442,-3.002,199.713,Normal,None
-30.137,24.671,-3.988,31.854,Normal,None
41.334,-4.926,-1.936,215.175,Normal,None
-23.34,-48.629,0.713,59.462,Normal,None
5.81,-40.879,-4.121,89.12,Normal,None
30.94,31.298,-2.34,217.976,Normal,None
-19.671,-11.491,4.141,42.394,Normal,None
15.943,-20.891,-4.908,101.969,Normal,None
16.906,43.278,1.27,229.315,Normal,None
40.314,-23.49,3.317,127.307,Normal,None
-18.06,37.308,-1.191,103.634,Normal,None
-7.325,23.572,3.965,39.657,Normal,None
-3.572,-18.214,0.19,222.228,Normal,None
-11.739,47.151,-4.775,33.951,Normal,None
14.942,-5.752,-3.155,200.511,Normal,None
-16.793,-23.271,1.54,76.732,Normal,None
-45.783,-27.797,-1.932,121.729,Normal,None
37.224,39.561,-1.859,198.935,Normal,None
21.924,6.571,-2.385,145.351,Normal,None
4.712,47.828,0.708,151.613,Normal,None
34.47,12.177,-0.505,55.599,Normal,None
-49.755,-3.456,-4.027,202.677,Normal,None
-46.352,20.625,-1.669,116.566,Normal,None
22.917,-23.288,1.526,178.528,Normal,None
1.182,-19.179,3.054,16.068,Normal,None
10.743,1.405,3.712,212.78,Normal,None
-35.369,24.174,2.432,189.269,Normal,None
-2.536,-22.824,2.259,240.043,Normal,None
26.217,11.86,4.523,67.411,Normal,None
30.027,39.748,3.619,94.952,Normal,None
-17.399,-27.659,0.42,72.123,Normal,None
-49.386,-1.674,-3.055,170.705,Normal,None
-19.379,-41.769,4.471,43.249,Normal,None
6.568,-23.635,4.085,34.573,Normal,None
-17.219,-2.526,2.414,78.943,Normal,None
20.154,23.978,2.338,34.15,Normal,None
-29.226,4.867,4.357,100.537,Normal,None
-31.351,-12.159,-2.084,151.745,Normal,None
-9.906,-40.598,2.613,85.081,Normal,None
-36.846,16.533,4.601,166.059,Normal,None
-27.7,2.552,1.976,80.196,Normal,None
30.768,15.494,-0.448,63.775,Normal,None
8.477,-3.785,-0.494,130.986,Normal,None
-41.385,43.652,-4.19,136.229,Normal,None
43.066,-11.272,-4.878,130.127,Normal,None
-18.525,4.801,4.183,171.574,Normal,None
34.557,35.409,2.089,187.438,Normal,None
34.483,-28.236,-3.956,95.555,Normal,None
-14.305,19.476,-1.962,188.615,Normal,None
-16.16,12.225,1.563,221.105,Normal,None
14.437,39.676,1.38,245.931,Normal,None
-37.437,18.814,-2.717,110.559,Normal,None
38.74,32.497,3.158,54.434,Normal,None
-11.86,17.324,-2.675,24.614,Normal,None
37.562,42.963,-2.48,0.064,Normal,None
-3.452,-24.49,-3.872,26.758,Normal,None
-34.64,-3.687,-2.613,155.839,Normal,None
-43.474,22.267,0.865,89.069,Normal,None
23.656,-26.967,4.169,73.782,Normal,None
43.29,38.392,3.995,18.031,Normal,None
-14.386,-27.449,-3.503,21.821,Normal,None
-15.406,19.941,1.887,119.941,Normal,None
-6.532,-34.206,-2.879,215.882,Normal,None
37.801,40.714,2.829,216.733,Normal,None
-48.286,-0.195,-3.953,107.631,Normal,None
31.957,-24.098,0.483,48.848,Normal,None
-31.93,30.63,3.97,185.879,Normal,None
39.834,-8.966,-2.39,114.33,Normal,None
24.388,-5.034,1.78,198.668,Normal,None
-31.82,-23.713,-1.451,181.471,Normal,None
15.174,21.046,-2.734,223.138,Normal,None
-33.894,4.163,1.669,151.206,Normal,None
23.91,-6.167,4.746,239.866,Normal,None
30.659,-36.716,-2.546,53.639,Normal,None
-12.695,-46.265,-4.726,44.275,Normal,None
2.409,19.723,2.902,79.514,Normal,None
-17.431,21.106,2.227,245.152,Normal,None
-30.787,20.212,-1.473,158.048,Normal,None
-8.831,38.534,2.738,201.588,Normal,None
-38.079,16.162,4.69,184.495,Normal,None
-46.64,-29.953,4.295,230.052,Normal,None
41.622,17.278,-3.618,44.926,Normal,None
-40.611,17.574,-4.015,82.372,Normal,None
42.707,-44.534,-4.581,113.451,Normal,None
-2.798,-42.99,-2.044,184.049,Normal,None
5.224,-5.239,4.122,128.092,Normal,None
-25.1,-18.739,-1.012,59.652,Normal,None
-34.12,-27.908,-2.599,141.558,Normal,None
-15.585,7.268,4.117,159.632,Normal,None
18.764,-4.663,-1.837,28.328,Normal,None
-2.683,7.272,4.218,40.326,Normal,None
-10.516,-23.341,0.66,61.4,Normal,None
-26.777,-17.606,-4.425,89.392,Normal,None
-17.994,-39.439,-3.977,90.235,Normal,None
27.726,40.978,-2.987,31.007,Normal,None
19.106,-15.486,4.22,251.211,Normal,None
-34.275,39.72,2.111,89.094,Normal,None
11.979,-49.436,4.451,76.821,Normal,None
43.412,-23.622,4.056,224.629,Normal,None
-36.693,47.012,0.925,195.443,Normal,None
-1.766,2.102,-2.9,35.189,Normal,None
47.983,-44.843,-0.324,128.071,Normal,None
-26.517,12.68,-2.044,62.819,Normal,None
-19.558,16.252,-0.815,111.568,Normal,None
-9.939,-12.13,-3.486,72.43,Normal,None
28.8,18.612,-3.977,50.486,Normal,None
-48.134,-34.607,2.653,161.899,Normal,None
22.958,-4.648,-4.647,155.466,Normal,None
34.938,45.976,3.45,235.89,Normal,None
-28.599,-18.883,1.871,144.967,Normal,None
10.257,-6.235,1.25,225.716,Normal,None
-43.292,19.56,-0.919,11.553,Normal,None
-16.378,3.342,-4.05,33.082,Normal,None
4.824,38.045,2.068,20.293,Normal,None
14.225,42.263,1.254,33.795,Normal,None
22.374,1.145,-4.041,62.676,Normal,None
-23.034,17.614,-1.944,192.768,Normal,None
31.756,49.289,-1.848,236.992,Normal,None
11.734,-45.275,3.332,75.923,Normal,None
42.561,-32.339,-1.45,207.234,Normal,None
5.851,11.234,1.969,117.223,Normal,None
-41.305,-44.192,-1.218,227.318,Normal,None
-25.337,15.252,0.094,13.542,Normal,None
43.005,-29.359,-2.153,13.109,Normal,None
-45.538,-30.195,2.766,165.566,Normal,None
-11.734,47.002,0.794,155.892,Normal,None
47.265,-19.596,1.358,41.951,Normal,None
-14.824,39.529,-0.122,206.898,Normal,None
44.147,40.187,-0.836,41.289,Normal,None
29.852,-26.062,2.378,36.31,Normal,None
-24.074,17.659,-0.846,30.509,Normal,None
-32.651,-7.109,2.626,25.383,Normal,None
20.103,-35.334,-2.554,203.054,Normal,None
34.132,14.663,-2.285,175.499,Normal,None
-33.158,-7.525,2.159,199.03,Normal,None
-6.792,-38.585,-0.302,176.169,Normal,None
44.11,15.417,3.491,193.401,Normal,None
1.361,26.881,3.108,28.0,Normal,None
26.271,15.167,0.652,81.333,Normal,None
-24.309,48.684,3.707,146.34,Normal,None
-17.965,35.26,-3.383,134.143,Normal,None
-37.71,1.086,-1.818,62.42,Normal,None
-10.013,23.516,4.529,57.45,Normal,None
-8.494,-28.182,-0.781,76.463,Normal,None
-0.519,43.369,-4.021,7.931,Normal,None
-37.181,2.126,4.143,140.904,Normal,None
-48.77,-33.919,-0.978,238.904,Normal,None
-32.958,-35.972,0.744,32.884,Normal,None
-26.341,-39.349,3.405,217.459,Normal,None
10.532,-38.716,-4.231,43.764,Normal,None
34.364,20.822,-2.624,128.078,Normal,None
28.947,29.832,1.596,41.992,Normal,None
-32.373,-33.083,4.513,132.361,Normal,None
-34.298,29.138,3.15,229.846,Normal,None
30.74,-24.294,2.785,109.707,Normal,None
41.424,40.236,1.038,136.701,Normal,None
-11.62,-27.421,-2.147,219.157,Normal,None
9.267,10.475,1.706,123.145,Normal,None
-35.356,2.919,-3.702,149.711,Normal,None
-41.225,42.984,-1.011,32.688,Normal,None
49.51,28.008,-1.606,216.65,Normal,None
-33.342,26.876,3.204,243.461,Normal,None
-8.408,48.452,4.751,123.063,Normal,None
18.759,16.989,-4.688,113.308,Normal,None
-18.497,-10.35,-0.678,89.821,Normal,None
12.468,26.673,3.344,119.775,Normal,None
-43.517,-46.245,-4.132,38.407,Normal,None
-1.305,-42.785,-0.754,130.718,Normal,None
-33.767,-43.543,3.345,138.151,Normal,None
22.452,-8.813,-4.054,224.076,Normal,None
35.899,-18.157,-1.346,53.798,Normal,None
-21.908,40.759,-3.303,248.303,Normal,None
-34.436,-18.832,-4.044,27.846,Normal,None
22.138,20.819,3.147,47.242,Normal,None
16.624,18.932,-2.305,135.317,Normal,None
17.387,-4.667,4.872,233.425,Normal,None
47.351,39.864,3.826,171.267,Normal,None
-47.104,-37.346,-1.53,180.828,Normal,None
-15.779,0.758,2.943,225.653,Normal,None
27.263,-3.124,3.421,124.203,Normal,None
-30.531,-5.238,-0.667,196.58,Normal,None
-10.743,40.237,-3.537,124.989,Normal,None
-35.998,47.885,3.39,140.112,Normal,None
5.349,-49.961,0.106,98.34,Normal,None
-28.331,12.381,-2.367,173.538,Normal,None
22.319,-24.216,4.035,183.703,Normal,None
42.802,46.12,-2.157,130.102,Normal,None
46.237,-23.011,1.809,104.273,Normal,None
-15.036,21.798,2.094,48.922,Normal,None
-27.541,-14.531,-2.984,180.955,Normal,None
-2.0,0.04,-4.595,159.729,Normal,None
-20.312,37.727,-0.628,223.994,Normal,None
-26.859,-2.45,-4.353,77.332,Normal,None
6.853,48.161,3.321,84.836,Normal,None
-33.814,22.626,4.809,151.463,Normal,None
42.669,-47.789,-3.978,182.634,Normal,None
8.097,40.911,-1.074,29.128,Normal,None
-27.606,42.265,0.661,209.74,Normal,None
40.078,16.78,2.892,58.655,Normal,None
38.893,35.57,1.361,33.016,Normal,None
-29.477,-21.28,3.254,113.374,Normal,None
-32.068,24.385,4.252,136.249,Normal,None
43.627,43.981,3.314,138.059,Normal,None
-45.383,-43.274,-4.163,77.24,Normal,None
9.87,8.21,3.899,215.648,Normal,None
-37.358,12.694,-0.943,123.432,Normal,None
4.329,3.806,-2.899,91.999,Normal,None
47.125,6.073,-1.2,20.642,Normal,None
0.509,-7.394,-2.023,10.602,Normal,None
-29.199,5.833,-4.134,126.903,Normal,None
1.846,-47.35,-0.333,55.62,Normal,None
-7.381,-16.69,-3.448,231.581,Normal,None
-14.637,-10.803,2.455,98.173,Normal,None
-16.777,-20.44,2.606,132.513,Normal,None
-29.883,21.153,-0.048,156.972,Normal,None
4.813,-21.917,-1.653,89.689,Normal,None
1.585,2.833,-4.017,19.195,Normal,None
8.072,-33.675,3.198,164.115,Normal,None
-22.227,17.882,-3.355,202.705,Normal,None
-44.678,33.202,-0.698,216.15,Normal,None
29.643,-42.599,0.454,35.406,Normal,None
42.087,-29.788,-1.757,18.089,Normal,None
29.762,-49.693,-2.631,206.28,Normal,None
10.267,-39.587,-4.953,217.338,Normal,None
34.002,-43.79,-2.063,54.675,Normal,None
-21.3,7.834,-3.432,208.273,Normal,None
18.577,38.816,-2.431,118.223,Normal,None
-13.587,-25.843,4.044,210.254,Normal,None
-46.51,17.302,-3.985,16.518,Normal,None
11.019,-13.609,1.253,161.574,Normal,None
24.901,-13.84,4.724,21.862,Normal,None
1.033,1.299,-3.352,220.802,Normal,None
-24.322,7.756,1.637,43.469,Normal,None
47.373,-25.419,-1.64,108.249,Normal,None
42.727,3.84,-4.624,79.811,Normal,None
-4.666,-3.337,2.729,70.48,Normal,None
40.963,-20.069,3.044,15.779,Normal,None
18.113,-14.02,0.984,230.171,Normal,None
43.237,-17.678,1.796,101.909,Normal,None
18.064,23.864,0.186,107.214,Normal,None
39.88,-49.709,0.99,128.584,Normal,None
-22.919,16.218,-1.465,192.288,Normal,None
37.909,-23.216,1.885,148.875,Normal,None
-20.034,20.282,1.483,183.57,Normal,None
22.623,41.329,4.64,49.811,Normal,None
-37.528,-34.492,-4.602,219.146,Normal,None
0.242,-12.619,1.948,156.108,Normal,None
-17.539,6.608,1.756,171.198,Normal,None
-45.398,42.785,0.845,130.869,Normal,None
-31.598,9.243,-4.619,127.685,Normal,None
36.908,26.559,-3.176,188.36,Normal,None
-3.371,20.739,-1.673,59.937,Normal,None
37.691,-48.824,-2.297,179.896,Normal,None
-11.567,-5.192,-0.308,234.713,Normal,None
16.355,-6.779,-2.512,80.435,Normal,None
20.536,14.349,2.429,123.362,Normal,None
38.12,20.47,-3.437,93.819,Normal,None
36.533,24.986,1.449,220.606,Normal,None
-25.311,37.657,3.539,95.867,Normal,None
28.099,6.448,-2.054,152.428,Normal,None
-17.966,-49.04,-3.358,114.863,Normal,None
-8.375,41.996,-3.635,7.293,Normal,None
-23.416,44.556,3.292,250.665,Normal,None
16.261,42.312,-3.42,73.523,Normal,None
5.805,-9.415,4.935,214.366,Normal,None
31.513,-26.197,-2.424,4.118,Normal,None
-8.906,-2.145,-3.04,253.67,Normal,None
37.733,-23.486,0.805,63.625,Normal,None
-48.026,5.773,-1.283,144.427,Normal,None
-30.445,-43.364,1.757,62.164,Normal,None
-36.997,19.841,2.758,193.645,Normal,None
-11.756,5.091,-4.816,6.24,Normal,None
7.117,7.391,-2.414,12.821,Normal,None
0.725,-29.166,4.25,183.628,Normal,None
-24.868,43.283,2.949,101.884,Normal,None
-26.616,-31.985,2.495,38.88,Normal,None
38.126,45.82,-1.162,124.318,Normal,None
34.524,-9.563,-3.329,138.004,Normal,None
-1.031,31.039,-0.72,153.411,Normal,None
14.007,-13.611,-4.391,162.183,Normal,None
23.713,-8.831,0.218,35.482,Normal,None
35.771,-43.079,4.817,34.589,Normal,None
-15.299,-17.528,-0.788,212.755,Normal,None
11.609,3.871,2.661,76.859,Normal,None
30.093,-1.588,-0.06,15.328,Normal,None
37.958,-16.176,1.407,49.357,Normal,None
-48.876,1.125,-0.499,147.242,Normal,None
-18.715,-25.511,-4.88,164.944,Normal,None
33.015,-18.147,4.318,119.804,Normal,None
-10.442,10.07,0.409,103.129,Normal,None
31.262,-22.858,2.321,58.094,Normal,None
-10.181,-8.006,1.989,232.014,Normal,None
-36.908,47.028,-2.169,122.612,Normal,None
13.526,27.477,-4.614,102.882,Normal,None
-31.12,34.151,-3.512,46.706,Normal,None
19.008,1.77,2.859,8.824,Normal,None
40.535,48.298,1.331,234.73,Normal,None
6.107,-43.447,0.236,66.504,Normal,None
42.468,-49.235,2.718,78.241,Normal,None
9.94,30.099,0.562,53.618,Normal,None
16.914,-9.398,-3.227,188.603,Normal,None
25.097,-40.572,1.567,201.252,Normal,None
-21.509,49.406,4.892,190.085,Normal,None
7.467,-32.891,4.714,158.254,Normal,None
10.834,-45.472,1.29,227.46,Normal,None
43.119,6.784,3.033,199.931,Normal,None
43.823,-4.571,3.784,109.028,Normal,None
-0.275,12.121,-3.289,138.33,Normal,None
-25.26,17.644,0.628,83.109,Normal,None
-27.446,34.254,-0.06,87.883,Normal,None
-4.542,30.753,0.503,189.384,Normal,None
39.317,-9.736,1.251,17.449,Normal,None
15.051,-34.788,-4.104,69.923,Normal,None
-30.513,29.834,3.568,125.454,Normal,None
5.451,-36.652,1.699,62.348,Normal,None
43.943,-47.909,0.521,157.278,Normal,None
-44.99,28.441,-1.385,41.273,Normal,None
-4.365,43.232,1.534,159.999,Normal,None
6.988,4.725,3.967,88.916,Normal,None
-17.615,4.331,-2.75,246.501,Normal,None
-13.861,-37.322,1.608,156.737,Normal,None
35.042,-37.659,-0.186,186.616,Normal,None
-29.742,22.384,-3.309,132.585,Normal,None
45.554,-25.731,0.218,58.506,Normal,None
7.916,5.713,-1.757,74.471,Normal,None
30.165,-45.983,2.672,221.471,Normal,None
33.482,48.378,2.953,13.811,Normal,None
-5.87,48.288,2.964,248.557,Normal,None
32.022,-44.573,1.545,136.046,Normal,None
-2.038,12.831,3.005,116.842,Normal,None
-35.835,-30.731,3.602,45.653,Normal,None
8.895,-1.254,-4.599,12.992,Normal,None
7.848,-47.656,4.288,34.321,Normal,None
-35.709,49.235,1.566,20.136,Normal,None
-14.965,4.545,3.486,227.87,Normal,None
11.139,36.412,-3.036,43.952,Normal,None
-18.856,46.035,4.942,205.341,Normal,None
34.194,33.852,-3.662,190.007,Normal,None
-28.987,18.437,4.446,86.189,Normal,None
-18.387,-1.907,4.277,60.547,Normal,None
-25.043,48.576,-3.672,69.255,Normal,None
-3.566,-46.774,-2.88,127.386,Normal,None
-22.689,-21.966,2.643,100.794,Normal,None
31.467,18.961,3.166,174.454,Normal,None
-21.14,-4.242,0.294,182.859,Normal,None
-4.679,-9.154,-4.067,85.286,Normal,None
-34.827,11.665,-3.954,145.449,Normal,None
46.6,-2.641,4.482,33.111,Normal,None
-38.102,-41.589,-1.997,20.107,Normal,None
-29.976,28.403,-1.621,137.994,Normal,None
26.824,-10.214,2.08,170.807,Normal,None
6.362,-4.451,2.948,223.428,Normal,None
43.665,29.997,-1.491,75.746,Normal,None
43.92,1.454,4.846,245.069,Normal,None
30.63,-21.495,-0.731,241.516,Normal,None
11.204,27.25,3.103,191.821,Normal,None
42.103,-35.358,2.726,37.262,Normal,None
-42.126,45.956,2.618,142.137,Normal,None
18.967,-6.365,-3.039,185.021,Normal,None
36.522,42.675,-2.789,11.629,Normal,None
35.666,23.769,-1.377,174.734,Normal,None
-18.795,-45.876,2.805,120.576,Normal,None
21.326,26.485,0.026,217.146,Normal,None
-3.215,-20.634,2.269,14.253,Normal,None
-3.158,12.067,1.058,208.655,Normal,None
27.523,43.467,-4.422,231.441,Normal,None
26.561,-23.802,-2.922,51.347,Normal,None
24.314,14.007,-1.374,17.854,Normal,None
0.455,49.621,4.24,243.73,Normal,None
-32.841,-36.816,2.723,248.783,Normal,None
1.838,27.671,-0.855,79.841,Normal,None
31.24,14.477,-4.183,115.503,Normal,None
-25.387,-15.765,-1.129,65.278,Normal,None
-15.55,-12.888,-1.692,27.069,Normal,None
25.559,-11.932,-1.161,158.834,Normal,None
-23.046,-39.986,-1.616,46.897,Normal,None
44.506,-19.984,1.224,245.572,Normal,None
-16.241,18.187,-3.273,55.679,Normal,None
9.656,14.694,0.818,149.278,Normal,None
-28.139,-7.17,-4.023,96.818,Normal,None
-40.619,14.384,4.826,174.673,Normal,None
-48.439,-12.262,2.302,63.992,Normal,None
36.96,12.91,2.834,246.488,Normal,None
15.922,-30.528,2.502,50.272,Normal,None
34.522,-34.377,0.373,31.424,Normal,None
22.381,29.649,0.697,219.003,Normal,None
3.294,-5.592,2.056,44.395,Normal,None
15.57,-6.384,-3.917,235.271,Normal,None
26.153,35.834,-0.379,187.463,Normal,None
-39.531,-35.409,-0.05,148.451,Normal,None
-9.573,14.084,3.683,167.736,Normal,None
12.552,-10.103,1.215,20.218,Normal,None
-37.901,35.289,-2.81,159.018,Normal,None
-43.706,-8.044,-3.263,53.251,Normal,None
-18.301,43.021,4.6,224.477,Normal,None
24.426,-32.505,-1.526,150.358,Normal,None
40.334,32.835,3.097,158.415,Normal,None
-29.509,-38.981,-3.514,127.467,Normal,None
-45.634,-15.362,-3.742,252.109,Normal,None
-12.875,-45.454,0.836,73.756,Normal,None
26.5,-36.837,3.696,230.208,Normal,None
-48.248,41.485,-2.68,166.881,Normal,None
-17.945,-23.998,-3.565,3.314,Normal,None
27.409,15.044,3.472,240.105,Normal,None
-1.025,48.498,-4.477,149.998,Normal,None
-8.222,-19.959,2.214,35.648,Normal,None
-13.827,41.944,1.524,111.677,Normal,None
-32.131,2.9,2.019,57.184,Normal,None
-43.265,37.855,-1.971,149.842,Normal,None
40.45,-8.086,-4.121,98.814,Normal,None
-17.918,23.923,-2.362,106.548,Normal,None
-30.13,-13.099,1.797,117.177,Normal,None
30.045,26.654,3.526,35.083,Normal,None
24.314,-37.412,-1.895,136.217,Normal,None
-7.078,-29.573,0.262,92.116,Normal,None
-23.287,-8.633,4.601,10.934,Normal,None
17.659,30.873,-4.04,236.656,Normal,None
-25.037,-35.27,-4.752,240.053,Normal,None
11.857,-1.049,1.291,112.697,Normal,None
5.001,1.454,0.613,10.024,Normal,None
-11.51,21.617,-1.798,174.179,Normal,None
-20.518,-9.199,1.908,115.829,Normal,None
19.6,31.939,4.844,79.149,Normal,None
44.18,14.827,-2.508,222.846,Normal,None
-48.585,-5.396,-2.427,64.737,Normal,None
48.455,-12.142,3.357,124.113,Normal,None
-15.782,33.095,4.551,37.002,Normal,None
20.551,-5.937,-3.484,100.785,Normal,None
28.988,44.692,-0.913,234.977,Normal,None
-1.347,32.096,-3.768,231.828,Normal,None
15.861,-7.973,2.007,173.105,Normal,None
-9.411,-11.771,-4.677,28.568,Normal,None
-3.046,-27.259,-2.645,96.529,Normal,None
-31.158,27.517,-1.934,64.466,Normal,None
-36.345,-4.015,1.359,8.867,Normal,None
-18.975,-49.656,3.345,82.856,Normal,None
-33.274,-17.503,-0.842,183.137,Normal,None
-45.352,-8.067,3.653,198.557,Normal,None
37.163,-41.432,1.536,191.666,Normal,None
-29.864,16.957,2.139,55.774,Normal,None
-40.896,-29.744,-4.084,174.915,Normal,None
-7.79,48.581,-3.515,18.005,Normal,None
15.823,1.032,4.335,126.162,Normal,None
-17.161,11.402,-1.613,215.112,Normal,None
11.147,11.201,-3.387,136.556,Normal,None
2.106,43.684,-0.833,43.762,Normal,None
-30.536,44.774,1.016,32.996,Normal,None
39.395,-9.14,-3.282,183.144,Normal,None
27.189,12.57,4.666,215.153,Normal,None
28.886,0.348,3.287,173.304,Normal,None
18.469,3.962,2.43,94.411,Normal,None
1.836,-44.209,1.236,108.159,Normal,None
-7.146,-48.046,-2.165,66.164,Normal,None
-29.485,6.445,-1.157,178.965,Normal,None
-30.022,33.163,0.832,206.344,Normal,None
45.752,-16.214,-1.449,193.634,Normal,None
-29.818,-1.363,1.849,178.787,Normal,None
46.126,-26.835,0.291,248.814,Normal,None
8.626,6.896,1.594,4.733,Normal,None
37.333,-35.393,3.107,223.761,Normal,None
-35.929,-25.706,-1.492,59.508,Normal,None
34.271,-6.672,-4.728,42.854,Normal,None
30.805,49.874,-3.279,163.314,Normal,None
-46.876,38.567,4.205,211.04,Normal,None
19.171,45.001,0.247,135.103,Normal,None
-34.504,-43.804,-3.174,145.742,Normal,None
13.669,15.246,-1.196,252.017,Normal,None
33.388,-39.235,-3.07,186.752,Normal,None
2.955,4.295,3.362,231.804,Normal,None
32.907,-2.288,3.65,236.387,Normal,None
-1.079,42.883,4.563,202.2,Normal,None
7.771,9.738,0.467,85.554,Normal,None
-28.379,8.123,-4.904,21.376,Normal,None
-25.249,49.026,-3.291,249.309,Normal,None
45.06,-16.65,-3.266,251.351,Normal,None
-35.442,31.772,1.632,6.557,Normal,None
27.017,-30.376,-4.843,91.241,Normal,None
5.296,3.318,4.632,242.534,Normal,None
-40.319,-7.384,-4.917,20.256,Normal,None
31.063,40.87,0.039,142.831,Normal,None
44.336,-47.287,2.455,109.722,Normal,None
-42.365,30.51,-3.807,3.338,Normal,None
23.2,-42.547,0.069,166.653,Normal,None
11.45,4.172,-4.496,43.509,Normal,None
-12.004,-7.405,-0.02,183.45,Normal,None
32.792,8.977,0.409,10.689,Normal,None
-39.727,-22.567,3.657,204.566,Normal,None
28.113,7.433,4.116,156.118,Normal,None
26.793,38.779,4.696,54.397,Normal,None
2.721,-9.328,4.833,35.229,Normal,None
-5.625,-34.036,3.874,94.891,Normal,None
-17.487,-2.51,1.902,255.0,intensity_manipulation,High
-41.919088584362726,13.666527730295751,3.508,34.715,spoofing,High
-23.099591243321523,-7.219475158005254,-4.290321002792197,94.538,jamming,Medium
-48.789,-9.039,-3.358,63.1405,intensity_manipulation,Low
14.088741922059924,-52.90203877445714,3.637,47.573,spoofing,Medium
-15.444694590883566,31.54012555228595,-3.971,8.611,spoofing,High
-0.21,30.992,0.721,39.3445,intensity_manipulation,Low
-12.664,44.467,1.927,245.988,intensity_manipulation,Medium
-45.536569362951006,28.520247547872348,-0.7331757894164563,1.373,jamming,High
-34.049331119594264,-34.94885821583547,3.101,37.476,spoofing,Low
27.828,26.198,4.451,255.0,intensity_manipulation,Medium
-16.649,37.294,-0.835,10.102,intensity_manipulation,Medium
18.93883109360102,-43.632948956833076,1.421426048015735,3.583,jamming,Medium
3.894,27.764,-1.611,108.6295,intensity_manipulation,Low
2.423254613552831,48.017142039382115,-3.29989381228778,92.037,jamming,Low
14.75925508195676,-21.637606959694093,-1.201,246.181,spoofing,High
20.76,11.621,-2.57,111.3515,intensity_manipulation,Low
39.648,23.135,-2.312,178.61,intensity_manipulation,Medium
-11.686,-32.583,2.844,100.1845,intensity_manipulation,Low
-15.22,34.287,3.212,255.0,intensity_manipulation,High
-29.983220833973988,-4.577027570490593,2.659,239.515,spoofing,High
24.956,-7.839,-3.975,255.0,intensity_manipulation,High
-39.063587781498796,-47.36044564644078,-0.4792521527047975,8.401,jamming,Medium
4.626,23.759,0.174,246.92,intensity_manipulation,Medium
7.7305760531849375,8.985113895526744,-5.2375772097365045,109.536,jamming,High
15.827467149966811,-22.53280418708895,-2.64,147.796,spoofing,Medium
-11.963,-37.175,0.957,97.37,intensity_manipulation,Low
-42.233,-14.502,-1.342,255.0,intensity_manipulation,High
-24.475175262373636,-40.61178182054188,-2.023,72.754,spoofing,Medium
40.195076020906846,12.948814109481017,-0.10693921353356028,102.154,jamming,Medium
-19.004971580888828,-10.715761874104436,0.32500017950877746,58.103,jamming,Medium
-6.399893896805313,-7.2067377621915885,-2.471,113.51,spoofing,Low
-32.51632429867488,-15.394679043851866,0.6098286859182638,115.778,jamming,Medium
5.902345835096676,-23.79735216109043,11.207946980200028,49.206,jamming,High
37.034,-31.396,-4.271,88.266,intensity_manipulation,Low
11.502467897681738,-35.79620771725269,-13.560414467964517,94.422,jamming,High
-27.24511797175257,-2.228606356737881,3.815,243.091,spoofing,Medium
-35.61386871421402,-9.318543025557972,-3.471,192.249,spoofing,High
-14.347,16.602,4.801,255.0,intensity_manipulation,High
57.88848523744894,53.027598522777836,3.33,0.819,spoofing,Medium
-32.243,5.574,1.455,43.807,intensity_manipulation,Low
46.291,35.21,-2.433,255.0,intensity_manipulation,Medium
-8.893,16.114,2.206,37.954,intensity_manipulation,Low
-35.776,18.542,-3.509,101.13,intensity_manipulation,Low
-36.151,33.55,0.113,117.976,intensity_manipulation,Low
-6.722,-18.577,-4.77,123.967,intensity_manipulation,Low
-37.15320805580325,-28.41959959501667,-2.549,129.559,spoofing,Low
23.222,-1.684,-1.393,255.0,intensity_manipulation,Medium
-19.85766022259312,-32.81349660731894,0.5901501771324267,27.701,jamming,High
0.45137551261881814,1.7195703200363996,-3.4511243988224742,18.996,jamming,Medium
-11.169,11.23,-3.261,117.528,intensity_manipulation,Low
41.64289091773926,48.221265082097055,-3.732,126.683,spoofing,Low
-28.05393495457468,7.155344694158321,0.8536543543357937,177.418,jamming,Medium
-14.953,-21.618,4.065,80.3895,intensity_manipulation,Low
57.84354913535912,-28.436332143387897,-0.9901309876599513,252.881,jamming,High
-47.172,-29.875,-1.014,20.767,intensity_manipulation,Low
20.44131343728502,-6.31696678259364,1.475316989227941,93.253,jamming,Medium
-27.672679083511813,29.91116151125064,2.769,142.66,spoofing,High
-45.861,25.682,3.584,255.0,intensity_manipulation,Medium
20.236,23.476,-0.647,255.0,intensity_manipulation,High
-30.18737306874399,20.803134275820703,-0.719736964361076,96.625,jamming,Medium
3.501,-39.501,4.543,2.07,intensity_manipulation,High
1.677,-43.689,2.434,255.0,intensity_manipulation,Medium
30.118951150203056,-38.60007967516087,-3.543,166.022,spoofing,Low
32.407,18.107,4.191,255.0,intensity_manipulation,High
-31.62661780471601,-9.663619844871448,1.519187553573098,181.331,jamming,High
-36.486006210242415,-37.09847163344393,0.6213559590538529,138.327,jamming,Low
41.0772001665685,8.147478152107995,-1.5187596365128004,174.4,jamming,Low
-13.574370952621688,-10.742503771835146,1.0433562805595589,4.161,jamming,High
-48.42,45.264,2.582,255.0,intensity_manipulation,High
-43.17292174728944,-32.579596454511055,-2.6832107178861326,63.054,jamming,Medium
29.689384707360723,24.634524119710935,-2.4297582609791553,3.643,jamming,Low
-35.639501662530456,-50.83084312933938,2.152,201.941,spoofing,Medium
-28.233,-28.803,1.568,127.47,intensity_manipulation,High
-17.76341496613867,-36.61062966750722,-2.454,133.956,spoofing,Low
18.23,44.527,3.209,35.133,intensity_manipulation,Low
-18.732979978377475,8.480307369417906,5.20752776515215,251.912,jamming,High
12.858495648411482,-34.18227972437092,-3.1923318853743936,143.676,jamming,Low
-31.87122555739881,1.825665887866014,-0.18792004636762094,172.098,jamming,Medium
-14.679884816006265,-15.550221002044706,-13.586887047846377,120.021,jamming,High
15.797620751520686,23.116892297777675,-4.263672768874681,24.083,jamming,Medium
-47.618,4.618,3.994,255.0,intensity_manipulation,High
14.851,-29.312,-1.436,52.642,intensity_manipulation,Low
32.56916678629935,47.12567565668702,3.013,247.112,spoofing,Low
30.109,-13.327,3.337,93.286,intensity_manipulation,Medium
-63.05693004900099,-14.216415581023533,-4.989,0.07,spoofing,Medium
-30.754914195383684,2.794932459880079,3.53,12.651,spoofing,Medium
11.437306542613255,0.3230620031520073,-1.3308654995798515,57.847,jamming,High
-21.297,32.105,-2.225,255.0,intensity_manipulation,Medium
39.78491107510665,-39.34031132932259,-4.847,241.361,spoofing,Medium
-40.426,48.605,0.979,167.068,intensity_manipulation,Medium
-7.327739817706924,-43.38500330954482,-2.850248890329077,137.954,jamming,Medium
-8.641,-33.954,0.825,21.356,intensity_manipulation,Low
40.931,42.525,2.395,255.0,intensity_manipulation,Medium
-14.705306592625687,-19.34871921877728,-3.438531293711562,79.31,jamming,Medium
-24.146284706423653,24.89454326043031,-1.956,209.748,spoofing,Medium
4.803535721402472,-56.741839205692926,3.326,221.47,spoofing,High
20.61021402138977,-49.7587576426466,-1.0197137256613615,237.966,jamming,Medium
38.598,-33.275,-3.118,33.244,intensity_manipulation,Low
14.048950171950484,-2.4352051691053664,-4.177895642660437,74.154,jamming,Low
-20.009765455754472,-40.91340141469219,-2.496,57.731,spoofing,Low
-30.390688574380267,45.36612144525517,-1.880256065223126,75.982,jamming,Low
6.816297849799247,-34.01208146328223,-1.265,147.893,spoofing,Low
-21.499345146353562,-32.256074057799836,4.709,207.738,spoofing,High
10.478614444083236,12.989012004278312,-1.515,106.575,spoofing,Medium
-18.303422550422376,-31.831401512768593,4.5,48.693,spoofing,Medium
26.783,18.718,3.359,255.0,intensity_manipulation,High
-0.734,37.543,-2.38,21.782,intensity_manipulation,Medium
-43.081,49.254,1.925,76.2435,intensity_manipulation,Low
-47.062,-35.633,0.762,255.0,intensity_manipulation,High
-8.625262247357552,14.717265293223399,2.1261260489269573,38.87,jamming,Medium
-9.417,-16.937,3.262,114.602,intensity_manipulation,Medium
-0.5867918375907677,43.36441220671799,0.7385207641204063,105.265,jamming,Medium
-13.478333588284094,8.07044403078213,1.36,233.154,spoofing,Low
-22.643,33.513,3.489,9.558,intensity_manipulation,Medium
-16.008920855920977,36.10084191744041,1.3331977273190039,11.879,jamming,Medium
-45.55299665910631,21.484021466204887,2.0031817955227615,133.712,jamming,Medium
-6.141973552032639,-10.817671271148948,1.992,52.081,spoofing,Low
59.92105011777495,9.18994738199559,-4.825,240.993,spoofing,High
54.955123179428384,44.57183911147956,-2.228,58.111,spoofing,Medium
-10.404,-35.336,0.795,123.3425,intensity_manipulation,Low
-0.5220992488190177,-39.097054133249294,-9.500706868866951,205.59,jamming,High
17.457315300592022,39.167169879255226,-2.308,126.714,spoofing,Low
46.827,10.418,1.993,187.242,intensity_manipulation,Medium
21.19522884945267,-43.03647086545211,1.1096383370921536,25.061,jamming,Medium
-51.98293031284041,-18.700989218142034,1.488,19.98,spoofing,Medium
45.12140184416399,29.063960084608716,0.908,167.847,spoofing,Low
-47.311367287688896,30.1377967541679,-4.589,77.461,spoofing,Low
-27.421159529423456,-57.84378218125481,0.219,166.516,spoofing,Medium
-26.817,-2.69,-3.64,82.663,intensity_manipulation,Low
16.67946748224881,-9.692857966877863,0.344,99.347,spoofing,Medium
-44.823585431589855,10.632820763979854,-0.6946702069829686,225.786,jamming,Medium
-52.55584748056103,49.15766403789827,0.825,178.863,spoofing,Medium
50.01224038081617,19.83646266974135,4.499400748683922,245.684,jamming,High
29.015922289967733,9.010184372626362,0.8083448595578218,49.476,jamming,Medium
39.845,-9.594,-3.397,255.0,intensity_manipulation,High
24.479565538938118,-59.09167850633165,7.1827910243747874,217.738,jamming,High
4.403791324116808,-24.92261067895553,-4.499,33.84,spoofing,Medium
-6.481,42.554,-1.655,70.3005,intensity_manipulation,Low
27.88595457998673,25.50495253832101,-4.36943585498943,38.544,jamming,High
-1.873,43.808,-3.009,255.0,intensity_manipulation,High
20.785,34.499,0.303,255.0,intensity_manipulation,Medium
-8.275,0.433,-2.105,217.18,intensity_manipulation,Medium
-29.04137978362026,-16.94892624872694,-0.7559702007198046,32.428,jamming,Medium
-8.32598365400343,-6.696612258719629,3.346,51.519,spoofing,Medium
14.156574840514462,-14.945482896422794,-2.617457184924416,124.723,jamming,Low
46.66493650143572,-25.14653102065259,0.425,5.736,spoofing,High
32.148948071590844,44.12880910144938,2.7185341771723315,230.463,jamming,Low
30.393,-8.691,2.877,255.0,intensity_manipulation,High
-41.533,-31.593,2.268,54.736,intensity_manipulation,Low
-28.854471824468263,4.492142600720477,-2.893686663475797,25.466,jamming,Low
17.392,8.352,-2.704,255.0,intensity_manipulation,High
-11.313858481043312,-42.88103769952057,0.729,9.826,spoofing,Medium
31.416921033823662,-12.918602318918254,-9.245819541980254,65.443,jamming,High
46.84551892401313,-23.520800321011908,-13.726712503069121,238.475,jamming,High
-7.522157462654578,13.149148432125083,4.061815405731172,171.611,jamming,High
-36.018,13.15,1.22,85.757,intensity_manipulation,Low
-4.978807612578394,-7.669558539039741,-0.6877641610972136,253.905,jamming,Medium
44.03246904671194,38.02145172525158,-2.1116584280464736,60.739,jamming,Medium
42.77445317417086,-8.642293391765032,0.14824940412943205,113.924,jamming,Medium
10.146924892085252,5.455807066952811,-4.525,18.187,spoofing,Low
38.40177165292687,8.810617631488672,-4.82,131.834,spoofing,Low
-33.34797310588471,9.917735728492794,-3.558014465812342,166.969,jamming,Low
-52.98442159336695,-21.676671561740058,2.513,182.964,spoofing,Medium
-7.298382328411686,-38.8486070946611,0.34957576112143585,17.452,jamming,Low
6.498187092224496,19.432337039514245,-1.6885889837393007,152.092,jamming,Low
50.83008730554344,-39.82031050045498,-4.768276943251847,125.577,jamming,High
-21.053298136802017,19.384359008054936,-3.279,79.52,spoofing,High
-32.73478061743086,-52.32596465570438,-4.193,236.607,spoofing,High
34.55176895028596,-35.78678817335144,1.775,41.794,spoofing,Low
47.7,-9.242,3.845,103.136,intensity_manipulation,Low
25.552304814018804,69.08786658057022,2.331,0.749,spoofing,High
15.946941969103431,-0.16315387221716726,-3.895,55.131,spoofing,High
3.827,-32.939,-4.29,61.6105,intensity_manipulation,Low
-29.199278350371614,-5.8392420253774215,-6.21019844087553,226.952,jamming,Medium
-24.152,7.088,-4.441,108.16,intensity_manipulation,Low
5.901810845173907,-38.59986137313334,2.449293728446073,25.965,jamming,Low
-42.738,-7.956,3.343,255.0,intensity_manipulation,High
-5.035,-3.601,4.263,255.0,intensity_manipulation,Medium
-23.396649782281102,48.52036382684236,3.1309393702746915,218.497,jamming,High
20.84,-26.713,-0.097,255.0,intensity_manipulation,High
0.1477625208462503,9.753025229278547,1.1466537563552603,108.983,jamming,Medium
-34.00413381580928,-27.19952649281821,4.747410350088062,162.951,jamming,Medium
-25.406,24.268,4.809,255.0,intensity_manipulation,High
-2.874,7.77,4.843,58.436,intensity_manipulation,Low
-18.483,-39.357,-0.492,126.245,intensity_manipulation,Low
-9.635790774385462,-17.288225895271427,-6.628875682370887,254.64,jamming,Medium
4.551507151632503,10.172880012319926,1.4782049457362079,121.498,jamming,Medium
-34.602247915531024,43.932741208106236,4.389,165.289,spoofing,Low
-21.782205668191143,-0.015998869185295028,3.237,155.193,spoofing,Low
20.145105029949452,48.011321318124985,2.206,87.357,spoofing,Medium
-47.33355799535449,12.510130769617989,-3.646,155.039,spoofing,Medium
-12.799394861242,20.313466898937413,-4.634,93.636,spoofing,High
-28.140077887247084,20.121502542728336,-3.097,252.98,spoofing,High
21.15204490117079,-4.391175074716331,5.19244263814427,142.781,jamming,High
31.18183370977718,-36.48829571268143,2.204,166.771,spoofing,Medium
-13.682161293991712,-9.401502441557998,-1.297,79.639,spoofing,Low
31.887593320254883,21.888876006690534,-0.3620655148607062,111.893,jamming,Low
-26.859,14.333,-4.408,13.2295,intensity_manipulation,Low
-40.37194342467592,-35.17224367100846,4.583496944648148,195.501,jamming,Medium
47.826,30.864,4.357,255.0,intensity_manipulation,Medium
-28.41926535967485,-42.199992670085415,2.7144152246322513,44.064,jamming,Low
32.853,-32.485,2.017,55.7065,intensity_manipulation,Low
-20.636,-7.262,1.159,8.808,intensity_manipulation,Medium
25.9643688323704,40.61474429871718,4.247,216.327,spoofing,Medium
-12.34370855732973,38.94226803311658,-3.312,56.063,spoofing,Low
-2.7209121980271456,3.738657493655134,-1.6038797461720578,18.086,jamming,Low
42.04329367607422,-15.402789281073996,4.720389480951581,91.882,jamming,Low
29.210878793380488,7.512758062202927,-4.5307787876923005,55.668,jamming,Low
42.6952751473055,40.065942816894875,-4.991,21.383,spoofing,Low
1.87,-16.823,-0.279,153.404,intensity_manipulation,Medium
6.692938867739451,52.97208890692908,1.057388206176022,162.818,jamming,Medium
23.439497502922045,-22.882221764148113,-1.922808676155121,63.501,jamming,Medium
20.387434704389545,-5.525580189775347,3.978,234.665,spoofing,Medium
25.620007253469737,46.73651842114466,-1.9558182418156376,86.511,jamming,High
5.838632731033311,-23.114753279505905,3.18,130.678,spoofing,High
-49.51433449972723,-31.435526806383468,2.8152185245659194,60.049,jamming,Low
-41.962710920834894,37.37365408351398,2.421,51.669,spoofing,Low
49.220586353715184,-43.57314612739947,3.573,90.457,spoofing,Low
39.84252295449399,3.3463101383369565,-5.177279079304827,19.357,jamming,High
-33.558,38.695,-4.67,255.0,intensity_manipulation,High
48.642,43.021,-4.49,36.594,intensity_manipulation,Low
-18.243403459697085,46.562196035748464,-3.92917277585308,213.164,jamming,Low
31.60126489013168,-39.26638037648314,-3.243,96.713,spoofing,Low
32.698422450257105,-59.38236213972996,-1.2759652491401616,128.476,jamming,High
-28.312,-2.905,3.039,97.6035,intensity_manipulation,Low
14.601631570197643,-16.09802267583776,-3.901,91.468,spoofing,High
35.73245495330512,-43.66363520110677,3.5875439901562802,104.017,jamming,Low
-1.944,-10.952,-0.552,111.226,intensity_manipulation,Low
1.2923458568897663,-12.7491074971443,-2.204,64.867,spoofing,Medium
-31.19020719331377,-1.421312005956704,-2.143,204.11,spoofing,Medium
14.857129902344004,2.5374400212627704,3.641,94.205,spoofing,Low
24.310695566999744,-17.329164567846743,-1.7688670338432784,38.899,jamming,Low
29.029,-1.236,4.398,255.0,intensity_manipulation,High
53.087785136130464,-25.468696655396094,5.648602215044783,234.179,jamming,Medium
-27.511,-33.296,3.229,255.0,intensity_manipulation,Medium
-19.961,43.463,4.891,82.9565,intensity_manipulation,Low
-38.68396002604531,-26.10556062736302,-11.27841655977338,212.055,jamming,High
-23.668,-14.277,4.649,86.3885,intensity_manipulation,Low
42.58762210476746,8.041185265642945,4.051,213.636,spoofing,High
-72.44407919642532,8.902764230922958,-2.547,138.32,spoofing,High
-43.854,16.273,1.723,255.0,intensity_manipulation,High
44.058,-43.486,-2.818,47.8635,intensity_manipulation,Low
-24.003221968457844,48.5198148419549,-1.050848031527761,28.481,jamming,High
-3.737392308082539,-21.419984943154486,-0.7263627021124299,150.991,jamming,Low
-43.10253717919278,-9.130092489751393,2.9404984241267664,135.743,jamming,Medium
-0.6844647417413325,-28.897807035686405,-1.2145783669756591,153.336,jamming,Medium
12.694,-19.126,4.468,255.0,intensity_manipulation,High
13.12658182559327,27.39339258204334,-0.085,110.603,spoofing,Medium
39.04565559107324,-11.284651733506795,1.3499855258793176,57.814,jamming,High
-6.345,19.126,-3.883,247.548,intensity_manipulation,Medium
15.038,-21.155,4.41,255.0,intensity_manipulation,High
-16.106,-5.093,-4.781,65.637,intensity_manipulation,Low
18.845342554688834,16.693972509869965,4.59,40.379,spoofing,High
-8.618194587863336,0.23220411568616406,2.111,241.931,spoofing,Medium
-40.897,36.32,-1.351,32.6955,intensity_manipulation,Low
45.63,-47.381,2.651,73.4435,intensity_manipulation,Low
14.202,-49.542,-4.996,111.2235,intensity_manipulation,Low
-44.822,-32.505,4.483,255.0,intensity_manipulation,Medium
49.60264225342918,-54.02984321116931,-1.139,9.717,spoofing,High
41.79842960887643,45.45838830904535,-4.839,99.344,spoofing,Low
-30.099064244867943,19.839692893991344,-4.377784590089752,186.455,jamming,Medium
-37.294231756314936,33.866241175585394,-4.587391151849084,93.959,jamming,Low
-48.45,-35.688,1.342,255.0,intensity_manipulation,High
35.19369175005741,30.129280230274176,-2.169469736621768,189.336,jamming,Medium
27.647,21.71,1.325,74.501,intensity_manipulation,Low
-26.382069759410086,-1.6676066565848071,4.734,107.901,spoofing,Medium
31.82301426753239,4.860005879360138,-1.897,93.487,spoofing,Medium
2.472301108540371,-27.365237347499658,-3.985,93.651,spoofing,Medium
13.29029223118161,12.576449794604239,-14.621141250149012,77.435,jamming,High
5.584280861225152,20.789763991879752,5.739124972028261,119.716,jamming,High
21.642,44.252,0.416,115.37,intensity_manipulation,Low
-18.143,35.102,0.371,34.538,intensity_manipulation,Medium
24.36857352469137,-25.968135121961904,-3.398,181.204,spoofing,High
-21.471,-29.365,-1.437,255.0,intensity_manipulation,High
-33.702,-9.653,-4.241,255.0,intensity_manipulation,High
-3.152,-21.435,3.929,253.282,intensity_manipulation,Medium
28.68993000758183,-16.507323955496787,2.387,100.297,spoofing,Low
2.3748190190847183,-9.62985524224241,3.399,6.986,spoofing,High
-60.45468114875459,4.015173455403734,-4.142,28.952,spoofing,Medium
11.396,44.417,-3.651,255.0,intensity_manipulation,High
40.961507801064855,28.390805968127516,-4.992,228.554,spoofing,Low
-36.264583393559576,36.50088518855422,-4.021240354352611,236.473,jamming,Medium
-50.802985833263165,5.072993947713645,6.111223430160836,102.224,jamming,High
15.757615315948351,13.06162594027402,-0.108,75.313,spoofing,High
-19.892,43.515,1.297,133.31,intensity_manipulation,Medium
28.77968354188326,0.2676783884392684,0.133,229.826,spoofing,High
-16.694676632626727,-43.818941831425185,-2.033914494019434,139.626,jamming,Low
24.033,45.911,3.811,255.0,intensity_manipulation,Medium
-17.74291103353437,-52.23127220696526,3.43,229.867,spoofing,Low
29.621,26.075,1.869,255.0,intensity_manipulation,High
-58.27837778195114,36.22283183050336,1.618,129.556,spoofing,Medium
-17.343263691335792,40.889938107184335,4.280970701211803,230.637,jamming,Medium
45.441,-18.599,1.82,101.407,intensity_manipulation,Low
18.828,8.54,-4.902,255.0,intensity_manipulation,High
38.47083524031238,21.849293844203046,-1.189,67.807,spoofing,High
-46.82912557982451,8.890609827510378,1.0768436538286268,227.828,jamming,Medium
-41.987,-2.08,0.267,255.0,intensity_manipulation,High
-1.662,26.283,-0.702,189.754,intensity_manipulation,Medium
-21.980368974750718,-50.918540225395226,-3.1232683024024883,249.182,jamming,High
37.652900417090166,-10.115451643056673,1.317,110.513,spoofing,Low
-26.859,-15.057,0.594,255.0,intensity_manipulation,High
23.676,-8.212,2.15,57.6585,intensity_manipulation,Low
-12.8197227498949,-46.03150639821696,3.96481727646948,84.502,jamming,Low
49.03093082022171,19.127659253837457,3.331,111.037,spoofing,High
42.085099438928786,32.11802127221657,-3.2772345638954574,206.504,jamming,Low
8.453886835220954,-4.439633880516109,-3.379891960301488,97.032,jamming,Low
-37.96840306196029,-11.491171749236692,-3.335,204.865,spoofing,Medium
56.764223456375426,1.4790484223534577,-4.236,214.355,spoofing,High
12.637,-27.801,-2.818,255.0,intensity_manipulation,High
33.42507919953705,15.516566692194846,3.423,115.943,spoofing,High
-44.07233443790547,52.06376475276203,-3.319,204.334,spoofing,Low
-4.504787100072213,-50.76865611570749,-7.246637679582354,13.481,jamming,High
-53.30797637582099,20.597823764415306,2.38,197.718,spoofing,Medium
-34.31564848499828,-21.532097990512234,-3.110076330018161,56.831,jamming,Low
34.66523157979568,-49.787389017205435,-2.448,113.769,spoofing,High
23.32826866168483,-30.13304425738754,3.415,193.195,spoofing,Low
16.934,13.519,3.883,255.0,intensity_manipulation,Medium
15.823659813723676,-42.332216281629066,1.884,77.479,spoofing,Low
-35.133171698572184,76.50496200182927,1.4399428668450411,93.483,jamming,High
-66.7524955964384,5.7391187209244094,0.82,208.123,spoofing,High
47.78273235061447,-11.013004192933256,-0.41167199760640827,0.249,jamming,Medium
-30.374116353285054,-29.96478467571259,-0.506,122.669,spoofing,Medium
14.661373090941389,4.4385136412377255,2.939,141.699,spoofing,Low
11.224732881278953,-17.519092385715542,-3.7417085729074886,166.008,jamming,Low
-3.5241720734629975,14.873754116208914,-5.1956354805570335,146.473,jamming,Medium
-14.16881498184957,19.23665562526007,-1.01,201.006,spoofing,High
6.037151213481284,-1.677256573024943,4.279,207.287,spoofing,High
-42.86444284034122,32.84276568181584,-4.207681020832928,249.372,jamming,Low
-45.40590763090972,24.353612869376352,-4.243,69.123,spoofing,High
-49.37359541337656,-39.533338711206866,-1.598,73.042,spoofing,Medium
-3.9388816152173494,5.279845148736345,-2.1338073599494747,162.7,jamming,Medium
15.759,28.955,1.132,99.9335,intensity_manipulation,Low
-30.34242261181752,49.12184307525298,2.958,181.935,spoofing,Medium
38.265,16.026,0.223,36.924,intensity_manipulation,Medium
24.72225405157571,3.755981996895567,-1.272,246.502,spoofing,High
-39.669815209581465,-34.051857275170185,9.510082937443936,33.546,jamming,High
3.5052913516615147,18.653122457875718,-0.20821895562200726,8.231,jamming,Low
4.581,24.646,-1.183,255.0,intensity_manipulation,High
-22.322,-43.983,-1.416,255.0,intensity_manipulation,High
-25.53029967698385,-33.47232558381685,-6.0110322959823055,122.748,jamming,High
36.92482308938436,-15.318262553144205,1.7491900718926001,36.004,jamming,Low
-27.42028384644973,-11.728718301021008,4.525894015443638,114.269,jamming,Low
24.199356569679978,-52.994935783258946,-3.708,143.308,spoofing,Medium
-48.74678740821754,11.61015228232046,-3.1114029171967674,125.486,jamming,Medium
16.90454351273731,53.211207123204055,4.454,133.784,spoofing,Medium
41.75616418618617,-39.76528238051088,-2.202885164157815,227.461,jamming,Medium
-39.78854964672376,-16.37353279606034,4.851,174.993,spoofing,High
-3.351,39.622,2.367,15.0085,intensity_manipulation,Low
4.403170407534425,-44.99482853234408,-1.012301871398885,6.776,jamming,Low
-22.388199709867884,-39.640872346349,-2.403744105286033,89.7,jamming,Medium
-34.92573514941686,-21.66477191036905,-2.3015998162855915,223.2,jamming,Medium
-46.937,-41.281,1.674,49.608,intensity_manipulation,Low
3.0103849988994824,-26.592189207208314,2.563,66.31,spoofing,Medium
-34.933,-44.525,2.844,255.0,intensity_manipulation,High
21.829255760504207,17.842694609375023,-1.1112143525196605,54.199,jamming,Low
-13.018122806934715,45.91362723799981,-3.767,137.514,spoofing,High
30.5723276177457,-24.788401797389906,-2.5782757627503567,36.868,jamming,Medium
-32.81507680001343,11.294446492934716,1.279,119.101,spoofing,Medium
-33.7187442180232,33.84642168471999,0.551,189.903,spoofing,Medium
-43.599595888917776,-50.315013447729086,4.173154285953192,112.459,jamming,Low
22.895060132809505,-18.66887328031642,-0.762,120.637,spoofing,Medium
-32.96299931919244,-33.80580519344526,1.9952035189048658,219.933,jamming,Low
7.801847293289651,-24.479464875687416,3.3262458738825007,154.323,jamming,Low
45.453371122993005,-18.955487063505156,-0.8633911745400147,121.154,jamming,Medium
-39.07404239714572,-31.61980988337062,-0.2823764080730964,181.189,jamming,High
28.371,-33.481,-1.33,36.064,intensity_manipulation,Medium
-3.13,-32.059,2.9,255.0,intensity_manipulation,High
18.19,-6.48,-3.577,255.0,intensity_manipulation,High
-44.72058875341796,-22.35631954718974,-1.382,251.724,spoofing,Low
-15.252,-23.671,-4.396,92.0455,intensity_manipulation,Low
67.52141887825375,12.254075485683295,3.519,14.646,spoofing,High
-21.86996189008042,37.85767550031563,-4.194,164.39,spoofing,Medium
50.34620642570998,-23.341943528816458,6.066382258434893,13.232,jamming,High
-33.474,-33.633,4.599,32.1005,intensity_manipulation,Low
-24.35,-16.713,1.898,56.728,intensity_manipulation,Medium
15.506181293673274,34.93634003092134,6.106706296021221,76.95,jamming,Medium
26.005463441154703,24.53951556498754,2.5899129991539844,238.712,jamming,Medium
-42.711177397329465,26.503102967015153,-3.108,116.229,spoofing,Low
14.834,7.074,4.101,255.0,intensity_manipulation,High
21.511947553625482,-20.03762309576124,-0.701,91.182,spoofing,Medium
-6.786701055546178,-46.846273898074735,-3.837037676807965,66.331,jamming,High
-54.67484234443849,18.348041073678285,-3.2901373351570466,29.486,jamming,High
16.25522041994987,-29.299318274953983,5.4286051713480425,71.289,jamming,Low
-17.86635616007909,-27.996381588478354,7.3962452534172165,7.449,jamming,Medium
34.63245166394316,40.821175224806524,3.794807686669654,239.723,jamming,Low
6.395,39.064,-3.318,255.0,intensity_manipulation,Medium
20.05815135462847,-27.86573159515067,4.5118959794087505,177.987,jamming,Medium
20.789,47.529,-1.198,255.0,intensity_manipulation,High
-25.68,-0.28,3.47,45.4215,intensity_manipulation,Low
-14.794269787131336,4.02400829042681,3.8017943021158516,176.647,jamming,Low
-50.016528124570414,28.747782799187924,1.197546491431582,107.654,jamming,High
24.95733865773782,26.640259809086515,0.12861057881408577,183.722,jamming,Medium
2.4484098285719655,47.527263743275284,4.902108713436104,86.554,jamming,Low
-37.05479852087427,37.81990644044603,-3.86,8.916,spoofing,Medium
22.13867396655103,-52.808322309383115,-2.7718984944904737,166.994,jamming,High
-37.252102620200965,37.91602165447991,-4.533335052528065,132.794,jamming,Medium
11.853579023090932,-20.4660398618385,0.5287847001066176,48.609,jamming,Low
-11.057,42.929,-0.373,75.819,intensity_manipulation,Low
-11.4697452782484,-17.962013931775424,-2.95,41.213,spoofing,Medium
12.789,-41.368,3.169,255.0,intensity_manipulation,High
1.3181056869111938,35.73314292531664,3.197,44.358,spoofing,High
-44.99607748515633,-13.975292362493873,4.570319779531824,23.79,jamming,High
14.467763739872126,2.5575429143570383,-3.939,192.463,spoofing,Medium
-44.224399356461845,42.017989311815356,1.022525073544113,218.633,jamming,Low
3.4193588794421848,40.46548982347855,4.271,20.754,spoofing,Medium
35.94958000947241,11.41692187866613,2.6449255364629614,139.635,jamming,Low
-46.905305980515834,-10.57035952564559,-2.8352881592995938,187.564,jamming,High
46.416698527618294,6.1703464039123315,-1.863,251.643,spoofing,Low
-16.299776720280956,13.672864664028237,-3.037750527402393,134.169,jamming,Medium
-24.267679568606386,-9.10725259376899,-3.156,53.04,spoofing,Low
33.724,35.25,-4.691,255.0,intensity_manipulation,High
-4.986923275696486,10.745756218351884,-1.1029347505080302,19.06,jamming,Medium
-19.314,-47.227,1.277,174.89,intensity_manipulation,Medium
46.652,40.24,1.704,255.0,intensity_manipulation,High
14.549465478168786,9.562758545017143,-4.618,244.522,spoofing,Medium
-40.424,-40.327,-0.442,8.110000000000001,intensity_manipulation,High
48.832,23.251,-1.413,157.48,intensity_manipulation,Medium
33.42,38.064,-0.903,244.968,intensity_manipulation,Medium
51.43174415015013,46.31259075277694,-9.684467024989576,157.665,jamming,Medium
-29.79,29.806,-3.299,8.0195,intensity_manipulation,Low
-8.678983377811045,-24.84534183634227,-0.3722808718581,125.035,jamming,High
22.86192998867363,8.815014110115037,-1.927,236.161,spoofing,High
38.726,-45.298,0.923,255.0,intensity_manipulation,High
11.9161571049661,44.64201067454148,-3.39,236.433,spoofing,Medium
-48.02102262559204,-33.30992338279854,-2.501,197.666,spoofing,High
6.789812522184757,12.730111638388298,3.2155638521278074,130.358,jamming,Medium
-41.017,-9.647,-2.972,255.0,intensity_manipulation,Medium
-8.607323655846157,-28.526739170364543,-1.677,86.547,spoofing,Low
54.76708270395052,-46.023363482487255,-3.694,91.768,spoofing,High
34.988559752285205,14.659694475913863,-3.357,17.141,spoofing,Medium
-13.31139354739261,-13.403339000187206,1.083,181.122,spoofing,Low
24.350599739806654,17.878494000054978,-1.2204273614401857,181.274,jamming,High
-19.703733567785896,-44.23957233852451,4.069,91.381,spoofing,Low
36.461,17.436,-2.846,255.0,intensity_manipulation,High
6.949264506255261,33.37153267521656,-4.563,160.102,spoofing,Medium
44.94467738613253,33.49316079941392,4.921723658551231,8.53,jamming,Medium
-46.70761190296431,16.289019004716874,-0.7850706012680101,13.462,jamming,Low
38.580946961350854,31.593634380416226,4.302452626384769,108.891,jamming,Low
-42.99342783095632,-5.835582394666208,1.92,181.148,spoofing,Medium
-43.641481904145984,52.19186167778392,0.9654478943300626,190.301,jamming,High
-38.64374931720355,5.54654062986866,-2.77,185.151,spoofing,Low
-3.066,-10.148,-2.803,255.0,intensity_manipulation,High
-10.565000965496228,30.35198385645235,-3.246,149.895,spoofing,Low
7.234,6.547,-2.225,255.0,intensity_manipulation,High
42.531,-13.564,-2.129,28.8815,intensity_manipulation,Low
2.356787349197056,-48.606680684059796,-4.798,9.012,spoofing,High
-5.8728853219608546,-27.677171531336427,0.24399139035874962,18.997,jamming,Medium
-4.523752928153215,-33.10803575210619,4.132545720521903,248.98,jamming,Medium
-29.873,2.156,0.828,124.5685,intensity_manipulation,Low
9.486977105558928,-38.751870309017086,-3.099,249.571,spoofing,Low
-35.024,-10.873,3.581,255.0,intensity_manipulation,High
18.134590381873426,-2.9760991762599973,3.317,178.12,spoofing,Low
33.776718162758954,25.654610742281932,-4.858,170.613,spoofing,Low
49.5351626265795,25.28350411802787,2.097,80.205,spoofing,High
-25.027705719292328,-28.365314602364304,2.025,88.258,spoofing,Low
42.61176448863024,16.798629344118766,-1.5267355252330284,112.009,jamming,Low
-1.5785580228068543,-62.80624436032755,-1.672,162.38,spoofing,Medium
51.02502467011424,-18.1556724564294,-7.166338236641546,112.162,jamming,Medium
-34.0050641606899,-28.344881461509207,-4.197244952201968,81.0,jamming,High
-15.653623617444257,-35.04005072796579,8.693776971983842,23.183,jamming,High
22.312067244166577,-25.39221085388614,-1.45,117.167,spoofing,Low
-31.938,44.198,-3.89,135.374,intensity_manipulation,Medium
-21.227057079223783,36.200778877520385,1.2881612997382175,153.366,jamming,Medium
-8.78270820591622,51.47463954706714,10.298198446616501,110.575,jamming,High
-22.134849911503906,-25.493644016911556,-0.247,159.477,spoofing,Medium
50.4592973421565,-3.39216871465414,-2.147,14.376,spoofing,High
26.768097399731523,-28.331526349414766,4.789,86.68,spoofing,Medium
25.99953326568649,11.875081358238281,4.287,48.323,spoofing,Medium
13.962,30.015,0.708,255.0,intensity_manipulation,High
25.401,-20.998,-1.007,255.0,intensity_manipulation,High
48.898,2.214,4.25,255.0,intensity_manipulation,High
-40.702018752698635,-38.8090224964717,2.1045646846319945,151.911,jamming,Medium
-30.499350118964365,18.670470707907995,0.618,31.059,spoofing,Medium
40.816,18.646,-4.3,255.0,intensity_manipulation,High
-3.753,15.682,4.9,132.312,intensity_manipulation,Medium
-4.694105732638906,-37.376712730045924,-3.628300660291348,11.215,jamming,Low
33.185,-32.611,-2.926,255.0,intensity_manipulation,High
-5.423518424407288,-2.999201583320665,0.51,0.367,spoofing,Low
-8.911,-42.145,1.553,255.0,intensity_manipulation,High
-22.29,10.46,4.646,210.806,intensity_manipulation,Medium
-28.174306690241753,66.75477074285241,-0.493,153.195,spoofing,High
-30.736,-46.62,2.802,209.162,intensity_manipulation,Medium
9.591165386537726,-19.59613000743678,0.893,14.881,spoofing,Medium
-17.980734100181426,-23.70014267326262,-2.415,77.961,spoofing,Medium
25.59,22.096,-3.477,43.854,intensity_manipulation,Medium
-11.851844013352077,1.3378728938756603,4.0219847065688175,109.979,jamming,Low
-14.171,-33.654,2.851,162.33499999999998,intensity_manipulation,High
-17.297884933386648,6.965990784329656,0.5136414136503831,254.94,jamming,Medium
72.0275325489117,-5.367868016720806,-0.8369522122553857,251.585,jamming,High
-32.30646408357555,3.9869760802022043,2.852,29.861,spoofing,Medium
-71.11482261802,3.1873776588119314,-2.623,23.789,spoofing,High
6.992471344795154,27.050505755965517,-4.86301965032552,133.263,jamming,Low
-38.02847666352308,-6.797449892230343,-2.975,113.999,spoofing,High
-26.868584072795638,67.9973642011992,-0.575,29.896,spoofing,Medium
-15.64825329814528,23.672460704604582,-4.582200278695547,44.083,jamming,Medium
-3.476,-49.247,3.869,85.642,intensity_manipulation,Medium
58.89339311391933,-48.508845094468114,0.276,213.987,spoofing,Medium
8.967,46.029,2.367,255.0,intensity_manipulation,High
-25.45868383240507,29.92188674347774,-2.111,119.713,spoofing,High
26.627838855574947,52.68588456224956,-3.311,150.264,spoofing,Medium
33.35874763557707,49.25251737593124,-1.056,96.244,spoofing,Medium
-24.967480619917623,38.10162068760413,1.3077214652858893,11.848,jamming,Low
-8.593,-19.657,-0.979,18.654,intensity_manipulation,Medium
24.086,-12.073,0.505,90.6465,intensity_manipulation,Low
29.598,26.857,-4.772,255.0,intensity_manipulation,High
7.653,4.778,-4.801,70.115,intensity_manipulation,Low
25.64250191511178,-55.51989552864776,-3.722,194.118,spoofing,Low
-41.896148387957915,29.697549753746053,4.797,240.432,spoofing,High
22.711,-19.485,2.506,50.419,intensity_manipulation,Low
-16.783127137463246,40.10348805045302,-3.046,211.051,spoofing,High
-4.620338086716382,-24.91195520540645,4.606,20.253,spoofing,Low
-13.973551024411895,22.912558238679782,1.555,5.175,spoofing,High
-30.591,11.839,2.554,255.0,intensity_manipulation,High
-56.765900007718116,25.924824961818246,-0.717,24.272,spoofing,Medium
-51.603258154424275,47.95597491804804,1.4737366703165504,190.793,jamming,Medium
-47.75,25.944,2.641,33.155,intensity_manipulation,Low
36.892785344576815,5.207613043361777,-2.62552679551995,232.373,jamming,Medium
9.105959403716255,-37.10376249525604,-4.257,129.894,spoofing,Low
-26.63919931514245,-12.148521343526443,1.6353564281051802,100.615,jamming,Medium
35.12336546567896,-11.984741627681931,5.712980336135944,227.374,jamming,High
34.260779736731024,-38.13474953228348,-2.22,227.409,spoofing,Low
-30.70867727914558,-12.572650640205604,-4.626,144.059,spoofing,High
-62.134618756258895,21.488339473920774,1.04,65.915,spoofing,High
-1.4015377211623874,-48.927094045001006,0.988808223090527,194.29,jamming,Low
-27.276,10.966,-4.376,186.294,intensity_manipulation,Medium
-16.925023187359244,7.979307374620655,-1.0939804496768446,69.687,jamming,High
-37.7126999263267,51.44906616933501,-2.653,32.993,spoofing,Medium
41.89111433586669,-10.980544766360474,7.40730360184747,105.224,jamming,Medium
-6.490494832205525,2.253810595771453,1.659,103.863,spoofing,Low
25.254,16.01,-2.252,255.0,intensity_manipulation,High
12.936524760872206,41.64157575264687,0.622,172.423,spoofing,Medium
2.12458150511599,15.40719771477945,-1.989,19.667,spoofing,Low
32.05514816885025,8.790946495061743,1.17,164.254,spoofing,Medium
39.799,39.191,-3.293,69.5755,intensity_manipulation,Low
-12.755497433899507,42.70949753768041,-1.848,129.575,spoofing,Low
-49.201222512660195,10.802266378402567,-3.058,234.211,spoofing,Low
-3.271385617193995,-10.552904210550771,4.860628660072852,36.583,jamming,Medium
8.916162298304268,25.454325898570882,-1.7108252972009763,138.597,jamming,High
41.773224032612966,21.66142858848277,-2.2395352240580597,126.955,jamming,High
-32.4673584865246,-42.39566667473069,-3.368,223.524,spoofing,Low
-4.786,-31.8,-4.758,162.456,intensity_manipulation,Medium
7.2889733382940864,6.6353206083991685,2.8592324413397128,167.196,jamming,Low
3.89,26.937,-2.127,255.0,intensity_manipulation,Medium
-22.974845258364738,41.524443754841705,-4.0632795819012175,162.451,jamming,Low
36.311079261933905,-50.88743854327495,-9.574697371152796,180.465,jamming,High
31.695,-5.49,1.581,255.0,intensity_manipulation,Medium
-30.19208854086012,-53.41108037743406,-2.520337333717535,4.851,jamming,Medium
-19.263559483607338,-12.607055914162755,0.5728962144264669,62.336,jamming,Medium
36.52179276738542,-6.2159970870163725,4.902291572322371,173.009,jamming,High
-22.754,12.81,-1.139,51.7155,intensity_manipulation,Low
-26.789,-17.072,4.896,255.0,intensity_manipulation,Medium
13.244466780115577,6.480005408993722,2.420360546766946,0.46,jamming,Low
-39.17479315726815,-41.63705560377305,-0.807,25.577,spoofing,Medium
36.649,38.806,-4.679,255.0,intensity_manipulation,High
27.391505957597115,-39.42735812526392,2.111,33.663,spoofing,Low
32.8775022911408,26.31612417642693,-6.61793129382314,114.059,jamming,Medium
-12.119,-0.977,-0.508,255.0,intensity_manipulation,Medium
37.217551062625176,0.8245570452347977,-3.664,155.534,spoofing,Medium
-31.06533323840274,24.31690350889736,-3.8770790609001686,59.324,jamming,Low
5.0394803864368,-23.37510957388448,-3.3257672868874795,223.109,jamming,High
42.73551897567847,-33.26923685722295,3.9203664649517513,221.12,jamming,Low
35.059,3.646,-3.237,255.0,intensity_manipulation,Medium
24.759249692410343,47.04266499239259,-2.884,185.534,spoofing,High
-28.158980607520217,10.010199277624707,-3.4989482345269147,157.662,jamming,Low
4.717404235148457,33.15536346047265,2.8807270135963754,88.049,jamming,Low
31.909,-3.562,-2.371,255.0,intensity_manipulation,High
-33.23615742415375,28.432056331843356,-6.740580858800675,81.288,jamming,High
2.588,-8.032,2.734,255.0,intensity_manipulation,High
25.261,34.552,4.315,95.1205,intensity_manipulation,Low
35.77982669251178,38.719740815136106,-3.581261339979283,103.361,jamming,Medium
39.262364737653016,26.836373651229643,4.9281486351691575,75.455,jamming,Medium
2.894,-34.307,-0.768,124.025,intensity_manipulation,High
15.023,-11.705,-1.527,255.0,intensity_manipulation,Medium
-49.47817520951887,21.430195625969574,-2.776,115.617,spoofing,Low
5.046,45.08,-2.884,212.702,intensity_manipulation,Medium
-23.609900600486775,13.332676927852656,4.806,48.119,spoofing,Medium
23.884576714422987,19.444385693558917,3.5086682424224334,19.625,jamming,Medium
8.540234107667656,-30.584353804645104,-4.403,185.984,spoofing,Low
8.199616536355105,38.334702969713554,5.641449894190695,210.229,jamming,Medium
21.991,2.352,0.432,1.898,intensity_manipulation,Medium
13.809184725294735,32.05771110335645,-2.101,3.801,spoofing,Medium
-41.034,-39.312,4.072,124.808,intensity_manipulation,Low
37.60608823390758,11.571147725088206,1.543,9.059,spoofing,Low
-12.649,18.292,2.237,255.0,intensity_manipulation,High
-39.253,-3.469,-3.439,255.0,intensity_manipulation,High
-9.490710857049612,-5.328666209754946,-1.071597905739156,120.71,jamming,Low
19.307,-43.418,-4.742,255.0,intensity_manipulation,Medium
11.416510452044577,-9.282185759181266,-1.4086714479217537,79.284,jamming,Medium
26.609,-13.648,0.463,218.29,intensity_manipulation,Medium
-49.421,5.545,1.343,37.576,intensity_manipulation,Low
42.071,24.887,-2.839,38.382,intensity_manipulation,Low
-29.942356698227247,-35.51678519409892,-7.834345511882962,191.013,jamming,High
34.842796986501114,-4.882521245384648,2.5371705376412486,127.815,jamming,Low
20.392690081756502,-30.212736506960688,-2.804,8.492,spoofing,Low
8.141,49.34,2.579,255.0,intensity_manipulation,Medium
29.036,24.042,-4.752,255.0,intensity_manipulation,Medium
-36.95580097286491,-46.80756011117826,12.134245219774995,233.425,jamming,High
13.948,-18.236,-4.197,6.99,intensity_manipulation,Medium
25.589,-30.091,-4.953,255.0,intensity_manipulation,High
8.614894499453658,51.00298133417632,-2.877,175.489,spoofing,High
-26.683495194466275,-12.441437041480377,-2.4379671683234667,30.534,jamming,High
-19.84,8.296,-0.507,255.0,intensity_manipulation,High
-4.938118225732371,6.328513342306849,-1.26,148.705,spoofing,High
44.297,-1.521,1.282,84.7365,intensity_manipulation,Low
13.005,-9.49,-3.588,255.0,intensity_manipulation,High
-26.814560113735233,-30.122671503684888,-1.7175828815141163,66.945,jamming,High
-30.82365115234895,-23.214317369209542,4.39,237.406,spoofing,Medium
-57.41551947967399,-61.04171029410219,2.678,198.31,spoofing,High
12.21340821034281,-31.988834570490873,4.502,209.872,spoofing,High
-53.642235830464934,65.48638197857977,-4.886,173.331,spoofing,High
18.23204954522302,-36.61256958489585,-4.766251253919773,42.671,jamming,Medium
-22.101286567548122,-7.101973449177655,2.216996830454526,234.533,jamming,Low
-22.05469505039317,-43.51070827443214,3.3988427405242185,130.153,jamming,Medium
-23.007,-8.636,1.926,255.0,intensity_manipulation,Medium
11.768,40.72,-0.503,255.0,intensity_manipulation,High
36.951,-11.919,0.515,255.0,intensity_manipulation,High
7.487299800309167,55.24246175223732,-0.157,130.652,spoofing,Medium
15.712,44.054,-4.749,255.0,intensity_manipulation,Medium
-31.49263361964453,-44.66455750432181,-4.627,169.057,spoofing,High
19.577081414068797,33.39308920732773,-2.399,233.213,spoofing,Medium
-30.414,42.751,-0.758,255.0,intensity_manipulation,Medium
-16.798098945442117,9.796610061253748,-4.455909300170756,55.708,jamming,Medium
45.569,-1.799,-3.249,255.0,intensity_manipulation,High
-33.137,22.043,2.612,255.0,intensity_manipulation,High
10.497,-19.085,4.052,255.0,intensity_manipulation,High
-30.654,-21.246,-0.688,255.0,intensity_manipulation,High
14.223481162653954,39.42592311312514,-3.039,8.159,spoofing,Medium
-29.1571859488974,26.08431098777649,-8.03685317429964,104.73,jamming,High
10.659936969739556,46.72505931257695,-2.051873668104825,204.034,jamming,Low
39.67441104366566,-32.634392036801984,1.041,1.231,spoofing,Low
-16.97560952325503,-4.687010805131351,-3.899,69.207,spoofing,Medium
27.973370196153247,28.34015616508571,-9.773424695396411,243.765,jamming,High
10.288948725076029,-7.150909648789071,0.968,14.682,spoofing,Low
29.41102997624619,-38.25453519978457,0.4547972440501429,151.418,jamming,High
-10.995156208225396,-12.17415553747579,-2.653,5.214,spoofing,Medium
-13.132,-10.035,3.001,29.212,intensity_manipulation,Low
0.755,44.447,2.315,32.967,intensity_manipulation,Low
-17.37,20.405,3.933,255.0,intensity_manipulation,High
-2.3621670930631846,25.09627554123614,4.499,55.108,spoofing,Medium
10.64268535537651,12.29741106227265,-2.073,144.438,spoofing,High
11.261,34.563,-2.75,121.736,intensity_manipulation,Low
3.8176078067077324,20.40467148065822,3.134667846253835,160.339,jamming,Medium
-13.81592467526306,-13.748535275771077,-4.447,195.816,spoofing,High
-23.92461172454598,37.49744523854093,-5.432855057817607,126.449,jamming,High
-1.7842817934046251,-25.95742447542666,2.036,250.955,spoofing,High
32.12567015538926,10.810681432910393,2.700701868746721,225.073,jamming,Low
-38.62650128945145,-43.090049351703826,-2.724842824484016,168.392,jamming,Medium
40.09977649741026,-51.33621689958526,3.478,171.35,spoofing,Medium
4.319,-36.379,0.857,255.0,intensity_manipulation,High
30.421,-21.511,-2.625,182.732,intensity_manipulation,Medium
2.1093965194664044,35.541778415102144,-1.993,174.715,spoofing,Medium
-24.95423592936082,-1.33670665727524,4.475830077395544,151.443,jamming,Medium
15.798373983099111,-35.507484498123254,-5.326534027547216,187.978,jamming,Medium
8.689,-48.183,3.27,255.0,intensity_manipulation,Medium
-27.5697333119292,-44.78995424827694,2.643,206.838,spoofing,Low
-9.824929769480375,18.983038056457275,4.246833080860049,163.37,jamming,Medium
-3.254,-29.126,-2.302,208.778,intensity_manipulation,Medium
-44.613,16.315,-1.449,19.1,intensity_manipulation,Low
18.745,-5.475,4.022,30.9265,intensity_manipulation,Low
57.358348573889366,37.358372830219544,-0.368,67.358,spoofing,Low
3.6717260740816258,17.041569974695896,-0.029834737101015474,11.604,jamming,High
42.52289975880876,-67.36116250705905,-0.862,145.003,spoofing,High
8.106,-24.741,-3.324,124.4095,intensity_manipulation,Low
-17.633780379648602,-29.06332378613799,-2.307574285248088,218.604,jamming,Low
42.508310763401084,48.15831003081203,-3.97,185.475,spoofing,Medium
30.258,34.736,-0.681,185.04000000000002,intensity_manipulation,High
35.42274885751149,26.908004088870058,-2.800543981201872,195.107,jamming,Medium
47.24768846614364,-20.475134752094455,-4.779,144.827,spoofing,High
30.608,17.76,-2.456,220.176,intensity_manipulation,Medium
42.99425982053461,21.25008793227224,-2.671,230.022,spoofing,Low
-34.03079389846718,-39.9133848660846,-1.4965398707689,125.761,jamming,Medium
-6.236226081946196,-3.7675981974348556,1.147,226.281,spoofing,High
-38.56377088636734,-4.083724544261051,-3.591,236.509,spoofing,Low
-20.83,33.375,3.701,74.3195,intensity_manipulation,Low
-34.883187962140354,15.205511435549123,-4.243,50.918,spoofing,High
-8.130798636706526,22.555998636547013,0.35668004428453526,15.111,jamming,Medium
34.463,-38.277,0.686,98.3125,intensity_manipulation,Low
-13.231,-45.817,-4.603,255.0,intensity_manipulation,Medium
-40.02088386529637,30.256082350272564,-3.040035256713634,107.112,jamming,Medium
-53.64164583418775,-38.14450369435281,-1.655,26.459,spoofing,Low
-43.65234029599189,-21.484506827217647,-0.9433118096061639,189.183,jamming,Medium
11.485,-8.347,-0.919,109.4795,intensity_manipulation,Low
25.124142470674986,-17.801664551241664,-0.17523408585007605,246.395,jamming,Medium
29.454162337563382,2.305705309435538,-2.454,201.428,spoofing,High
-29.662,18.361,1.62,255.0,intensity_manipulation,High
-25.04552074241326,-23.11546427844847,-3.001,87.776,spoofing,High
47.103,39.585,-2.999,182.334,intensity_manipulation,Medium
-20.29720647506692,-45.197041101763,4.413048778393151,37.986,jamming,High
10.158,-42.89,-2.365,255.0,intensity_manipulation,High
-26.75649830451202,20.430922564879804,-2.364759897242733,207.413,jamming,Low
-37.508,-34.615,0.651,104.238,intensity_manipulation,Medium
4.603156768427988,52.71262512752211,0.634,179.093,spoofing,High
53.18182643283873,-65.45717711921306,-4.312,94.113,spoofing,High
13.560394098377259,-26.144269545737778,-3.882,98.35,spoofing,High
-20.918219871122187,2.2316767351587465,3.807549791923535,115.315,jamming,High
43.268,21.76,-1.376,255.0,intensity_manipulation,Medium
36.938,-17.938,0.473,73.0435,intensity_manipulation,Low
-45.846,19.526,4.34,20.6795,intensity_manipulation,Low
-35.138975824334594,-14.730845453049891,3.457,22.094,spoofing,Low
-0.3929659769502019,-38.92797967399287,4.52,241.403,spoofing,Medium
-15.7043016590906,-38.688564283968645,2.4228061559689524,147.891,jamming,High
24.65771216733961,3.0458884871531824,4.638,15.378,spoofing,High
3.575,18.64,2.652,255.0,intensity_manipulation,Medium
8.800711150595474,-41.74485991649443,1.392544398545557,116.702,jamming,Medium
29.898,-43.092,-2.09,82.115,intensity_manipulation,Low
-14.455272988205746,-36.94449740866344,-2.898,67.355,spoofing,Low
-36.579503930332564,28.31944165454583,3.586,106.582,spoofing,High
53.28392559988253,-6.611020402249842,8.617378712811988,113.974,jamming,High
18.42726896898973,13.794424724403342,-5.008229012706222,123.281,jamming,Low
1.3562423596582693,-5.7737711287071525,1.3366553909500687,77.293,jamming,Medium
-25.1327055619453,2.906367999921077,-4.752,159.75,spoofing,Medium
-12.298043561764915,-8.294886069130627,0.9966657906207339,32.596,jamming,Low
-21.86449591636059,-42.345156103778116,-0.3849629371543308,70.599,jamming,Low
11.507835782446536,-5.138874336426604,1.795,151.81,spoofing,Low
-18.779720972682078,-13.152742848519914,0.548,82.438,spoofing,Low
-12.281646106456495,48.308820464988905,-4.377,186.115,spoofing,Medium
-22.974,-31.001,3.3,61.552,intensity_manipulation,Low
-12.200437481569203,35.64180865583539,2.639601618508825,93.743,jamming,Medium
48.959,-2.787,1.15,3.66,intensity_manipulation,Low
37.55170450519934,-32.662410481155305,1.555,253.841,spoofing,High
17.50526798861948,-17.268063574746154,-1.5342383013679828,123.981,jamming,Medium
-45.4148784687457,-27.811709050279944,2.100392438409535,156.983,jamming,Low
24.934277198047987,-15.812421642150404,-0.2106106461094781,129.412,jamming,Medium
24.828,46.433,-2.131,255.0,intensity_manipulation,High
-40.862,49.514,3.489,255.0,intensity_manipulation,Medium
49.248,17.091,-1.67,255.0,intensity_manipulation,Medium
-4.04485494968751,-42.4855757726738,1.669,165.625,spoofing,Medium
-38.998173093199526,-11.093272497651423,2.16,47.104,spoofing,High
6.547,-11.129,2.437,20.442,intensity_manipulation,Medium
31.877884620804554,-7.994560025489972,-1.2061655928116806,180.531,jamming,High
-46.705,21.981,2.823,65.044,intensity_manipulation,Medium
-21.268240572306407,3.4993944654133866,4.928,128.162,spoofing,Medium
45.26342467212383,-43.52095088000406,1.6747443218135627,51.29,jamming,Medium
6.936861584166939,7.378188239944739,0.016,24.392,spoofing,Low
-52.02825095608085,41.77287698165027,-4.152046747308193,224.691,jamming,Medium
-14.27471041251718,-15.252652343170002,-1.2942949231305705,50.709,jamming,Medium
34.80970381285945,-39.64909492230481,-4.275,94.419,spoofing,Low
38.82202758055738,-56.27431766421667,2.47,51.451,spoofing,High
6.935,-30.837,-1.241,102.98,intensity_manipulation,High
26.52190172527275,51.99321177333952,0.474,96.444,spoofing,Low
23.299,49.242,4.893,144.764,intensity_manipulation,Medium
-60.84452632500741,-61.5214098648908,6.82986004013514,112.215,jamming,High
-16.207107159540406,-15.797556093839425,-2.833,117.365,spoofing,Low
-45.66337275327571,-12.59052035099102,-0.697,140.287,spoofing,Medium
-31.844,-3.703,0.505,93.9915,intensity_manipulation,Low
27.154692540555953,-1.9566231845238993,-2.7457022633772405,45.961,jamming,Low
-3.5886855747707185,-14.836414161374408,-5.6439512926789215,27.585,jamming,Medium
-48.262753737819885,-41.13713528129266,-3.4802672542219026,181.192,jamming,High
36.318157353776925,-4.359538074014225,-11.22790012093662,11.372,jamming,High
-45.026,-20.685,-2.914,255.0,intensity_manipulation,High
-47.945,49.997,3.891,235.22,intensity_manipulation,Medium
23.33009392776247,-4.099564843735608,2.9659184298716377,82.264,jamming,High
6.225,-3.25,0.428,168.026,intensity_manipulation,Medium
22.435,20.739,-3.692,255.0,intensity_manipulation,High
37.83660262646639,-48.75036738735331,-0.1088558243129264,197.848,jamming,Medium
-36.23135869046504,-51.097439191218086,-2.6263998098646884,165.399,jamming,Medium
33.41803588247961,-20.491025551448267,2.406282716863353,216.55,jamming,Low
49.823390357934976,-5.082457171713475,-4.266,231.069,spoofing,Low
16.373,-24.429,4.357,167.988,intensity_manipulation,Medium
-9.444755099290788,17.796892688447116,-0.155689371242409,184.414,jamming,Medium
28.007782484926157,15.005044366970086,0.251,111.422,spoofing,Low
-3.0216900752829563,29.589464152373587,2.9176226466189985,124.646,jamming,Low
5.5438328285995295,-19.44776657332617,-0.336,175.246,spoofing,Low
-12.878850624995367,51.52700184728428,4.654,181.846,spoofing,Low
-47.82341677988772,19.20191373750198,1.868770981064908,176.241,jamming,Medium
22.349,-26.197,3.515,88.5585,intensity_manipulation,Low
-31.74487485031211,-37.79209809202469,-1.8166416680436994,127.046,jamming,Medium
-38.86560104585098,-10.648037926593814,-2.568,196.787,spoofing,High
26.639097356440264,-17.810839277616218,0.764,21.718,spoofing,Low
32.459,3.404,3.765,3.422,intensity_manipulation,Low
35.168264848981536,4.803288323421195,3.416,201.052,spoofing,Low
46.371507894241944,-14.843571189259944,4.732,230.886,spoofing,Low
46.268,37.342,-1.339,255.0,intensity_manipulation,Medium
-34.61609971152648,42.42581078503049,-3.618,28.495,spoofing,Medium
-11.184725853776202,38.07590791977647,-5.234241585203511,88.451,jamming,Medium
-55.616293117056856,19.39472457988469,2.587593751024674,13.21,jamming,Medium
-20.47054505709036,-58.465096125271934,-4.781,135.414,spoofing,High
31.862502918041567,36.65094606178165,-4.013985944738219,173.875,jamming,Low
-43.241812029628434,2.7308469371797575,4.791,108.979,spoofing,Low
53.68233954753912,-16.315935036351046,-1.512,1.14,spoofing,Medium
10.918957941632796,39.92940645997892,-10.010564361293891,12.56,jamming,Medium
-49.194,-34.581,-4.738,5.472,intensity_manipulation,Low
11.065,19.205,-3.708,230.97000000000003,intensity_manipulation,High
21.147,-42.545,4.48,31.4,intensity_manipulation,Medium
34.368,22.644,3.337,255.0,intensity_manipulation,Medium
34.684951237351086,-16.066938617058746,2.1,9.003,spoofing,Medium
-36.64430610515329,-39.7891131579068,0.447,222.547,spoofing,Medium
42.7398004724486,-26.281056418205026,3.61377089043378,193.771,jamming,Low
-12.770295784009518,-7.523028526963083,2.381515616538832,228.338,jamming,Low
-35.38947919938584,-43.385536726988654,2.344620956105085,171.88,jamming,Low
43.780404013743535,13.923173407356721,-0.349,152.302,spoofing,Medium
-38.992,-16.215,-3.273,171.79500000000002,intensity_manipulation,High
-41.192926777617394,42.76906453170386,4.748,101.891,spoofing,Medium
13.704861543301051,54.216690395988714,0.8175398239019376,68.852,jamming,Medium
49.18,20.324,-2.592,255.0,intensity_manipulation,High
39.025,-35.058,4.972,255.0,intensity_manipulation,High
38.602,-3.96,0.734,255.0,intensity_manipulation,Medium
23.647398093356692,57.95252405361281,3.952,211.171,spoofing,Medium
27.238945160283855,-49.89976800720289,0.9009751659325267,254.875,jamming,Low
-51.50650725727904,24.533525670924057,3.872,52.368,spoofing,High
-6.583081956595353,-30.721183044563872,-0.6127530751478787,191.409,jamming,Medium
-9.507426708831947,55.67994822792318,-4.519846653000677,17.502,jamming,Medium
-49.64972679188778,-16.935075573422807,-0.138,56.957,spoofing,High
-43.713,13.21,-3.739,255.0,intensity_manipulation,High
-6.432,11.376,-4.658,67.8985,intensity_manipulation,Low
-44.3388480158189,2.5527270387359278,-1.223238931760337,251.096,jamming,Low
-0.9438339663684339,42.2172721630416,-3.516673842192686,88.749,jamming,Medium
29.768328700773036,-29.881821334230118,-5.971621850844741,222.385,jamming,Medium
-48.657,14.591,-2.718,156.298,intensity_manipulation,Medium
58.61621051542653,-8.784419344287658,3.699,108.775,spoofing,High
-18.471,-35.499,-0.881,255.0,intensity_manipulation,Medium
-25.07494814007005,6.220600006875527,2.471,132.208,spoofing,Medium
45.994882587219095,-13.04391027806747,-4.327,78.176,spoofing,Low
-30.093,-41.436,-4.007,255.0,intensity_manipulation,High
-24.211,9.954,0.553,1.057,intensity_manipulation,Low
-20.772,-49.438,2.938,82.282,intensity_manipulation,Medium
48.261,4.426,-3.112,32.7045,intensity_manipulation,Low
23.617,-45.283,-2.67,14.435,intensity_manipulation,High
45.537,40.444,-1.515,145.83,intensity_manipulation,High
5.746037672962817,-27.265785538587398,3.307433554140017,171.97,jamming,Low
12.582,32.056,-1.519,255.0,intensity_manipulation,Medium
-21.863559347424143,-34.334767763766905,-3.698673843061015,46.834,jamming,Medium
-41.01535698733075,23.820621685213517,-2.6649602782648114,120.691,jamming,Medium
21.997,-38.115,-2.777,255.0,intensity_manipulation,High
30.47,-30.564,2.38,255.0,intensity_manipulation,Medium
21.411413351698883,50.828644098776934,-3.396,104.77,spoofing,Low
-15.418,47.362,2.222,255.0,intensity_manipulation,High
24.43731608696975,42.19078251230486,3.059833803552181,122.876,jamming,Low
33.61757816920908,32.975647774313195,0.326,41.736,spoofing,High
-32.55238081718615,-42.596909375124504,-1.399,132.828,spoofing,Low
26.273,-22.185,2.421,255.0,intensity_manipulation,Medium
3.391,21.755,4.879,255.0,intensity_manipulation,High
-21.14363899284507,36.65127659393527,2.863,101.451,spoofing,Medium
-19.425,-24.665,-1.801,255.0,intensity_manipulation,Medium
27.372,41.801,4.909,255.0,intensity_manipulation,High
2.0606082603311844,26.348473191821608,-4.541,180.476,spoofing,Low
39.28680795420701,32.88611774462445,4.136,162.593,spoofing,Low
-24.061494604734275,-12.077279972323737,7.293300098556804,84.949,jamming,Medium
36.03227518435083,-3.3912166897484988,-1.69,170.58,spoofing,Low
21.356,-2.986,-0.664,13.468,intensity_manipulation,Medium
-2.805721983232143,9.289389488477521,2.106,174.603,spoofing,Low
-45.80408624705281,-19.95779195650894,2.5537193146745256,12.65,jamming,High
-3.881,-29.276,-4.856,108.535,intensity_manipulation,High
7.3107790103044055,-3.6036077741172834,-4.0075270124127105,158.17,jamming,High
-20.682812019435346,19.376406963759646,4.143383460934937,27.86,jamming,Medium
20.82447462685296,-25.679684222824346,-1.1896209900713222,137.513,jamming,High
-9.653,-35.971,-0.088,246.034,intensity_manipulation,Medium
-28.717,-10.829,-4.148,255.0,intensity_manipulation,Medium
-22.941469025372257,-37.42410078421738,-0.432,165.68,spoofing,Low
3.751,-27.559,1.272,205.804,intensity_manipulation,Medium
-39.8178861683202,29.174394498017637,1.7266775289841894,209.607,jamming,Medium
54.74789686967074,-24.521268488203788,-0.9289404891339919,121.085,jamming,High
15.24504441398384,-52.3881383458656,1.629,27.618,spoofing,Low
16.490277619069452,13.348948281645896,1.23,192.738,spoofing,Medium
-36.77457618301827,-34.13336995666715,6.3863010325837255,12.426,jamming,High
-6.469,-3.543,-1.537,255.0,intensity_manipulation,Medium
-17.805,-31.82,-2.886,34.61,intensity_manipulation,Medium
-47.936,6.133,1.404,5.444,intensity_manipulation,Low
-2.890159774704948,25.824802740440262,2.905,244.68,spoofing,Low
-16.758961139701295,-13.594275100253624,2.411766798820243,208.247,jamming,Low
62.046082783913945,25.604416118728643,-3.948,124.716,spoofing,High
45.07847728824003,-5.494629443445463,2.094,195.042,spoofing,Low
18.279021089053288,47.89786871304493,-0.128,177.555,spoofing,Low
5.4900088358700145,2.348041171457979,-2.698,54.501,spoofing,Low
43.586327930808196,19.318619517724645,-3.445,143.952,spoofing,High
-44.209,31.724,4.959,69.994,intensity_manipulation,Low
5.006250796282451,42.99689984015665,-0.362,23.156,spoofing,Low
-6.658699521381552,51.35258066063317,-3.301,99.951,spoofing,Medium
-44.63016549899715,8.678481638236645,0.987,203.922,spoofing,Medium
-32.262,-40.915,-1.014,255.0,intensity_manipulation,Medium
-39.369,7.303,-0.867,255.0,intensity_manipulation,Medium
-6.0578783815442225,37.52566541583278,2.211,76.706,spoofing,Medium
2.5419314331897063,53.9607743166936,-6.014932749809354,87.273,jamming,Medium
-27.124501081844286,50.39964849713009,-0.08212925637993873,28.335,jamming,Medium
-56.60426254048477,-39.97981621561621,-4.507,213.666,spoofing,Medium
-17.79294993765248,12.283451313771467,-4.854566555920157,196.207,jamming,Medium
-23.295480219525842,34.97941653461841,1.248,253.783,spoofing,Medium
-2.2227989198674205,27.745686053988926,-2.873166573993964,233.881,jamming,High
-46.618591878778986,31.459604011032365,2.2833365779130017,41.295,jamming,Medium
-35.06022695229753,6.874170967384688,3.576,13.817,spoofing,Medium
30.27997787739771,-45.6141478613102,-3.242,65.919,spoofing,Low
21.413231509941472,-48.43861454653337,-4.096,151.951,spoofing,High
-2.854002937818535,4.8758699947979345,1.093,8.879,spoofing,High
-18.994,-16.727,-1.386,255.0,intensity_manipulation,High
-23.260680956724308,41.76713958167983,-1.909,225.344,spoofing,High
6.371,32.141,-2.564,61.754,intensity_manipulation,Low
-9.0403520840649,-7.384460482024947,10.739784434218562,102.287,jamming,High
-12.67283740495238,-33.32830316149247,-0.131,136.355,spoofing,Low
-11.182751579691459,11.701952054459838,4.747,198.512,spoofing,Low
-61.46524858969097,13.490487460399478,4.05,41.654,spoofing,Medium
2.8006948299359693,-39.72956800491282,0.782,14.31,spoofing,High
-5.775180844370034,0.17777924891821506,-4.266518472591301,248.941,jamming,High
-21.884,-25.03,3.704,152.968,intensity_manipulation,Medium
-11.544,-41.739,-0.744,255.0,intensity_manipulation,Medium
28.38540508908586,5.6593938991411505,-1.209927932582799,210.64,jamming,Medium
69.05837830641187,1.715594951456339,-4.276,149.561,spoofing,Medium
28.600353257481714,-15.196605406579268,3.497,26.321,spoofing,Medium
31.97511986333216,-29.35966112394592,-1.1817000689711747,78.73,jamming,High
-23.744,27.713,4.132,81.545,intensity_manipulation,Low
-25.77222650480497,49.17601324724532,1.4748465815377045,114.358,jamming,Low
1.0423258723172584,-14.041120742329102,1.8727420589021948,94.336,jamming,Medium
-17.772,36.618,4.219,111.095,intensity_manipulation,High
36.89173859576036,15.219048671706734,-1.9316466006103967,32.866,jamming,Medium
44.26749144037126,33.55983431575397,1.5775985152838763,27.309,jamming,Low
-56.595081350874054,0.5793833859667963,-2.707,117.838,spoofing,Medium
-26.33202025354667,8.041344127388301,-4.678,22.299,spoofing,Low
-35.855938330070785,40.835899921870784,2.761713206226222,162.102,jamming,Medium
26.19556282333261,0.9187178061537626,-3.1229001329623354,124.812,jamming,Low
35.670853692289455,44.20931246896544,-1.1203483165587267,47.631,jamming,Low
63.28421377525458,42.65820287875824,-0.655,15.441,spoofing,High
-56.35349975061611,22.96303179480252,-1.978,103.843,spoofing,High
5.098564153368466,-5.272840070447085,-3.732,125.568,spoofing,Medium
41.715,33.052,1.835,250.734,intensity_manipulation,Medium
-41.633013712862095,-3.832805837181085,-4.025,35.985,spoofing,Low
23.634,-38.74,2.276,121.611,intensity_manipulation,Low
-2.231,45.043,-0.865,41.7555,intensity_manipulation,Low
13.436407169695492,-0.38884766188433817,2.870604788079439,18.589,jamming,High
-38.956,-31.166,4.537,16.8695,intensity_manipulation,Low
3.298991870152806,4.82254423546917,-6.654709974425719,235.392,jamming,High
55.840349059269556,-47.302590921306226,-2.4090011507379274,66.983,jamming,Medium
27.548,-9.209,1.166,255.0,intensity_manipulation,Medium
-33.85659056480216,-44.78790286425671,-3.335,124.684,spoofing,Low
18.139263169810533,1.4072559310126032,0.955,127.145,spoofing,High
-22.695968054496824,-27.463546166333984,8.084783155325463,31.424,jamming,Medium
-33.984,-23.18,-4.602,255.0,intensity_manipulation,High
-30.181,-22.559,-0.143,114.9205,intensity_manipulation,Low
6.399292247076829,-37.26252909469345,-2.106,132.863,spoofing,High
14.899,-36.666,2.878,255.0,intensity_manipulation,High
44.846,10.322,4.997,106.576,intensity_manipulation,Medium
-40.872,-42.829,-0.537,255.0,intensity_manipulation,High
40.35521599839704,29.306378297502043,-3.736714671984952,34.694,jamming,Low
28.508561477793346,5.9403137955888425,7.608984253116455,5.97,jamming,Medium
-45.205,42.049,2.125,15.25,intensity_manipulation,Medium
30.302393531801357,-22.808986370922884,2.860573040733975,78.845,jamming,Low
15.32753950391725,21.248241022167406,0.4895524946745231,7.485,jamming,Low
0.5784456706330543,10.333716292010875,4.788,233.205,spoofing,High
28.13040386329486,35.74150129868272,-2.081,70.573,spoofing,Medium
29.265,24.912,2.561,255.0,intensity_manipulation,Medium
-23.44220484582708,-25.03671092279435,2.066684554336907,86.119,jamming,Low
43.64188485966488,-7.204535999736051,14.749864976288727,194.733,jamming,High
-37.15,30.223,4.212,255.0,intensity_manipulation,High
35.583,-15.625,4.724,186.986,intensity_manipulation,Medium
20.814314447523973,20.476879502477452,-0.8596601421965968,225.468,jamming,Medium
-25.803033986832055,2.7691723925496206,-1.645,93.46,spoofing,High
-43.808,-36.798,-0.727,255.0,intensity_manipulation,Medium
69.7427369707101,21.788377242535752,-3.837,158.189,spoofing,High
34.082463441067,-36.986588485543464,-0.24567690379253126,107.419,jamming,Medium
-1.477,-37.488,2.434,120.992,intensity_manipulation,Low
-10.827,32.437,2.58,102.136,intensity_manipulation,Low
47.883,18.344,-4.351,151.454,intensity_manipulation,Medium
-31.468294680319907,19.617595385728528,0.667,2.967,spoofing,Medium
-28.232,16.205,-3.428,255.0,intensity_manipulation,Medium
2.943,-26.347,1.361,253.05499999999998,intensity_manipulation,High
-48.788,13.679,-2.447,68.1845,intensity_manipulation,Low
-30.141703134894883,-3.7799424901188114,-1.0939261689657653,217.735,jamming,Low
-1.134,17.923,-1.499,255.0,intensity_manipulation,Medium
-30.147079793459184,-31.684145306480353,4.337611860778594,88.513,jamming,Medium
-57.571289275669,43.44837982190119,-2.14,251.523,spoofing,High
-39.9371467152007,-5.21497028628076,1.935,85.218,spoofing,High
30.852365153371018,21.966464086809015,2.5799241291413186,119.278,jamming,Medium
-1.221,-31.063,4.068,120.29,intensity_manipulation,Low
-3.459791909361982,-4.6295918385915655,4.844,96.619,spoofing,High
27.838,-46.54,-1.12,255.0,intensity_manipulation,High
31.10917692575552,0.11521001745469306,4.203,27.833,spoofing,High
-51.23323859190994,-48.6443059677645,-4.518554107953231,216.444,jamming,Medium
9.825728651624356,4.102891780541554,-1.944,24.962,spoofing,Medium
-3.460185804964125,5.700071094241595,-1.4117268386963757,172.621,jamming,Low
30.112,-41.174,-0.181,139.132,intensity_manipulation,Medium
-23.60151880095664,-13.016851326575079,-0.00333003820840605,92.483,jamming,Low
16.451,31.504,0.291,239.345,intensity_manipulation,High
24.31054915328786,44.45026898996284,4.811,207.414,spoofing,Low
29.783377560392807,-16.809871088344764,1.398,8.308,spoofing,Low
17.471505470853252,28.199825791507735,1.565,80.99,spoofing,High
10.305267175156379,10.231933184601914,4.6126895634384635,239.001,jamming,High
-41.28843179855218,7.3756167891904525,-4.140062645054415,237.036,jamming,Medium
24.788,-14.923,-0.755,115.654,intensity_manipulation,Medium
30.201,-7.456,-4.943,236.578,intensity_manipulation,Medium
-27.098,-19.553,-1.503,255.0,intensity_manipulation,Medium
-2.6288440455939917,33.91299965198437,-3.214,12.238,spoofing,High
42.095,-12.588,-0.866,62.356,intensity_manipulation,Medium
19.298,-13.187,-2.38,43.059,intensity_manipulation,Low
-56.22621413425016,50.813461279316684,1.163,239.645,spoofing,Low
43.0013505027505,-43.74963376493739,0.8072357188797394,237.82,jamming,Medium
-37.252,3.004,4.108,133.58,intensity_manipulation,High
2.989,7.721,-0.088,255.0,intensity_manipulation,Medium
-53.023061531834735,42.930834732695104,-7.859150277259843,111.124,jamming,Medium
-12.948662625706795,38.879882195025296,-2.232,122.743,spoofing,High
23.264137461115318,-35.78985257104428,3.6417223836629162,148.722,jamming,Low
-42.42489900880952,-48.266005299699074,4.247,34.68,spoofing,Low
-30.894460958611962,-37.0647877592954,-2.566,11.525,spoofing,Low
-5.185995869588113,-10.129013263944035,-1.7654432924730243,226.003,jamming,Medium
-5.187905621268578,7.585539372806137,3.0534793380326124,107.136,jamming,High
-19.489821806533612,1.769825960189531,-3.507,151.025,spoofing,Low
-30.83,-1.169,1.115,255.0,intensity_manipulation,Medium
-51.61220983022608,28.412225333013573,-3.709,27.356,spoofing,Low
39.598,-0.421,-3.589,255.0,intensity_manipulation,High
3.645378282120477,-4.429456737895929,-3.79,221.652,spoofing,Medium
27.74979084388029,-27.009528266718743,4.925737291567951,146.81,jamming,Medium
-64.94545198267738,-18.048915314662604,1.859697149589279,125.818,jamming,High
42.687,4.354,3.214,188.954,intensity_manipulation,Medium
-23.41323815053606,-19.94341462242977,2.589,169.193,spoofing,Low
45.281,35.08,-0.489,255.0,intensity_manipulation,High
-31.62901472641566,33.4654270667805,3.569,142.47,spoofing,Low
40.89693847453235,16.8916615771952,-3.397,232.723,spoofing,Low
35.606,38.271,2.307,12.211,intensity_manipulation,Low
-40.841,-23.905,-1.545,255.0,intensity_manipulation,High
-7.3980322492202575,-17.919582706654264,0.447,207.4,spoofing,High
-52.57151092078429,17.696197549791435,3.906,74.293,spoofing,Low
-24.519,-20.888,-1.258,254.34,intensity_manipulation,High
10.243806240896713,-2.0748721122377844,-0.2238029557012502,75.493,jamming,High
-6.63,-5.068,-0.183,41.22,intensity_manipulation,Low
-4.316,-16.563,-1.053,26.3695,intensity_manipulation,Low
36.206814432519145,-20.18872494251814,-6.09208751724185,186.631,jamming,High
-46.44366040977932,47.10583992763637,2.320669879761778,64.234,jamming,Low
21.577,-36.612,-0.9,123.8905,intensity_manipulation,Low
13.93939948521577,22.74095185193822,-3.735,5.145,spoofing,High
-9.910302679097251,25.236210411879824,-3.357,23.412,spoofing,Low
-31.715941448000358,-15.809879393551869,3.844,130.764,spoofing,High
-44.748,-19.692,1.973,255.0,intensity_manipulation,High
12.60950214873538,18.09208341726089,-7.1054935945947655,233.563,jamming,High
34.48869119507601,-18.615770536952944,-4.903229128014747,35.743,jamming,Medium
-37.600081175461625,46.08249405007188,0.244,22.55,spoofing,High
1.335,-36.688,3.003,8.95,intensity_manipulation,Medium
49.1418357620415,-18.012415947375203,3.424,27.393,spoofing,Low
41.59009126560179,-2.652832917245629,0.6101998332302135,232.789,jamming,Low
-30.761247649451086,14.639443089074522,-4.886,163.351,spoofing,Low
8.466582436516486,-1.422137876167628,-3.5609867722892656,20.814,jamming,Medium
1.442,-27.25,-0.869,180.815,intensity_manipulation,High
37.09982300886538,-18.898899072851126,0.5720102756350198,67.996,jamming,High
-10.126001405010358,47.1084831322934,-2.737,210.136,spoofing,Low
19.15738410369224,-36.08441176544795,2.2228518556009784,76.594,jamming,Medium
-21.505378643049454,-58.582087058420875,-2.646,192.99,spoofing,High
-35.032693857496255,-8.784255893894414,1.315,221.897,spoofing,Medium
12.337097365196229,-0.94351141457377,6.330129790659781,42.122,jamming,Medium
14.063,-45.688,1.567,58.27,intensity_manipulation,Low
1.234236959581052,-11.752531543989441,-1.759,123.713,spoofing,Low
12.698500870460128,44.0598516451767,1.9507612703089663,2.733,jamming,Low
-2.453,37.046,0.332,38.091,intensity_manipulation,Low
2.705,29.921,-1.336,24.637,intensity_manipulation,Low
-32.801,-19.263,-1.164,62.0315,intensity_manipulation,Low
25.668,-22.27,3.691,114.7315,intensity_manipulation,Low
-38.673,-31.334,3.164,255.0,intensity_manipulation,High
43.693316974316964,-11.561196805512239,-1.517,81.961,spoofing,High
-22.233077443519896,0.10537263192138191,-3.740065124056019,10.586,jamming,Low
-46.44811568505402,42.10464018511925,-3.524,16.287,spoofing,Low
46.427,-13.773,-1.147,98.403,intensity_manipulation,Low
-13.904471379187079,-33.38474505004951,-4.776774012182102,218.23,jamming,High
-0.717,47.911,2.918,255.0,intensity_manipulation,High
-48.827893251847804,25.81803945533821,3.9647524275608603,97.975,jamming,Low
22.151684967838122,-15.474991602173144,2.209,250.385,spoofing,Low
-12.952513484434057,-51.95975683958279,-3.026356642029536,89.195,jamming,Medium
-48.465808739372264,-3.8427865987784693,-2.2608321019638526,119.885,jamming,Medium
-12.215,-0.524,1.15,255.0,intensity_manipulation,High
40.00111908646731,-43.797407714720464,0.6479240049305005,25.156,jamming,Low
36.867,47.156,0.24,109.23,intensity_manipulation,Medium
49.923,17.272,-2.358,45.526,intensity_manipulation,Low
21.701622888284387,42.124779263538514,0.079,173.731,spoofing,Low
20.754421006891505,42.71611310597175,-4.71,154.569,spoofing,Medium
-42.02741832135525,15.804265442871666,3.3467464427159723,121.081,jamming,Low
-20.398,-0.035,-0.505,255.0,intensity_manipulation,Medium
-30.934,27.133,-0.076,255.0,intensity_manipulation,High
-28.729,-9.371,3.997,1.8199999999999998,intensity_manipulation,High
-20.189051812710467,-1.9942891909156275,-1.134,211.034,spoofing,High
-17.708,28.294,1.558,255.0,intensity_manipulation,High
-12.631,43.62,-3.643,255.0,intensity_manipulation,High
48.45254773595049,2.5333304620941743,3.3559159613964127,253.916,jamming,Low
41.78179589447012,2.576839331164834,5.986989964768854,88.347,jamming,Medium
14.456946503591993,-2.4563434261314576,-2.6439868158954063,247.764,jamming,Low
-1.520902361033536,-7.428572113076364,-10.807292043626008,74.977,jamming,High
0.03956325430241492,-26.84259519831793,-1.163,178.639,spoofing,Medium
9.52339900329693,8.945457174370754,-0.353,55.776,spoofing,Medium
-12.678,47.8,-3.716,216.432,intensity_manipulation,Medium
22.6965330008806,-39.11559403937272,0.0524971978109805,94.429,jamming,High
-2.754,-3.496,-3.953,255.0,intensity_manipulation,High
22.008,-16.47,-3.938,10.0635,intensity_manipulation,Low
10.283332535820088,-51.08836350623452,0.681,32.853,spoofing,Medium
-21.392725145732697,47.6557762876206,-4.2076184288565015,243.399,jamming,High
-48.015,21.2,-2.476,130.234,intensity_manipulation,Medium
3.828118814979487,-15.184155295843697,1.063,180.113,spoofing,High
-40.951,8.128,-0.718,23.446,intensity_manipulation,Medium
-18.70318475053965,16.937114929923784,2.8080466280318324,45.071,jamming,Medium
-59.38119609152428,-40.13107424102709,-0.5951784735468297,62.449,jamming,Medium
-69.31202790072588,30.603728743272086,0.329,16.563,spoofing,High
13.821,27.536,3.552,82.1325,intensity_manipulation,Low
55.55703993156396,7.8595722573992255,3.729,22.529,spoofing,High
20.079,-39.826,4.193,255.0,intensity_manipulation,Medium
-39.987,-48.043,1.103,81.1795,intensity_manipulation,Low
19.48650277776461,22.40224333352765,5.198562237511743,104.434,jamming,Low
40.1529381390542,-41.7173619351037,-2.4471919004722262,17.838,jamming,Medium
42.357,14.17,-0.552,255.0,intensity_manipulation,High
72.4670805931439,-28.651563832958573,3.809,84.868,spoofing,High
6.0860865144471745,-46.07058275867417,-3.0870569416123663,118.885,jamming,Medium
-29.756036603126873,25.496836707939757,-5.620078087345519,240.416,jamming,Medium
32.8196916198616,53.69379207719716,-4.087,33.169,spoofing,High
25.323,-13.961,2.026,104.019,intensity_manipulation,Low
-48.692965817647845,-16.704137752705897,2.1491027695451894,17.674,jamming,Medium
-11.212,-28.847,3.621,92.496,intensity_manipulation,Low
4.85763735399899,27.289057698834007,3.4650134913972868,72.717,jamming,Medium
-46.59903560204512,-46.39101284902227,3.916976539597122,33.846,jamming,Low
23.600134817377626,-29.770958510171535,5.858277778424963,219.048,jamming,High
47.924,18.754,-4.27,255.0,intensity_manipulation,High
-9.46091753354542,31.225007158895423,8.053781740348652,117.268,jamming,Medium
19.351574573361678,-14.427797800774604,-3.1942577448949905,6.303,jamming,Low
39.92461361339747,30.057550807773517,2.803,73.42,spoofing,Low
-29.603572436454883,27.621526779621963,4.720718579738353,162.783,jamming,Low
-18.743721029508336,-53.211350245185386,0.867,129.392,spoofing,High
-1.302593189978011,-2.6567299887046754,-3.0769592845956995,248.126,jamming,Medium
-0.23617260613854008,49.8781698018135,9.429795428020467,176.584,jamming,High
-27.36333331455506,-3.5223062694672578,1.815,142.811,spoofing,High
41.539,48.084,-4.806,255.0,intensity_manipulation,Medium
36.539143998387324,-10.584178994686836,-3.725,150.491,spoofing,Low
39.92296276128228,4.6777023319303765,1.679,82.97,spoofing,High
-11.266,1.686,4.671,255.0,intensity_manipulation,High
-6.737509983151664,55.185997585522486,-0.286,14.382,spoofing,High
-17.56447004836082,2.4344397895386476,0.197,63.009,spoofing,Medium
-5.062797868210005,26.016426515274624,0.922,129.706,spoofing,Medium
10.64955281162279,25.64757557720818,-6.048013865362756,101.837,jamming,Medium
-61.16839878002885,-11.13820079865797,-3.741,221.902,spoofing,High
21.628,2.39,3.69,34.452,intensity_manipulation,Medium
51.77268900801364,-30.822725910514215,-3.248,156.847,spoofing,High
19.074224650303794,8.719085937464428,-5.204228892806595,48.223,jamming,Medium
21.774,46.331,1.28,255.0,intensity_manipulation,High
8.32395886136843,-35.29343353566178,-4.571,162.633,spoofing,Medium
13.40309631990705,-38.85692586481185,-4.943,70.37,spoofing,High
-12.814,29.456,2.732,94.3765,intensity_manipulation,Low
-20.556405016107878,1.7536177415542866,1.026,53.597,spoofing,High
5.426685819900933,30.560189302979282,1.973,107.403,spoofing,Low
-26.737658651748283,-27.66930458232707,-8.462855641227753,108.728,jamming,Medium
-9.288101049901254,45.00868921901801,-1.8047850166766808,220.608,jamming,Medium
-34.205732237103994,-7.751855864323632,4.845,126.2,spoofing,Medium
0.7762987972473443,-5.432194523523744,-2.852,97.371,spoofing,High
-31.390589993237096,8.42823557794458,4.005024438534216,220.455,jamming,Low
35.878,-47.296,-1.581,255.0,intensity_manipulation,High
1.1919339187290583,9.711363066600686,-0.5692616832947418,137.133,jamming,Medium
-48.8038735022635,46.99090958360535,-4.327,151.39,spoofing,Medium
-23.43295242459557,48.91575034298678,-0.3807592367879138,127.759,jamming,Medium
-5.926738081798614,-46.41023532248555,-3.866246790155971,223.72,jamming,Low
-17.492729942928598,19.984421183279572,4.952,6.397,spoofing,High
22.341,-7.9,-1.787,63.505,intensity_manipulation,Low
-9.390995995338203,-39.458163006175404,-0.627,177.515,spoofing,Medium
36.815,-33.552,2.909,194.5,intensity_manipulation,High
37.429594270304754,19.332228144849147,-3.2582775206968346,45.319,jamming,Low
13.079296502975307,26.355308548427118,2.336514161034592,15.553,jamming,Medium
-6.087502659960256,6.905033130407116,-3.939,82.26,spoofing,Medium
20.04757880615874,23.543395189020835,4.393,169.479,spoofing,High
21.15632107791366,26.082199778064624,-2.851,185.016,spoofing,Medium
27.717,4.913,-3.652,122.611,intensity_manipulation,Low
15.941060146591091,13.734920821694336,-3.965,14.879,spoofing,High
-1.707497176939019,-31.42094121282404,-7.713011753919789,229.914,jamming,High
13.493,41.069,2.101,255.0,intensity_manipulation,High
-30.892996163036212,-24.59692209642009,-4.172,98.669,spoofing,Medium
43.495,45.658,-1.519,124.3665,intensity_manipulation,Low
28.724,-4.537,2.202,140.126,intensity_manipulation,Medium
20.462,27.882,-0.586,255.0,intensity_manipulation,High
-56.9414564945622,-18.01158272693468,6.219838788911647,228.376,jamming,High
46.616,-24.495,-1.025,91.2505,intensity_manipulation,Low
47.85927888230669,42.99939674584682,-2.046,234.762,spoofing,High
42.62814861213266,19.35914216804221,-0.77,59.242,spoofing,Low
-43.02065032944825,0.09911296675809939,-1.468,205.922,spoofing,Medium
38.21,-39.251,1.547,255.0,intensity_manipulation,High
15.401852858891367,9.37566539659182,9.59179106000052,27.03,jamming,High
-49.753559709146614,3.781686158780662,4.645,139.154,spoofing,Medium
23.42589219720012,8.009188111663757,-2.254133858251191,41.729,jamming,Medium
42.421,9.428,4.918,255.0,intensity_manipulation,High
-8.523079921044568,49.131536571518886,1.4969650514492292,148.035,jamming,High
17.311,-33.576,-3.818,255.0,intensity_manipulation,Medium
21.937,38.053,2.894,189.518,intensity_manipulation,Medium
-16.60959765171217,-58.86198617449283,3.172,67.947,spoofing,Medium
10.741778976222252,45.49958485845763,-2.7251727309681435,23.647,jamming,Low
-31.156223595982926,-12.052004430102784,-4.404772452451791,48.785,jamming,Low
-21.147746715918274,-9.265380977102472,-4.821,41.274,spoofing,High
28.077223517340535,30.398562151499306,-4.455,84.823,spoofing,Medium
43.015376716647495,35.915584608726725,8.488700956918311,227.645,jamming,High
23.462054357356013,17.339938166165684,-3.477,140.166,spoofing,Low
-13.482201856967151,-32.193709460704895,1.44,83.399,spoofing,Low
-31.997,-5.176,-3.364,255.0,intensity_manipulation,High
-15.075,4.189,-4.084,13.8995,intensity_manipulation,Low
6.67,20.047,2.953,112.753,intensity_manipulation,Low
-27.076,27.873,2.341,121.718,intensity_manipulation,Medium
41.28249284101719,32.62234553377674,4.471,218.861,spoofing,Medium
-4.4475971487359995,-39.006540176912594,-0.42,216.94,spoofing,Low
-15.125358925686697,-30.918680102764693,1.5944376000305631,158.762,jamming,Medium
35.20018559304084,-14.554135613172445,-2.5030249816012833,79.779,jamming,Low
-30.623698832157373,44.288954343675,1.7046058923177387,83.126,jamming,Low
-6.384181373717777,-13.415511871934944,-0.472,58.985,spoofing,Medium
35.17250210573723,24.549093270446054,-0.6287093275478168,106.003,jamming,Medium
27.538495114353434,-38.50011850402028,-2.063,56.905,spoofing,High
-17.924490553773488,-23.06183220652511,-3.7404740749111696,201.816,jamming,Low
-3.044,37.255,2.853,255.0,intensity_manipulation,High
29.301430140898262,-22.989423490171028,4.247,167.48,spoofing,Low
12.22401512834785,41.89457326263394,-7.385150965520228,183.087,jamming,Medium
50.58318815097731,45.27892236801804,6.214478658950698,139.491,jamming,High
-3.338,-22.555,0.717,30.964999999999996,intensity_manipulation,High
42.469923569662015,27.346811286791944,-1.8774596637451673,187.551,jamming,Low
-0.960008136054121,18.91961383875612,-4.108,81.379,spoofing,High
-44.365239858020004,7.400843074222026,4.995,200.274,spoofing,High
-15.756,12.62,-0.065,1.066,intensity_manipulation,Medium
4.701,34.433,-0.332,12.2,intensity_manipulation,Medium
-24.351,-28.614,2.305,102.3425,intensity_manipulation,Low
32.67022142167301,-10.978103141244912,-1.418,63.645,spoofing,Low
8.864795295086896,-49.928464220067326,1.055,139.253,spoofing,Low
40.69136891250935,-14.0742274840735,-1.779068978289701,104.138,jamming,Medium
-27.415062819271142,-29.089017940064217,2.436,24.044,spoofing,High
-47.168,-13.907,-0.111,35.385,intensity_manipulation,High
5.0564882002563625,9.550358736419797,9.911445613021703,217.244,jamming,High
10.553794627521475,46.80386423456007,-2.423,1.615,spoofing,Low
-8.622855888517535,13.169549558185798,0.261665764395127,183.343,jamming,Medium
35.069218869666784,41.3423533726265,-3.420051295424395,104.768,jamming,Medium
11.756793823743866,-22.37948002993938,-4.289429760229773,254.628,jamming,High
-44.616,29.294,4.886,67.663,intensity_manipulation,Low
9.549311928452388,33.344822153624584,4.037491372932761,146.111,jamming,High
-32.902125145003126,32.00570108468356,-0.18778230594130235,178.262,jamming,Low
-13.311,-38.411,1.56,58.1755,intensity_manipulation,Low
-22.321,2.064,-1.825,90.462,intensity_manipulation,Low
6.661,45.908,-4.196,255.0,intensity_manipulation,High
67.04699125107744,41.64342059153598,3.187805521216454,32.944,jamming,High
-46.276405650814596,-29.42644488139353,5.169637370069533,230.507,jamming,Medium
44.367,20.251,2.813,111.2865,intensity_manipulation,Low
-4.428459151211324,-9.620102760506892,-3.883,232.669,spoofing,Low
-46.56198498144333,32.290830723604714,-3.171,57.969,spoofing,Low
57.607433562738585,-20.12947578173278,-3.2631629504920836,104.588,jamming,Medium
25.195353336514916,12.15497804624399,2.781611447728901,133.121,jamming,Medium
45.875,-40.968,3.816,45.9415,intensity_manipulation,Low
-8.461,-43.99,4.227,115.865,intensity_manipulation,Low
-18.648,42.427,-4.602,209.374,intensity_manipulation,Medium
33.709304246111536,1.923906505656289,-2.1726854837500102,202.782,jamming,High
-11.383392441081863,-6.9786018883052146,-2.32,166.696,spoofing,Medium
6.400530947897964,37.72088027249087,4.993047520672919,110.349,jamming,Medium
29.297,13.549,1.16,133.618,intensity_manipulation,Medium
14.547,5.641,-4.953,120.56,intensity_manipulation,Low
11.156,-7.998,4.571,255.0,intensity_manipulation,Medium
-16.31748036539822,-12.26187896852047,-0.293,94.906,spoofing,Low
19.120767935511637,-7.4413491428758185,4.115,219.496,spoofing,Low
33.62289140741856,5.053522363400363,10.826089307746415,208.4,jamming,High
-0.529,-17.465,-0.594,109.5765,intensity_manipulation,Low
49.19948907211393,-38.54694690388912,1.2078256273776273,196.87,jamming,Medium
-21.392437845918344,5.754066308431546,1.0899021621033742,10.528,jamming,Low
-32.473,-5.85,-3.511,255.0,intensity_manipulation,High
53.529951534961654,3.1462022949319213,-1.175,209.897,spoofing,High
-24.262,-27.284,1.731,175.494,intensity_manipulation,Medium
-36.764,-39.695,-2.516,255.0,intensity_manipulation,Medium
54.26802264121481,-24.490309593452004,-2.52,30.087,spoofing,Medium
15.523,36.138,-0.834,14.326,intensity_manipulation,Low
-43.437,1.958,3.574,255.0,intensity_manipulation,Medium
-24.67388739135824,-43.41096940837143,-0.045,53.653,spoofing,Low
-13.252320230559693,36.709121806630705,-4.062,21.071,spoofing,Low
-16.386945410630048,34.41355204590033,-0.420517679555527,209.358,jamming,Low
-36.94363089079134,-12.872313107694314,-2.175,122.528,spoofing,Low
42.175,-19.913,1.262,255.0,intensity_manipulation,High
25.191562945903108,-1.7420282521569703,1.642,197.174,spoofing,High
38.002,47.152,-2.356,249.974,intensity_manipulation,Medium
-33.342,-5.362,0.481,183.2,intensity_manipulation,High
42.789,-13.573,3.082,119.99,intensity_manipulation,Medium
1.2692633556963362,-37.84098644387429,-1.0691099259836787,132.694,jamming,Low
28.64246642713967,-16.704374383107094,3.39,15.654,spoofing,Medium
17.01780098339766,-39.47480973806521,1.424,59.697,spoofing,High
-7.05,-30.933,3.74,72.0515,intensity_manipulation,Low
50.416976573651574,-19.59413010941517,0.2680664276682748,102.243,jamming,Medium
24.802,-24.954,4.085,255.0,intensity_manipulation,Medium
34.6,-38.891,1.419,255.0,intensity_manipulation,High
42.429954781395935,49.18952731183363,0.7236310299338564,159.001,jamming,Medium
43.99097963258172,-26.266606725471647,-1.1360712907278674,138.686,jamming,Medium
44.70208877659542,52.01873875103673,0.30586243309321715,215.584,jamming,Medium
40.962,24.613,1.637,54.2315,intensity_manipulation,Low
-21.758,-22.265,4.917,255.0,intensity_manipulation,Medium
-34.968,-23.825,3.793,255.0,intensity_manipulation,Medium
49.80850314107682,15.56533804575157,-2.0063899903644162,119.285,jamming,Low
10.176,-28.96,-4.868,165.568,intensity_manipulation,Medium
-8.689,-1.597,1.474,255.0,intensity_manipulation,High
-32.175,37.73,-0.365,255.0,intensity_manipulation,Medium
35.81228264765272,-26.298259275960245,-1.3716024070585462,3.322,jamming,Low
-24.929883163920664,-23.113878959048677,5.627060090038947,47.945,jamming,Medium
29.603283830312257,-12.210530835939526,2.04454255491404,73.639,jamming,High
6.298,-21.231,-4.474,195.408,intensity_manipulation,Medium
-21.332616025758682,-33.71529318883387,-1.7503442443039,96.934,jamming,High
36.356,-24.704,1.6,120.3455,intensity_manipulation,Low
-5.723794838030798,40.84294341328042,-0.424,26.276,spoofing,Medium
-44.528838157949174,38.35825337818893,-2.796,204.886,spoofing,Low
-15.58549339827311,-10.621864258796368,-1.8730926522656421,21.825,jamming,Medium
-1.1523957087256578,-47.193536925049905,1.5534313139039087,90.933,jamming,Low
-31.030966467983525,-23.005116407476635,0.034,13.092,spoofing,Medium
-2.572,-22.875,-4.38,255.0,intensity_manipulation,High
6.0661669187540825,-22.139560459337922,3.1252896510527535,44.417,jamming,Low
19.86682385262998,-3.468080492245101,-0.9418801857377974,179.562,jamming,Medium
24.971,17.263,0.82,255.0,intensity_manipulation,Medium
-45.23815897440413,-33.23527134874852,-4.207536258564027,139.488,jamming,Medium
-7.889274791717792,-12.143612968809794,-3.737,232.865,spoofing,Medium
-46.17990963089842,7.2462085038821975,-3.8497971118876118,103.033,jamming,Low
40.27535618879314,43.495027328192485,2.8320795929813776,198.542,jamming,Low
38.55520621436549,-13.690548547203214,0.844,248.905,spoofing,Low
25.52,37.877,-3.829,255.0,intensity_manipulation,High
-46.506910787659265,42.89379229969835,1.0663999982780283,91.598,jamming,High
-37.995,-19.749,-4.076,255.0,intensity_manipulation,Medium
24.097965283569383,-9.968058743930026,2.801381583244999,231.959,jamming,Medium
-34.258,46.717,-4.803,70.2855,intensity_manipulation,Low
-21.46976372601607,6.384375520925481,-3.636,41.962,spoofing,Medium
-17.286834406250854,32.82471857903895,-3.904,43.452,spoofing,Medium
-42.095277035017155,-56.02522056106642,7.113537587652148,86.596,jamming,High
-6.7203776199177305,-22.417789655633886,-1.2037702993876942,21.021,jamming,Low
-47.682,-44.802,-3.897,8.513,intensity_manipulation,Low
17.879,46.261,-4.857,255.0,intensity_manipulation,Medium
21.657,28.532,-1.027,255.0,intensity_manipulation,High
15.4762495514025,-33.86101168248895,-0.23,61.234,spoofing,High
-45.2632286382918,36.13469467117967,0.8648133709326611,92.93,jamming,Low
-48.591749967830225,33.02819265996132,-3.0858000599393587,85.129,jamming,Medium
35.758,-22.314,1.171,3.536,intensity_manipulation,Low
32.96063128589107,44.30783469436406,1.052,250.368,spoofing,Low
59.16781120659225,-16.220102399009356,-1.44,142.724,spoofing,High
-22.261558001319855,-5.485877042105374,-1.915,129.589,spoofing,Medium
-25.919,29.716,-4.429,255.0,intensity_manipulation,Medium
41.37237118045691,38.691913184975085,2.331,2.942,spoofing,Low
20.548304501061665,-39.35940002852585,3.704360815277414,211.686,jamming,Low
-12.945693218857034,28.676746155134623,8.217879608740457,183.055,jamming,High
2.9684008106141313,26.187727078680503,-2.613,134.331,spoofing,High
-3.1614225101845026,41.09925490308023,-2.0707583035696953,16.531,jamming,High
14.092,-17.811,2.902,255.0,intensity_manipulation,Medium
-9.682224817728901,-49.20778791442853,-3.3131633333044155,32.587,jamming,High
-20.653976044183885,0.17648559266213226,-2.391,154.232,spoofing,Low
3.806409857532537,-6.700009326366717,1.5946199368760139,19.549,jamming,Medium
0.06281520923904704,-24.727175454972713,-3.647,184.108,spoofing,Low
1.94,24.814,2.508,179.662,intensity_manipulation,Medium
37.22898444916684,-45.29762393003421,-3.8034640002005835,39.348,jamming,High
7.7567603510575305,28.75693825473322,-1.0671545310653283,196.684,jamming,Medium
43.525451702497676,-43.28513529807288,-3.019,39.073,spoofing,Low
2.567475411781135,-11.584899928697123,-0.3548592106442712,162.845,jamming,Medium
6.433155228345422,22.58283979108713,4.965,195.506,spoofing,High
0.9440388764881407,32.986915212094026,1.984,170.593,spoofing,Medium
-9.33,-49.851,4.826,117.328,intensity_manipulation,Medium
26.759357534810988,12.455994349394913,3.046,238.971,spoofing,Medium
24.70634979848485,5.710994709676189,1.0079184671104038,241.742,jamming,High
7.517426627965692,40.99654697627639,-1.168,226.763,spoofing,Low
63.751906393505664,0.8692443612887626,4.813,56.166,spoofing,Medium
34.30308108675519,-0.5429314773648173,-3.071029351668832,133.209,jamming,Medium
48.28067113110535,16.89798565362553,-8.431409269413749,110.276,jamming,High
20.264607340854695,8.071056767872255,3.209,81.338,spoofing,Medium
-34.57710556719016,27.628185311693997,2.6863920221001285,135.367,jamming,High
36.263,-31.553,-3.174,109.3635,intensity_manipulation,Low
-12.548923452746187,-49.79017509489483,5.652448637311422,19.97,jamming,High
-55.03986656262056,-19.802164752422474,0.145,106.083,spoofing,Medium
-4.86132627175717,-23.26651438640556,-5.630046034010665,13.397,jamming,Low
46.4772904730821,-34.007740900018476,3.72,97.56,spoofing,High
-11.273787267462355,54.93462634806136,2.988,236.904,spoofing,Low
48.765,42.304,1.445,58.914,intensity_manipulation,Medium
23.91,30.514,-0.616,13.9335,intensity_manipulation,Low
3.123841101559819,-40.22110627009573,-0.227,155.786,spoofing,Medium
-8.241462958832702,-37.68746290091365,-6.913653774295338,46.175,jamming,Medium
-18.101,-21.118,0.472,255.0,intensity_manipulation,High
-37.23383218875258,3.231875741641282,3.861,51.323,spoofing,Low
0.869,-1.911,4.647,255.0,intensity_manipulation,Medium
-46.806114546348496,16.405270783407524,-2.582233944967364,99.52,jamming,Low
-1.1446799887631198,13.980553101831802,2.1719763662947758,198.968,jamming,Low
-32.56629224616332,47.70155651858379,-8.160259669935105,123.672,jamming,Medium
23.668224094480163,19.28288214305844,1.8617380492461368,238.284,jamming,High
-39.32243690513667,28.956736804542068,-3.680587705498589,188.28,jamming,High
-47.511,-16.793,4.895,6.946,intensity_manipulation,Low
5.423,32.16,1.076,255.0,intensity_manipulation,Medium
-17.148578352527284,31.158795609259563,-3.81,94.376,spoofing,Low
50.530829291272006,-10.158099104821554,-2.49,203.161,spoofing,Medium
6.12434212204606,39.816843727791706,1.9122464204164347,123.731,jamming,Low
-62.05612777619178,13.533281583714306,0.771,239.899,spoofing,High
-11.81,35.082,1.441,255.0,intensity_manipulation,High
-26.17126227559953,-28.21011704708205,-0.299,224.738,spoofing,Medium
4.136,-41.136,4.903,255.0,intensity_manipulation,High
17.30568381883102,27.931986177965076,4.174,166.327,spoofing,Medium
-1.2753756894628197,18.623137828571426,3.7389758811476943,8.714,jamming,Low
37.620488930047536,33.611017001777924,4.048,159.428,spoofing,Medium
-19.600572849531183,-36.2311360507934,0.944,5.884,spoofing,Medium
-14.554,-33.369,1.883,26.628,intensity_manipulation,Medium
-5.993171505496522,45.06721414987944,2.042600770588371,93.764,jamming,Low
-62.779447478137335,2.7870293783918854,0.533,116.882,spoofing,High
-4.198300019320087,31.152908147400165,3.266313421669559,136.227,jamming,Medium
-38.736896122565945,35.778000156773665,5.825670604415315,38.116,jamming,High
9.872,39.724,1.767,255.0,intensity_manipulation,High
-21.73537878036288,-14.336523308355469,-2.1824272287806137,92.845,jamming,Medium
-3.47663711678022,45.29405457226396,-2.298,243.622,spoofing,Low
-54.63248754726019,24.697608380614103,4.252,112.344,spoofing,Medium
-5.879,-49.778,3.552,22.918,intensity_manipulation,Medium
-23.239892049434815,10.437963200686553,-2.725915019923434,48.36,jamming,Medium
-13.517,18.365,0.341,255.0,intensity_manipulation,High
33.28327088193693,-17.414489586934977,-1.099,74.791,spoofing,Low
-14.276,-27.822,0.023,52.0635,intensity_manipulation,Low
29.173464764664274,18.339394343754307,-0.4333946446849915,140.531,jamming,High
-46.26783363364665,-14.149523092211693,-3.609,31.341,spoofing,Low
17.41,22.203,4.331,255.0,intensity_manipulation,High
23.12755178513283,-3.3766721608672134,5.0789270135065046,185.309,jamming,Low
20.227875516047682,27.464319795703304,3.8823613234229253,33.033,jamming,High
-38.98731639321164,0.1536345039584992,3.534,73.994,spoofing,Low
24.328513249486935,36.3436715473703,2.819843686284421,38.773,jamming,Medium
-49.24047575490379,-22.3631188048994,9.982988078881553,27.765,jamming,High
40.41717268170679,-38.644825909249704,-4.999267070302773,47.678,jamming,Low
32.9662861103963,-2.4520682424940183,8.147314346227898,226.699,jamming,High
-5.573,29.271,-4.017,148.71,intensity_manipulation,Medium
11.326947211180412,-3.2413605822218043,4.167,226.764,spoofing,Low
1.3630642961252306,-1.4990037546872657,4.533,45.257,spoofing,High
-16.607,-37.536,3.353,95.2305,intensity_manipulation,Low
-28.930037753819793,6.292086507244914,-3.397,51.356,spoofing,High
-42.124,39.726,-0.884,16.125,intensity_manipulation,Low
-27.15413425377754,-48.02754469168961,2.942742622569213,197.214,jamming,Medium
-33.833,-25.146,2.087,255.0,intensity_manipulation,Medium
-37.309,18.106,-2.52,228.776,intensity_manipulation,Medium
-49.92178725444734,31.09503648989199,4.598,250.854,spoofing,Low
-39.001232716958405,16.236762170916002,-0.2210352443308028,218.12,jamming,High
-29.400347822583857,40.72051942886912,-1.8677178990259777,3.29,jamming,Low
10.890804680986552,52.2239931693512,-4.946,3.083,spoofing,Low
0.5302512942521833,28.130715388026584,-0.13829222977455524,17.362,jamming,High
2.3988268701185604,-37.740311906343926,-3.0526775968898088,244.898,jamming,Medium
-28.297,40.924,0.705,31.614,intensity_manipulation,Medium
25.409343944099838,-37.03992002083872,-3.0715605623796276,162.832,jamming,Low
20.063,-28.986,2.733,107.78,intensity_manipulation,High
-29.18498482945853,4.6279586104319375,-0.533,130.677,spoofing,Medium
-49.185,29.0,-1.99,255.0,intensity_manipulation,Medium
-24.887,-12.883,-2.078,133.115,intensity_manipulation,High
31.822205792000585,-13.816662999912456,4.5,252.516,spoofing,High
-23.802,-39.706,3.751,63.7105,intensity_manipulation,Low
-23.017164022805467,-23.884791745607625,-4.302425174697156,123.077,jamming,Medium
41.14634155528905,63.71861662375501,-1.113,167.964,spoofing,Medium
-20.489764043376553,-17.67192172134363,-3.827,199.645,spoofing,Low
33.44659203580086,13.50479613390781,4.229,87.942,spoofing,Medium
-41.811,40.786,4.529,41.715,intensity_manipulation,High
39.09350242242658,-31.906155659032006,-3.284,168.324,spoofing,Low
-24.213,-5.534,-3.944,13.865,intensity_manipulation,Low
-17.488580422910992,2.696924987513654,7.192652203707467,162.71,jamming,High
-21.104,-13.443,-1.916,138.32,intensity_manipulation,Medium
-5.300193827049494,12.886042791994655,3.203,65.749,spoofing,Low
30.053992542185178,42.807772923761654,2.869,86.749,spoofing,Low
-35.607,36.079,-3.576,197.77,intensity_manipulation,Medium
13.232383485180168,-5.51552970750393,-4.858,16.653,spoofing,Medium
12.8762398775103,-50.50937073129652,2.425,130.869,spoofing,Medium
13.8057102269129,38.970096635663175,-4.294,123.655,spoofing,Medium
-12.83872511893387,46.54415631170708,-1.858,65.124,spoofing,High
25.08647284079949,-55.87302531375944,1.551,174.136,spoofing,Low
-16.11546908459432,7.92547002078047,0.293,212.815,spoofing,High
-42.065,44.094,0.176,255.0,intensity_manipulation,High
25.261,6.937,4.139,206.954,intensity_manipulation,Medium
-28.527744912922483,21.199064118825373,0.318,40.377,spoofing,High
-45.07852624090523,46.371422305077616,-0.39212492315818626,224.561,jamming,Medium
25.89787336082958,-37.64611394624116,-5.699854043638541,145.049,jamming,Medium
-9.272,-6.548,-1.643,255.0,intensity_manipulation,Medium
-18.104939998836368,26.421334350612437,-4.962466134501749,165.632,jamming,Medium
-19.546861694347907,23.502955868455086,4.756,224.141,spoofing,Medium
5.917,3.875,4.741,76.7125,intensity_manipulation,Low
0.171,6.671,-0.529,255.0,intensity_manipulation,Medium
-26.206094383746983,39.15759477067216,2.4522411718597947,76.497,jamming,High
16.791,39.383,1.976,3.879,intensity_manipulation,Low
-41.579,-48.885,-3.365,7.16,intensity_manipulation,High
-13.806370501534849,16.4752820634862,2.064,5.934,spoofing,High
37.182188470284544,11.074322563335759,-0.084,220.998,spoofing,Medium
-21.874769400953163,-14.768764002462103,2.142,182.994,spoofing,Medium
27.971,3.574,0.089,115.64,intensity_manipulation,Medium
15.58293503199061,16.054693134407003,0.764,205.204,spoofing,High
-31.7549939703409,47.73297162360846,-2.723,200.047,spoofing,Medium
-50.62287606937791,-15.21561099975565,-3.9365041908756324,159.274,jamming,High
-58.1774761103506,-30.897423022077508,0.455,210.543,spoofing,High
15.932063868554792,-31.889566305232815,3.6789123975898006,34.164,jamming,Low
-13.974,20.588,0.151,255.0,intensity_manipulation,High
11.4315026719046,-46.33346359014277,-1.683860551443039,64.791,jamming,Medium
16.267,12.901,-1.048,255.0,intensity_manipulation,High
32.75450017600926,20.67962594166103,-1.196,111.327,spoofing,Medium
8.448953085701234,53.482593640356534,-1.005,17.333,spoofing,Medium
66.18147830478716,45.64359927685206,1.767,95.03,spoofing,Medium
-43.17337442072153,-19.22109412539205,-0.03884212217575911,157.05,jamming,Medium
-25.560971679317248,-30.572216615368824,13.812404178867828,102.086,jamming,Medium
-52.76087721633239,28.003429631108936,-2.489,225.185,spoofing,Low
-51.738882641365905,-46.27354795792482,3.106,211.263,spoofing,High
7.241811675774481,-23.102187575699148,-1.9986458827292009,188.225,jamming,Low
-20.472224745440634,19.16309296781532,0.407,125.934,spoofing,Low
38.664,24.194,2.787,28.908,intensity_manipulation,Low
-35.425678154622766,-48.73652745782361,5.100153417454974,227.961,jamming,Medium
-32.902,12.125,2.222,255.0,intensity_manipulation,Medium
25.318,-35.512,-2.222,51.9635,intensity_manipulation,Low
37.10456168361379,-38.38497569851775,-4.695,10.893,spoofing,Low
37.525106164161,21.02553048906323,3.695,130.889,spoofing,High
34.07,-29.949,-1.669,126.9475,intensity_manipulation,Low
3.7557597562505514,12.962347416194264,0.119,104.271,spoofing,High
-25.3182441521042,-18.1022005267902,3.4375862857419275,46.181,jamming,High
-49.260770449139805,-65.28096356405537,1.442,69.379,spoofing,High
44.423,-32.471,0.935,255.0,intensity_manipulation,Medium
42.836,10.697,0.223,255.0,intensity_manipulation,High
-32.927,-33.236,2.91,27.3995,intensity_manipulation,Low
-25.32011653234716,33.21163623715257,2.2908873752418906,8.549,jamming,Low
22.080171329447843,44.49448893716521,3.0392921298059115,165.952,jamming,Low
45.358,-9.927,-3.614,255.0,intensity_manipulation,High
-46.611,-34.374,-4.831,231.276,intensity_manipulation,Medium
41.286,-43.356,4.512,17.5105,intensity_manipulation,Low
14.330360929655603,18.743160552913505,9.283359817364659,109.342,jamming,High
23.014401085377866,42.08783946912967,-3.986,4.371,spoofing,Medium
12.631223334826805,-44.19936467467191,-1.5518607691220432,24.966,jamming,Low
24.890761459571877,-20.87938569241377,1.647,216.835,spoofing,Low
17.129109335863202,-24.341407578158503,-4.365929841752558,65.929,jamming,Low
-20.89785587534081,42.736282115968834,2.5209083417412987,159.384,jamming,Low
-37.67955335769989,-9.982413294230936,-0.4473887428443384,52.28,jamming,Low
19.674,-35.756,1.831,152.745,intensity_manipulation,High
53.18671842511696,5.252113620017161,0.224,117.792,spoofing,Low
-26.976662030480227,5.212817716534275,1.713,65.522,spoofing,High
7.79,34.017,-3.403,157.28,intensity_manipulation,Medium
20.733136917522376,28.539615996670662,3.8899658074872083,230.283,jamming,Low
-19.952,17.463,-2.582,255.0,intensity_manipulation,High
-46.397,-16.755,1.62,23.986,intensity_manipulation,Medium
-34.873367518857485,16.035694831233474,-2.579953085178734,176.653,jamming,Low
